n_vars,trial,expr_style,operator_pair_style,operator_diff_mode,operator_a,operator_b,quotient_a_minus_b_name,quotient_b_minus_a_name,symmetric_delta_name,overlap_name,same_operator,basis_vars,row_vars,col_vars,basis_aligned,basis_alignment_note,dense_shape,dense_elements,quotient_a_minus_b_matrix,quotient_b_minus_a_matrix,symmetric_delta_matrix,cm_quotient_a_minus_b_time_s,cm_quotient_b_minus_a_time_s,cm_symmetric_delta_time_s,cm_quotient_total_time_s,features_a,features_b,overlap_features,a_minus_b_features,b_minus_a_features,symmetric_delta_features,a_contains_b,b_contains_a,jaccard_features,semantic_delta_density,semantic_equivalent,structural_same,opdiff_semantic_equivalent,opdiff_structural_same
2,0,operator_table_2x2,operator_table_2x2,cm_quotient,TRUE,TRUE,FALSE,FALSE,FALSE,TRUE,True,"X,Y","X,!X","Y,!Y",True,"2x2 canonical rows X,!X and columns Y,!Y",2x2,4,00;00,00;00,00;00,0.0,0.0,0.0,0.0,4,4,4,0,0,0,True,True,1.0,,True,True,True,True
2,1,operator_table_2x2,operator_table_2x2,cm_quotient,TRUE,FALSE,TRUE,FALSE,TRUE,FALSE,False,"X,Y","X,!X","Y,!Y",True,"2x2 canonical rows X,!X and columns Y,!Y",2x2,4,11;11,00;00,11;11,0.0,0.0,0.0,0.0,4,0,0,4,0,4,True,False,0.0,,False,False,False,False
2,2,operator_table_2x2,operator_table_2x2,cm_quotient,TRUE,EQV,XOR,FALSE,XOR,EQV,False,"X,Y","X,!X","Y,!Y",True,"2x2 canonical rows X,!X and columns Y,!Y",2x2,4,01;10,00;00,01;10,0.0,0.0,0.0,0.0,4,2,2,2,0,2,True,False,0.5,,False,False,False,False
2,3,operator_table_2x2,operator_table_2x2,cm_quotient,TRUE,XOR,EQV,FALSE,EQV,XOR,False,"X,Y","X,!X","Y,!Y",True,"2x2 canonical rows X,!X and columns Y,!Y",2x2,4,10;01,00;00,10;01,0.0,0.0,0.0,0.0,4,2,2,2,0,2,True,False,0.5,,False,False,False,False
2,4,operator_table_2x2,operator_table_2x2,cm_quotient,TRUE,AND,NAND,FALSE,NAND,AND,False,"X,Y","X,!X","Y,!Y",True,"2x2 canonical rows X,!X and columns Y,!Y",2x2,4,01;11,00;00,01;11,0.0,0.0,0.0,0.0,4,1,1,3,0,3,True,False,0.25,,False,False,False,False
2,5,operator_table_2x2,operator_table_2x2,cm_quotient,TRUE,NOR,OR,FALSE,OR,NOR,False,"X,Y","X,!X","Y,!Y",True,"2x2 canonical rows X,!X and columns Y,!Y",2x2,4,11;10,00;00,11;10,0.0,0.0,0.0,0.0,4,1,1,3,0,3,True,False,0.25,,False,False,False,False
2,6,operator_table_2x2,operator_table_2x2,cm_quotient,TRUE,X_AND_NOT_Y,IMP,FALSE,IMP,X_AND_NOT_Y,False,"X,Y","X,!X","Y,!Y",True,"2x2 canonical rows X,!X and columns Y,!Y",2x2,4,10;11,00;00,10;11,0.0,0.0,0.0,0.0,4,1,1,3,0,3,True,False,0.25,,False,False,False,False
2,7,operator_table_2x2,operator_table_2x2,cm_quotient,TRUE,NOT_X_AND_Y,RIMP,FALSE,RIMP,NOT_X_AND_Y,False,"X,Y","X,!X","Y,!Y",True,"2x2 canonical rows X,!X and columns Y,!Y",2x2,4,11;01,00;00,11;01,0.0,0.0,0.0,0.0,4,1,1,3,0,3,True,False,0.25,,False,False,False,False
2,8,operator_table_2x2,operator_table_2x2,cm_quotient,TRUE,IMP,X_AND_NOT_Y,FALSE,X_AND_NOT_Y,IMP,False,"X,Y","X,!X","Y,!Y",True,"2x2 canonical rows X,!X and columns Y,!Y",2x2,4,01;00,00;00,01;00,0.0,0.0,0.0,0.0,4,3,3,1,0,1,True,False,0.75,,False,False,False,False
2,9,operator_table_2x2,operator_table_2x2,cm_quotient,TRUE,RIMP,NOT_X_AND_Y,FALSE,NOT_X_AND_Y,RIMP,False,"X,Y","X,!X","Y,!Y",True,"2x2 canonical rows X,!X and columns Y,!Y",2x2,4,00;10,00;00,00;10,0.0,0.0,0.0,0.0,4,3,3,1,0,1,True,False,0.75,,False,False,False,False
2,10,operator_table_2x2,operator_table_2x2,cm_quotient,TRUE,OR,NOR,FALSE,NOR,OR,False,"X,Y","X,!X","Y,!Y",True,"2x2 canonical rows X,!X and columns Y,!Y",2x2,4,00;01,00;00,00;01,0.0,0.0,0.0,0.0,4,3,3,1,0,1,True,False,0.75,,False,False,False,False
2,11,operator_table_2x2,operator_table_2x2,cm_quotient,TRUE,NAND,AND,FALSE,AND,NAND,False,"X,Y","X,!X","Y,!Y",True,"2x2 canonical rows X,!X and columns Y,!Y",2x2,4,10;00,00;00,10;00,0.0,0.0,0.0,0.0,4,3,3,1,0,1,True,False,0.75,,False,False,False,False
2,12,operator_table_2x2,operator_table_2x2,cm_quotient,TRUE,R,NOT_R,FALSE,NOT_R,R,False,"X,Y","X,!X","Y,!Y",True,"2x2 canonical rows X,!X and columns Y,!Y",2x2,4,01;01,00;00,01;01,0.0,0.0,0.0,0.0,4,2,2,2,0,2,True,False,0.5,,False,False,False,False
2,13,operator_table_2x2,operator_table_2x2,cm_quotient,TRUE,NOT_R,R,FALSE,R,NOT_R,False,"X,Y","X,!X","Y,!Y",True,"2x2 canonical rows X,!X and columns Y,!Y",2x2,4,10;10,00;00,10;10,0.0,0.0,0.0,0.0,4,2,2,2,0,2,True,False,0.5,,False,False,False,False
2,14,operator_table_2x2,operator_table_2x2,cm_quotient,TRUE,L,NOT_L,FALSE,NOT_L,L,False,"X,Y","X,!X","Y,!Y",True,"2x2 canonical rows X,!X and columns Y,!Y",2x2,4,00;11,00;00,00;11,0.0,0.0,0.0,0.0,4,2,2,2,0,2,True,False,0.5,,False,False,False,False
2,15,operator_table_2x2,operator_table_2x2,cm_quotient,TRUE,NOT_L,L,FALSE,L,NOT_L,False,"X,Y","X,!X","Y,!Y",True,"2x2 canonical rows X,!X and columns Y,!Y",2x2,4,11;00,00;00,11;00,0.0,0.0,0.0,0.0,4,2,2,2,0,2,True,False,0.5,,False,False,False,False
2,16,operator_table_2x2,operator_table_2x2,cm_quotient,FALSE,TRUE,FALSE,TRUE,TRUE,FALSE,False,"X,Y","X,!X","Y,!Y",True,"2x2 canonical rows X,!X and columns Y,!Y",2x2,4,00;00,11;11,11;11,0.0,0.0,0.0,0.0,0,4,0,0,4,4,False,True,0.0,,False,False,False,False
2,17,operator_table_2x2,operator_table_2x2,cm_quotient,FALSE,FALSE,FALSE,FALSE,FALSE,FALSE,True,"X,Y","X,!X","Y,!Y",True,"2x2 canonical rows X,!X and columns Y,!Y",2x2,4,00;00,00;00,00;00,0.0,0.0,0.0,0.0,0,0,0,0,0,0,True,True,1.0,,True,True,True,True
2,18,operator_table_2x2,operator_table_2x2,cm_quotient,FALSE,EQV,FALSE,EQV,EQV,FALSE,False,"X,Y","X,!X","Y,!Y",True,"2x2 canonical rows X,!X and columns Y,!Y",2x2,4,00;00,10;01,10;01,0.0,0.0,0.0,0.0,0,2,0,0,2,2,False,True,0.0,,False,False,False,False
2,19,operator_table_2x2,operator_table_2x2,cm_quotient,FALSE,XOR,FALSE,XOR,XOR,FALSE,False,"X,Y","X,!X","Y,!Y",True,"2x2 canonical rows X,!X and columns Y,!Y",2x2,4,00;00,01;10,01;10,0.0,0.0,0.0,0.0,0,2,0,0,2,2,False,True,0.0,,False,False,False,False
2,20,operator_table_2x2,operator_table_2x2,cm_quotient,FALSE,AND,FALSE,AND,AND,FALSE,False,"X,Y","X,!X","Y,!Y",True,"2x2 canonical rows X,!X and columns Y,!Y",2x2,4,00;00,10;00,10;00,0.0,0.0,0.0,0.0,0,1,0,0,1,1,False,True,0.0,,False,False,False,False
2,21,operator_table_2x2,operator_table_2x2,cm_quotient,FALSE,NOR,FALSE,NOR,NOR,FALSE,False,"X,Y","X,!X","Y,!Y",True,"2x2 canonical rows X,!X and columns Y,!Y",2x2,4,00;00,00;01,00;01,0.0,0.0,0.0,0.0,0,1,0,0,1,1,False,True,0.0,,False,False,False,False
2,22,operator_table_2x2,operator_table_2x2,cm_quotient,FALSE,X_AND_NOT_Y,FALSE,X_AND_NOT_Y,X_AND_NOT_Y,FALSE,False,"X,Y","X,!X","Y,!Y",True,"2x2 canonical rows X,!X and columns Y,!Y",2x2,4,00;00,01;00,01;00,0.0,0.0,0.0,0.0,0,1,0,0,1,1,False,True,0.0,,False,False,False,False
2,23,operator_table_2x2,operator_table_2x2,cm_quotient,FALSE,NOT_X_AND_Y,FALSE,NOT_X_AND_Y,NOT_X_AND_Y,FALSE,False,"X,Y","X,!X","Y,!Y",True,"2x2 canonical rows X,!X and columns Y,!Y",2x2,4,00;00,00;10,00;10,0.0,0.0,0.0,0.0,0,1,0,0,1,1,False,True,0.0,,False,False,False,False
2,24,operator_table_2x2,operator_table_2x2,cm_quotient,FALSE,IMP,FALSE,IMP,IMP,FALSE,False,"X,Y","X,!X","Y,!Y",True,"2x2 canonical rows X,!X and columns Y,!Y",2x2,4,00;00,10;11,10;11,0.0,0.0,0.0,0.0,0,3,0,0,3,3,False,True,0.0,,False,False,False,False
2,25,operator_table_2x2,operator_table_2x2,cm_quotient,FALSE,RIMP,FALSE,RIMP,RIMP,FALSE,False,"X,Y","X,!X","Y,!Y",True,"2x2 canonical rows X,!X and columns Y,!Y",2x2,4,00;00,11;01,11;01,0.0,0.0,0.0,0.0,0,3,0,0,3,3,False,True,0.0,,False,False,False,False
2,26,operator_table_2x2,operator_table_2x2,cm_quotient,FALSE,OR,FALSE,OR,OR,FALSE,False,"X,Y","X,!X","Y,!Y",True,"2x2 canonical rows X,!X and columns Y,!Y",2x2,4,00;00,11;10,11;10,0.0,0.0,0.0,0.0,0,3,0,0,3,3,False,True,0.0,,False,False,False,False
2,27,operator_table_2x2,operator_table_2x2,cm_quotient,FALSE,NAND,FALSE,NAND,NAND,FALSE,False,"X,Y","X,!X","Y,!Y",True,"2x2 canonical rows X,!X and columns Y,!Y",2x2,4,00;00,01;11,01;11,0.0,0.0,0.0,0.0,0,3,0,0,3,3,False,True,0.0,,False,False,False,False
2,28,operator_table_2x2,operator_table_2x2,cm_quotient,FALSE,R,FALSE,R,R,FALSE,False,"X,Y","X,!X","Y,!Y",True,"2x2 canonical rows X,!X and columns Y,!Y",2x2,4,00;00,10;10,10;10,0.0,0.0,0.0,0.0,0,2,0,0,2,2,False,True,0.0,,False,False,False,False
2,29,operator_table_2x2,operator_table_2x2,cm_quotient,FALSE,NOT_R,FALSE,NOT_R,NOT_R,FALSE,False,"X,Y","X,!X","Y,!Y",True,"2x2 canonical rows X,!X and columns Y,!Y",2x2,4,00;00,01;01,01;01,0.0,0.0,0.0,0.0,0,2,0,0,2,2,False,True,0.0,,False,False,False,False
2,30,operator_table_2x2,operator_table_2x2,cm_quotient,FALSE,L,FALSE,L,L,FALSE,False,"X,Y","X,!X","Y,!Y",True,"2x2 canonical rows X,!X and columns Y,!Y",2x2,4,00;00,11;00,11;00,0.0,0.0,0.0,0.0,0,2,0,0,2,2,False,True,0.0,,False,False,False,False
2,31,operator_table_2x2,operator_table_2x2,cm_quotient,FALSE,NOT_L,FALSE,NOT_L,NOT_L,FALSE,False,"X,Y","X,!X","Y,!Y",True,"2x2 canonical rows X,!X and columns Y,!Y",2x2,4,00;00,00;11,00;11,0.0,0.0,0.0,0.0,0,2,0,0,2,2,False,True,0.0,,False,False,False,False
2,32,operator_table_2x2,operator_table_2x2,cm_quotient,EQV,TRUE,FALSE,XOR,XOR,EQV,False,"X,Y","X,!X","Y,!Y",True,"2x2 canonical rows X,!X and columns Y,!Y",2x2,4,00;00,01;10,01;10,0.0,0.0,0.0,0.0,2,4,2,0,2,2,False,True,0.5,,False,False,False,False
2,33,operator_table_2x2,operator_table_2x2,cm_quotient,EQV,FALSE,EQV,FALSE,EQV,FALSE,False,"X,Y","X,!X","Y,!Y",True,"2x2 canonical rows X,!X and columns Y,!Y",2x2,4,10;01,00;00,10;01,0.0,0.0,0.0,0.0,2,0,0,2,0,2,True,False,0.0,,False,False,False,False
2,34,operator_table_2x2,operator_table_2x2,cm_quotient,EQV,EQV,FALSE,FALSE,FALSE,EQV,True,"X,Y","X,!X","Y,!Y",True,"2x2 canonical rows X,!X and columns Y,!Y",2x2,4,00;00,00;00,00;00,0.0,0.0,0.0,0.0,2,2,2,0,0,0,True,True,1.0,,True,True,True,True
2,35,operator_table_2x2,operator_table_2x2,cm_quotient,EQV,XOR,EQV,XOR,TRUE,FALSE,False,"X,Y","X,!X","Y,!Y",True,"2x2 canonical rows X,!X and columns Y,!Y",2x2,4,10;01,01;10,11;11,0.0,0.0,0.0,0.0,2,2,0,2,2,4,False,False,0.0,,False,False,False,False
2,36,operator_table_2x2,operator_table_2x2,cm_quotient,EQV,AND,NOR,FALSE,NOR,AND,False,"X,Y","X,!X","Y,!Y",True,"2x2 canonical rows X,!X and columns Y,!Y",2x2,4,00;01,00;00,00;01,0.0,0.0,0.0,0.0,2,1,1,1,0,1,True,False,0.5,,False,False,False,False
2,37,operator_table_2x2,operator_table_2x2,cm_quotient,EQV,NOR,AND,FALSE,AND,NOR,False,"X,Y","X,!X","Y,!Y",True,"2x2 canonical rows X,!X and columns Y,!Y",2x2,4,10;00,00;00,10;00,0.0,0.0,0.0,0.0,2,1,1,1,0,1,True,False,0.5,,False,False,False,False
2,38,operator_table_2x2,operator_table_2x2,cm_quotient,EQV,X_AND_NOT_Y,EQV,X_AND_NOT_Y,RIMP,FALSE,False,"X,Y","X,!X","Y,!Y",True,"2x2 canonical rows X,!X and columns Y,!Y",2x2,4,10;01,01;00,11;01,0.0,0.0,0.0,0.0,2,1,0,2,1,3,False,False,0.0,,False,False,False,False
2,39,operator_table_2x2,operator_table_2x2,cm_quotient,EQV,NOT_X_AND_Y,EQV,NOT_X_AND_Y,IMP,FALSE,False,"X,Y","X,!X","Y,!Y",True,"2x2 canonical rows X,!X and columns Y,!Y",2x2,4,10;01,00;10,10;11,0.0,0.0,0.0,0.0,2,1,0,2,1,3,False,False,0.0,,False,False,False,False
2,40,operator_table_2x2,operator_table_2x2,cm_quotient,EQV,IMP,FALSE,NOT_X_AND_Y,NOT_X_AND_Y,EQV,False,"X,Y","X,!X","Y,!Y",True,"2x2 canonical rows X,!X and columns Y,!Y",2x2,4,00;00,00;10,00;10,0.0,0.0,0.0,0.0,2,3,2,0,1,1,False,True,0.6666666666666666,,False,False,False,False
2,41,operator_table_2x2,operator_table_2x2,cm_quotient,EQV,RIMP,FALSE,X_AND_NOT_Y,X_AND_NOT_Y,EQV,False,"X,Y","X,!X","Y,!Y",True,"2x2 canonical rows X,!X and columns Y,!Y",2x2,4,00;00,01;00,01;00,0.0,0.0,0.0,0.0,2,3,2,0,1,1,False,True,0.6666666666666666,,False,False,False,False
2,42,operator_table_2x2,operator_table_2x2,cm_quotient,EQV,OR,NOR,XOR,NAND,AND,False,"X,Y","X,!X","Y,!Y",True,"2x2 canonical rows X,!X and columns Y,!Y",2x2,4,00;01,01;10,01;11,0.0,0.0,0.0,0.0,2,3,1,1,2,3,False,False,0.25,,False,False,False,False
2,43,operator_table_2x2,operator_table_2x2,cm_quotient,EQV,NAND,AND,XOR,OR,NOR,False,"X,Y","X,!X","Y,!Y",True,"2x2 canonical rows X,!X and columns Y,!Y",2x2,4,10;00,01;10,11;10,0.0,0.0,0.0,0.0,2,3,1,1,2,3,False,False,0.25,,False,False,False,False
2,44,operator_table_2x2,operator_table_2x2,cm_quotient,EQV,R,NOR,NOT_X_AND_Y,NOT_L,AND,False,"X,Y","X,!X","Y,!Y",True,"2x2 canonical rows X,!X and columns Y,!Y",2x2,4,00;01,00;10,00;11,0.0,0.0,0.0,0.0,2,2,1,1,1,2,False,False,0.3333333333333333,,False,False,False,False
2,45,operator_table_2x2,operator_table_2x2,cm_quotient,EQV,NOT_R,AND,X_AND_NOT_Y,L,NOR,False,"X,Y","X,!X","Y,!Y",True,"2x2 canonical rows X,!X and columns Y,!Y",2x2,4,10;00,01;00,11;00,0.0,0.0,0.0,0.0,2,2,1,1,1,2,False,False,0.3333333333333333,,False,False,False,False
2,46,operator_table_2x2,operator_table_2x2,cm_quotient,EQV,L,NOR,X_AND_NOT_Y,NOT_R,AND,False,"X,Y","X,!X","Y,!Y",True,"2x2 canonical rows X,!X and columns Y,!Y",2x2,4,00;01,01;00,01;01,0.0,0.0,0.0,0.0,2,2,1,1,1,2,False,False,0.3333333333333333,,False,False,False,False
2,47,operator_table_2x2,operator_table_2x2,cm_quotient,EQV,NOT_L,AND,NOT_X_AND_Y,R,NOR,False,"X,Y","X,!X","Y,!Y",True,"2x2 canonical rows X,!X and columns Y,!Y",2x2,4,10;00,00;10,10;10,0.0,0.0,0.0,0.0,2,2,1,1,1,2,False,False,0.3333333333333333,,False,False,False,False
2,48,operator_table_2x2,operator_table_2x2,cm_quotient,XOR,TRUE,FALSE,EQV,EQV,XOR,False,"X,Y","X,!X","Y,!Y",True,"2x2 canonical rows X,!X and columns Y,!Y",2x2,4,00;00,10;01,10;01,0.0,0.0,0.0,0.0,2,4,2,0,2,2,False,True,0.5,,False,False,False,False
2,49,operator_table_2x2,operator_table_2x2,cm_quotient,XOR,FALSE,XOR,FALSE,XOR,FALSE,False,"X,Y","X,!X","Y,!Y",True,"2x2 canonical rows X,!X and columns Y,!Y",2x2,4,01;10,00;00,01;10,0.0,0.0,0.0,0.0,2,0,0,2,0,2,True,False,0.0,,False,False,False,False
2,50,operator_table_2x2,operator_table_2x2,cm_quotient,XOR,EQV,XOR,EQV,TRUE,FALSE,False,"X,Y","X,!X","Y,!Y",True,"2x2 canonical rows X,!X and columns Y,!Y",2x2,4,01;10,10;01,11;11,0.0,0.0,0.0,0.0,2,2,0,2,2,4,False,False,0.0,,False,False,False,False
2,51,operator_table_2x2,operator_table_2x2,cm_quotient,XOR,XOR,FALSE,FALSE,FALSE,XOR,True,"X,Y","X,!X","Y,!Y",True,"2x2 canonical rows X,!X and columns Y,!Y",2x2,4,00;00,00;00,00;00,0.0,0.0,0.0,0.0,2,2,2,0,0,0,True,True,1.0,,True,True,True,True
2,52,operator_table_2x2,operator_table_2x2,cm_quotient,XOR,AND,XOR,AND,OR,FALSE,False,"X,Y","X,!X","Y,!Y",True,"2x2 canonical rows X,!X and columns Y,!Y",2x2,4,01;10,10;00,11;10,0.0,0.0,0.0,0.0,2,1,0,2,1,3,False,False,0.0,,False,False,False,False
2,53,operator_table_2x2,operator_table_2x2,cm_quotient,XOR,NOR,XOR,NOR,NAND,FALSE,False,"X,Y","X,!X","Y,!Y",True,"2x2 canonical rows X,!X and columns Y,!Y",2x2,4,01;10,00;01,01;11,0.0,0.0,0.0,0.0,2,1,0,2,1,3,False,False,0.0,,False,False,False,False
2,54,operator_table_2x2,operator_table_2x2,cm_quotient,XOR,X_AND_NOT_Y,NOT_X_AND_Y,FALSE,NOT_X_AND_Y,X_AND_NOT_Y,False,"X,Y","X,!X","Y,!Y",True,"2x2 canonical rows X,!X and columns Y,!Y",2x2,4,00;10,00;00,00;10,0.0,0.0,0.0,0.0,2,1,1,1,0,1,True,False,0.5,,False,False,False,False
2,55,operator_table_2x2,operator_table_2x2,cm_quotient,XOR,NOT_X_AND_Y,X_AND_NOT_Y,FALSE,X_AND_NOT_Y,NOT_X_AND_Y,False,"X,Y","X,!X","Y,!Y",True,"2x2 canonical rows X,!X and columns Y,!Y",2x2,4,01;00,00;00,01;00,0.0,0.0,0.0,0.0,2,1,1,1,0,1,True,False,0.5,,False,False,False,False
2,56,operator_table_2x2,operator_table_2x2,cm_quotient,XOR,IMP,X_AND_NOT_Y,EQV,RIMP,NOT_X_AND_Y,False,"X,Y","X,!X","Y,!Y",True,"2x2 canonical rows X,!X and columns Y,!Y",2x2,4,01;00,10;01,11;01,0.0,0.0,0.0,0.0,2,3,1,1,2,3,False,False,0.25,,False,False,False,False
2,57,operator_table_2x2,operator_table_2x2,cm_quotient,XOR,RIMP,NOT_X_AND_Y,EQV,IMP,X_AND_NOT_Y,False,"X,Y","X,!X","Y,!Y",True,"2x2 canonical rows X,!X and columns Y,!Y",2x2,4,00;10,10;01,10;11,0.0,0.0,0.0,0.0,2,3,1,1,2,3,False,False,0.25,,False,False,False,False
2,58,operator_table_2x2,operator_table_2x2,cm_quotient,XOR,OR,FALSE,AND,AND,XOR,False,"X,Y","X,!X","Y,!Y",True,"2x2 canonical rows X,!X and columns Y,!Y",2x2,4,00;00,10;00,10;00,0.0,0.0,0.0,0.0,2,3,2,0,1,1,False,True,0.6666666666666666,,False,False,False,False
2,59,operator_table_2x2,operator_table_2x2,cm_quotient,XOR,NAND,FALSE,NOR,NOR,XOR,False,"X,Y","X,!X","Y,!Y",True,"2x2 canonical rows X,!X and columns Y,!Y",2x2,4,00;00,00;01,00;01,0.0,0.0,0.0,0.0,2,3,2,0,1,1,False,True,0.6666666666666666,,False,False,False,False
2,60,operator_table_2x2,operator_table_2x2,cm_quotient,XOR,R,X_AND_NOT_Y,AND,L,NOT_X_AND_Y,False,"X,Y","X,!X","Y,!Y",True,"2x2 canonical rows X,!X and columns Y,!Y",2x2,4,01;00,10;00,11;00,0.0,0.0,0.0,0.0,2,2,1,1,1,2,False,False,0.3333333333333333,,False,False,False,False
2,61,operator_table_2x2,operator_table_2x2,cm_quotient,XOR,NOT_R,NOT_X_AND_Y,NOR,NOT_L,X_AND_NOT_Y,False,"X,Y","X,!X","Y,!Y",True,"2x2 canonical rows X,!X and columns Y,!Y",2x2,4,00;10,00;01,00;11,0.0,0.0,0.0,0.0,2,2,1,1,1,2,False,False,0.3333333333333333,,False,False,False,False
2,62,operator_table_2x2,operator_table_2x2,cm_quotient,XOR,L,NOT_X_AND_Y,AND,R,X_AND_NOT_Y,False,"X,Y","X,!X","Y,!Y",True,"2x2 canonical rows X,!X and columns Y,!Y",2x2,4,00;10,10;00,10;10,0.0,0.0,0.0,0.0,2,2,1,1,1,2,False,False,0.3333333333333333,,False,False,False,False
2,63,operator_table_2x2,operator_table_2x2,cm_quotient,XOR,NOT_L,X_AND_NOT_Y,NOR,NOT_R,NOT_X_AND_Y,False,"X,Y","X,!X","Y,!Y",True,"2x2 canonical rows X,!X and columns Y,!Y",2x2,4,01;00,00;01,01;01,0.0,0.0,0.0,0.0,2,2,1,1,1,2,False,False,0.3333333333333333,,False,False,False,False
2,64,operator_table_2x2,operator_table_2x2,cm_quotient,AND,TRUE,FALSE,NAND,NAND,AND,False,"X,Y","X,!X","Y,!Y",True,"2x2 canonical rows X,!X and columns Y,!Y",2x2,4,00;00,01;11,01;11,0.0,0.0,0.0,0.0,1,4,1,0,3,3,False,True,0.25,,False,False,False,False
2,65,operator_table_2x2,operator_table_2x2,cm_quotient,AND,FALSE,AND,FALSE,AND,FALSE,False,"X,Y","X,!X","Y,!Y",True,"2x2 canonical rows X,!X and columns Y,!Y",2x2,4,10;00,00;00,10;00,0.0,0.0,0.0,0.0,1,0,0,1,0,1,True,False,0.0,,False,False,False,False
2,66,operator_table_2x2,operator_table_2x2,cm_quotient,AND,EQV,FALSE,NOR,NOR,AND,False,"X,Y","X,!X","Y,!Y",True,"2x2 canonical rows X,!X and columns Y,!Y",2x2,4,00;00,00;01,00;01,0.0,0.0,0.0,0.0,1,2,1,0,1,1,False,True,0.5,,False,False,False,False
2,67,operator_table_2x2,operator_table_2x2,cm_quotient,AND,XOR,AND,XOR,OR,FALSE,False,"X,Y","X,!X","Y,!Y",True,"2x2 canonical rows X,!X and columns Y,!Y",2x2,4,10;00,01;10,11;10,0.0,0.0,0.0,0.0,1,2,0,1,2,3,False,False,0.0,,False,False,False,False
2,68,operator_table_2x2,operator_table_2x2,cm_quotient,AND,AND,FALSE,FALSE,FALSE,AND,True,"X,Y","X,!X","Y,!Y",True,"2x2 canonical rows X,!X and columns Y,!Y",2x2,4,00;00,00;00,00;00,0.0,0.0,0.0,0.0,1,1,1,0,0,0,True,True,1.0,,True,True,True,True
2,69,operator_table_2x2,operator_table_2x2,cm_quotient,AND,NOR,AND,NOR,EQV,FALSE,False,"X,Y","X,!X","Y,!Y",True,"2x2 canonical rows X,!X and columns Y,!Y",2x2,4,10;00,00;01,10;01,0.0,0.0,0.0,0.0,1,1,0,1,1,2,False,False,0.0,,False,False,False,False
2,70,operator_table_2x2,operator_table_2x2,cm_quotient,AND,X_AND_NOT_Y,AND,X_AND_NOT_Y,L,FALSE,False,"X,Y","X,!X","Y,!Y",True,"2x2 canonical rows X,!X and columns Y,!Y",2x2,4,10;00,01;00,11;00,0.0,0.0,0.0,0.0,1,1,0,1,1,2,False,False,0.0,,False,False,False,False
2,71,operator_table_2x2,operator_table_2x2,cm_quotient,AND,NOT_X_AND_Y,AND,NOT_X_AND_Y,R,FALSE,False,"X,Y","X,!X","Y,!Y",True,"2x2 canonical rows X,!X and columns Y,!Y",2x2,4,10;00,00;10,10;10,0.0,0.0,0.0,0.0,1,1,0,1,1,2,False,False,0.0,,False,False,False,False
2,72,operator_table_2x2,operator_table_2x2,cm_quotient,AND,IMP,FALSE,NOT_L,NOT_L,AND,False,"X,Y","X,!X","Y,!Y",True,"2x2 canonical rows X,!X and columns Y,!Y",2x2,4,00;00,00;11,00;11,0.0,0.0,0.0,0.0,1,3,1,0,2,2,False,True,0.3333333333333333,,False,False,False,False
2,73,operator_table_2x2,operator_table_2x2,cm_quotient,AND,RIMP,FALSE,NOT_R,NOT_R,AND,False,"X,Y","X,!X","Y,!Y",True,"2x2 canonical rows X,!X and columns Y,!Y",2x2,4,00;00,01;01,01;01,0.0,0.0,0.0,0.0,1,3,1,0,2,2,False,True,0.3333333333333333,,False,False,False,False
2,74,operator_table_2x2,operator_table_2x2,cm_quotient,AND,OR,FALSE,XOR,XOR,AND,False,"X,Y","X,!X","Y,!Y",True,"2x2 canonical rows X,!X and columns Y,!Y",2x2,4,00;00,01;10,01;10,0.0,0.0,0.0,0.0,1,3,1,0,2,2,False,True,0.3333333333333333,,False,False,False,False
2,75,operator_table_2x2,operator_table_2x2,cm_quotient,AND,NAND,AND,NAND,TRUE,FALSE,False,"X,Y","X,!X","Y,!Y",True,"2x2 canonical rows X,!X and columns Y,!Y",2x2,4,10;00,01;11,11;11,0.0,0.0,0.0,0.0,1,3,0,1,3,4,False,False,0.0,,False,False,False,False
2,76,operator_table_2x2,operator_table_2x2,cm_quotient,AND,R,FALSE,NOT_X_AND_Y,NOT_X_AND_Y,AND,False,"X,Y","X,!X","Y,!Y",True,"2x2 canonical rows X,!X and columns Y,!Y",2x2,4,00;00,00;10,00;10,0.0,0.0,0.0,0.0,1,2,1,0,1,1,False,True,0.5,,False,False,False,False
2,77,operator_table_2x2,operator_table_2x2,cm_quotient,AND,NOT_R,AND,NOT_R,RIMP,FALSE,False,"X,Y","X,!X","Y,!Y",True,"2x2 canonical rows X,!X and columns Y,!Y",2x2,4,10;00,01;01,11;01,0.0,0.0,0.0,0.0,1,2,0,1,2,3,False,False,0.0,,False,False,False,False
2,78,operator_table_2x2,operator_table_2x2,cm_quotient,AND,L,FALSE,X_AND_NOT_Y,X_AND_NOT_Y,AND,False,"X,Y","X,!X","Y,!Y",True,"2x2 canonical rows X,!X and columns Y,!Y",2x2,4,00;00,01;00,01;00,0.0,0.0,0.0,0.0,1,2,1,0,1,1,False,True,0.5,,False,False,False,False
2,79,operator_table_2x2,operator_table_2x2,cm_quotient,AND,NOT_L,AND,NOT_L,IMP,FALSE,False,"X,Y","X,!X","Y,!Y",True,"2x2 canonical rows X,!X and columns Y,!Y",2x2,4,10;00,00;11,10;11,0.0,0.0,0.0,0.0,1,2,0,1,2,3,False,False,0.0,,False,False,False,False
2,80,operator_table_2x2,operator_table_2x2,cm_quotient,NOR,TRUE,FALSE,OR,OR,NOR,False,"X,Y","X,!X","Y,!Y",True,"2x2 canonical rows X,!X and columns Y,!Y",2x2,4,00;00,11;10,11;10,0.0,0.0,0.0,0.0,1,4,1,0,3,3,False,True,0.25,,False,False,False,False
2,81,operator_table_2x2,operator_table_2x2,cm_quotient,NOR,FALSE,NOR,FALSE,NOR,FALSE,False,"X,Y","X,!X","Y,!Y",True,"2x2 canonical rows X,!X and columns Y,!Y",2x2,4,00;01,00;00,00;01,0.0,0.0,0.0,0.0,1,0,0,1,0,1,True,False,0.0,,False,False,False,False
2,82,operator_table_2x2,operator_table_2x2,cm_quotient,NOR,EQV,FALSE,AND,AND,NOR,False,"X,Y","X,!X","Y,!Y",True,"2x2 canonical rows X,!X and columns Y,!Y",2x2,4,00;00,10;00,10;00,0.0,0.0,0.0,0.0,1,2,1,0,1,1,False,True,0.5,,False,False,False,False
2,83,operator_table_2x2,operator_table_2x2,cm_quotient,NOR,XOR,NOR,XOR,NAND,FALSE,False,"X,Y","X,!X","Y,!Y",True,"2x2 canonical rows X,!X and columns Y,!Y",2x2,4,00;01,01;10,01;11,0.0,0.0,0.0,0.0,1,2,0,1,2,3,False,False,0.0,,False,False,False,False
2,84,operator_table_2x2,operator_table_2x2,cm_quotient,NOR,AND,NOR,AND,EQV,FALSE,False,"X,Y","X,!X","Y,!Y",True,"2x2 canonical rows X,!X and columns Y,!Y",2x2,4,00;01,10;00,10;01,0.0,0.0,0.0,0.0,1,1,0,1,1,2,False,False,0.0,,False,False,False,False
2,85,operator_table_2x2,operator_table_2x2,cm_quotient,NOR,NOR,FALSE,FALSE,FALSE,NOR,True,"X,Y","X,!X","Y,!Y",True,"2x2 canonical rows X,!X and columns Y,!Y",2x2,4,00;00,00;00,00;00,0.0,0.0,0.0,0.0,1,1,1,0,0,0,True,True,1.0,,True,True,True,True
2,86,operator_table_2x2,operator_table_2x2,cm_quotient,NOR,X_AND_NOT_Y,NOR,X_AND_NOT_Y,NOT_R,FALSE,False,"X,Y","X,!X","Y,!Y",True,"2x2 canonical rows X,!X and columns Y,!Y",2x2,4,00;01,01;00,01;01,0.0,0.0,0.0,0.0,1,1,0,1,1,2,False,False,0.0,,False,False,False,False
2,87,operator_table_2x2,operator_table_2x2,cm_quotient,NOR,NOT_X_AND_Y,NOR,NOT_X_AND_Y,NOT_L,FALSE,False,"X,Y","X,!X","Y,!Y",True,"2x2 canonical rows X,!X and columns Y,!Y",2x2,4,00;01,00;10,00;11,0.0,0.0,0.0,0.0,1,1,0,1,1,2,False,False,0.0,,False,False,False,False
2,88,operator_table_2x2,operator_table_2x2,cm_quotient,NOR,IMP,FALSE,R,R,NOR,False,"X,Y","X,!X","Y,!Y",True,"2x2 canonical rows X,!X and columns Y,!Y",2x2,4,00;00,10;10,10;10,0.0,0.0,0.0,0.0,1,3,1,0,2,2,False,True,0.3333333333333333,,False,False,False,False
2,89,operator_table_2x2,operator_table_2x2,cm_quotient,NOR,RIMP,FALSE,L,L,NOR,False,"X,Y","X,!X","Y,!Y",True,"2x2 canonical rows X,!X and columns Y,!Y",2x2,4,00;00,11;00,11;00,0.0,0.0,0.0,0.0,1,3,1,0,2,2,False,True,0.3333333333333333,,False,False,False,False
2,90,operator_table_2x2,operator_table_2x2,cm_quotient,NOR,OR,NOR,OR,TRUE,FALSE,False,"X,Y","X,!X","Y,!Y",True,"2x2 canonical rows X,!X and columns Y,!Y",2x2,4,00;01,11;10,11;11,0.0,0.0,0.0,0.0,1,3,0,1,3,4,False,False,0.0,,False,False,False,False
2,91,operator_table_2x2,operator_table_2x2,cm_quotient,NOR,NAND,FALSE,XOR,XOR,NOR,False,"X,Y","X,!X","Y,!Y",True,"2x2 canonical rows X,!X and columns Y,!Y",2x2,4,00;00,01;10,01;10,0.0,0.0,0.0,0.0,1,3,1,0,2,2,False,True,0.3333333333333333,,False,False,False,False
2,92,operator_table_2x2,operator_table_2x2,cm_quotient,NOR,R,NOR,R,IMP,FALSE,False,"X,Y","X,!X","Y,!Y",True,"2x2 canonical rows X,!X and columns Y,!Y",2x2,4,00;01,10;10,10;11,0.0,0.0,0.0,0.0,1,2,0,1,2,3,False,False,0.0,,False,False,False,False
2,93,operator_table_2x2,operator_table_2x2,cm_quotient,NOR,NOT_R,FALSE,X_AND_NOT_Y,X_AND_NOT_Y,NOR,False,"X,Y","X,!X","Y,!Y",True,"2x2 canonical rows X,!X and columns Y,!Y",2x2,4,00;00,01;00,01;00,0.0,0.0,0.0,0.0,1,2,1,0,1,1,False,True,0.5,,False,False,False,False
2,94,operator_table_2x2,operator_table_2x2,cm_quotient,NOR,L,NOR,L,RIMP,FALSE,False,"X,Y","X,!X","Y,!Y",True,"2x2 canonical rows X,!X and columns Y,!Y",2x2,4,00;01,11;00,11;01,0.0,0.0,0.0,0.0,1,2,0,1,2,3,False,False,0.0,,False,False,False,False
2,95,operator_table_2x2,operator_table_2x2,cm_quotient,NOR,NOT_L,FALSE,NOT_X_AND_Y,NOT_X_AND_Y,NOR,False,"X,Y","X,!X","Y,!Y",True,"2x2 canonical rows X,!X and columns Y,!Y",2x2,4,00;00,00;10,00;10,0.0,0.0,0.0,0.0,1,2,1,0,1,1,False,True,0.5,,False,False,False,False
2,96,operator_table_2x2,operator_table_2x2,cm_quotient,X_AND_NOT_Y,TRUE,FALSE,IMP,IMP,X_AND_NOT_Y,False,"X,Y","X,!X","Y,!Y",True,"2x2 canonical rows X,!X and columns Y,!Y",2x2,4,00;00,10;11,10;11,0.0,0.0,0.0,0.0,1,4,1,0,3,3,False,True,0.25,,False,False,False,False
2,97,operator_table_2x2,operator_table_2x2,cm_quotient,X_AND_NOT_Y,FALSE,X_AND_NOT_Y,FALSE,X_AND_NOT_Y,FALSE,False,"X,Y","X,!X","Y,!Y",True,"2x2 canonical rows X,!X and columns Y,!Y",2x2,4,01;00,00;00,01;00,0.0,0.0,0.0,0.0,1,0,0,1,0,1,True,False,0.0,,False,False,False,False
2,98,operator_table_2x2,operator_table_2x2,cm_quotient,X_AND_NOT_Y,EQV,X_AND_NOT_Y,EQV,RIMP,FALSE,False,"X,Y","X,!X","Y,!Y",True,"2x2 canonical rows X,!X and columns Y,!Y",2x2,4,01;00,10;01,11;01,0.0,0.0,0.0,0.0,1,2,0,1,2,3,False,False,0.0,,False,False,False,False
2,99,operator_table_2x2,operator_table_2x2,cm_quotient,X_AND_NOT_Y,XOR,FALSE,NOT_X_AND_Y,NOT_X_AND_Y,X_AND_NOT_Y,False,"X,Y","X,!X","Y,!Y",True,"2x2 canonical rows X,!X and columns Y,!Y",2x2,4,00;00,00;10,00;10,0.0,0.0,0.0,0.0,1,2,1,0,1,1,False,True,0.5,,False,False,False,False
2,100,operator_table_2x2,operator_table_2x2,cm_quotient,X_AND_NOT_Y,AND,X_AND_NOT_Y,AND,L,FALSE,False,"X,Y","X,!X","Y,!Y",True,"2x2 canonical rows X,!X and columns Y,!Y",2x2,4,01;00,10;00,11;00,0.0,0.0,0.0,0.0,1,1,0,1,1,2,False,False,0.0,,False,False,False,False
2,101,operator_table_2x2,operator_table_2x2,cm_quotient,X_AND_NOT_Y,NOR,X_AND_NOT_Y,NOR,NOT_R,FALSE,False,"X,Y","X,!X","Y,!Y",True,"2x2 canonical rows X,!X and columns Y,!Y",2x2,4,01;00,00;01,01;01,0.0,0.0,0.0,0.0,1,1,0,1,1,2,False,False,0.0,,False,False,False,False
2,102,operator_table_2x2,operator_table_2x2,cm_quotient,X_AND_NOT_Y,X_AND_NOT_Y,FALSE,FALSE,FALSE,X_AND_NOT_Y,True,"X,Y","X,!X","Y,!Y",True,"2x2 canonical rows X,!X and columns Y,!Y",2x2,4,00;00,00;00,00;00,0.0,0.0,0.0,0.0,1,1,1,0,0,0,True,True,1.0,,True,True,True,True
2,103,operator_table_2x2,operator_table_2x2,cm_quotient,X_AND_NOT_Y,NOT_X_AND_Y,X_AND_NOT_Y,NOT_X_AND_Y,XOR,FALSE,False,"X,Y","X,!X","Y,!Y",True,"2x2 canonical rows X,!X and columns Y,!Y",2x2,4,01;00,00;10,01;10,0.0,0.0,0.0,0.0,1,1,0,1,1,2,False,False,0.0,,False,False,False,False
2,104,operator_table_2x2,operator_table_2x2,cm_quotient,X_AND_NOT_Y,IMP,X_AND_NOT_Y,IMP,TRUE,FALSE,False,"X,Y","X,!X","Y,!Y",True,"2x2 canonical rows X,!X and columns Y,!Y",2x2,4,01;00,10;11,11;11,0.0,0.0,0.0,0.0,1,3,0,1,3,4,False,False,0.0,,False,False,False,False
2,105,operator_table_2x2,operator_table_2x2,cm_quotient,X_AND_NOT_Y,RIMP,FALSE,EQV,EQV,X_AND_NOT_Y,False,"X,Y","X,!X","Y,!Y",True,"2x2 canonical rows X,!X and columns Y,!Y",2x2,4,00;00,10;01,10;01,0.0,0.0,0.0,0.0,1,3,1,0,2,2,False,True,0.3333333333333333,,False,False,False,False
2,106,operator_table_2x2,operator_table_2x2,cm_quotient,X_AND_NOT_Y,OR,FALSE,R,R,X_AND_NOT_Y,False,"X,Y","X,!X","Y,!Y",True,"2x2 canonical rows X,!X and columns Y,!Y",2x2,4,00;00,10;10,10;10,0.0,0.0,0.0,0.0,1,3,1,0,2,2,False,True,0.3333333333333333,,False,False,False,False
2,107,operator_table_2x2,operator_table_2x2,cm_quotient,X_AND_NOT_Y,NAND,FALSE,NOT_L,NOT_L,X_AND_NOT_Y,False,"X,Y","X,!X","Y,!Y",True,"2x2 canonical rows X,!X and columns Y,!Y",2x2,4,00;00,00;11,00;11,0.0,0.0,0.0,0.0,1,3,1,0,2,2,False,True,0.3333333333333333,,False,False,False,False
2,108,operator_table_2x2,operator_table_2x2,cm_quotient,X_AND_NOT_Y,R,X_AND_NOT_Y,R,OR,FALSE,False,"X,Y","X,!X","Y,!Y",True,"2x2 canonical rows X,!X and columns Y,!Y",2x2,4,01;00,10;10,11;10,0.0,0.0,0.0,0.0,1,2,0,1,2,3,False,False,0.0,,False,False,False,False
2,109,operator_table_2x2,operator_table_2x2,cm_quotient,X_AND_NOT_Y,NOT_R,FALSE,NOR,NOR,X_AND_NOT_Y,False,"X,Y","X,!X","Y,!Y",True,"2x2 canonical rows X,!X and columns Y,!Y",2x2,4,00;00,00;01,00;01,0.0,0.0,0.0,0.0,1,2,1,0,1,1,False,True,0.5,,False,False,False,False
2,110,operator_table_2x2,operator_table_2x2,cm_quotient,X_AND_NOT_Y,L,FALSE,AND,AND,X_AND_NOT_Y,False,"X,Y","X,!X","Y,!Y",True,"2x2 canonical rows X,!X and columns Y,!Y",2x2,4,00;00,10;00,10;00,0.0,0.0,0.0,0.0,1,2,1,0,1,1,False,True,0.5,,False,False,False,False
2,111,operator_table_2x2,operator_table_2x2,cm_quotient,X_AND_NOT_Y,NOT_L,X_AND_NOT_Y,NOT_L,NAND,FALSE,False,"X,Y","X,!X","Y,!Y",True,"2x2 canonical rows X,!X and columns Y,!Y",2x2,4,01;00,00;11,01;11,0.0,0.0,0.0,0.0,1,2,0,1,2,3,False,False,0.0,,False,False,False,False
2,112,operator_table_2x2,operator_table_2x2,cm_quotient,NOT_X_AND_Y,TRUE,FALSE,RIMP,RIMP,NOT_X_AND_Y,False,"X,Y","X,!X","Y,!Y",True,"2x2 canonical rows X,!X and columns Y,!Y",2x2,4,00;00,11;01,11;01,0.0,0.0,0.0,0.0,1,4,1,0,3,3,False,True,0.25,,False,False,False,False
2,113,operator_table_2x2,operator_table_2x2,cm_quotient,NOT_X_AND_Y,FALSE,NOT_X_AND_Y,FALSE,NOT_X_AND_Y,FALSE,False,"X,Y","X,!X","Y,!Y",True,"2x2 canonical rows X,!X and columns Y,!Y",2x2,4,00;10,00;00,00;10,0.0,0.0,0.0,0.0,1,0,0,1,0,1,True,False,0.0,,False,False,False,False
2,114,operator_table_2x2,operator_table_2x2,cm_quotient,NOT_X_AND_Y,EQV,NOT_X_AND_Y,EQV,IMP,FALSE,False,"X,Y","X,!X","Y,!Y",True,"2x2 canonical rows X,!X and columns Y,!Y",2x2,4,00;10,10;01,10;11,0.0,0.0,0.0,0.0,1,2,0,1,2,3,False,False,0.0,,False,False,False,False
2,115,operator_table_2x2,operator_table_2x2,cm_quotient,NOT_X_AND_Y,XOR,FALSE,X_AND_NOT_Y,X_AND_NOT_Y,NOT_X_AND_Y,False,"X,Y","X,!X","Y,!Y",True,"2x2 canonical rows X,!X and columns Y,!Y",2x2,4,00;00,01;00,01;00,0.0,0.0,0.0,0.0,1,2,1,0,1,1,False,True,0.5,,False,False,False,False
2,116,operator_table_2x2,operator_table_2x2,cm_quotient,NOT_X_AND_Y,AND,NOT_X_AND_Y,AND,R,FALSE,False,"X,Y","X,!X","Y,!Y",True,"2x2 canonical rows X,!X and columns Y,!Y",2x2,4,00;10,10;00,10;10,0.0,0.0,0.0,0.0,1,1,0,1,1,2,False,False,0.0,,False,False,False,False
2,117,operator_table_2x2,operator_table_2x2,cm_quotient,NOT_X_AND_Y,NOR,NOT_X_AND_Y,NOR,NOT_L,FALSE,False,"X,Y","X,!X","Y,!Y",True,"2x2 canonical rows X,!X and columns Y,!Y",2x2,4,00;10,00;01,00;11,0.0,0.0,0.0,0.0,1,1,0,1,1,2,False,False,0.0,,False,False,False,False
2,118,operator_table_2x2,operator_table_2x2,cm_quotient,NOT_X_AND_Y,X_AND_NOT_Y,NOT_X_AND_Y,X_AND_NOT_Y,XOR,FALSE,False,"X,Y","X,!X","Y,!Y",True,"2x2 canonical rows X,!X and columns Y,!Y",2x2,4,00;10,01;00,01;10,0.0,0.0,0.0,0.0,1,1,0,1,1,2,False,False,0.0,,False,False,False,False
2,119,operator_table_2x2,operator_table_2x2,cm_quotient,NOT_X_AND_Y,NOT_X_AND_Y,FALSE,FALSE,FALSE,NOT_X_AND_Y,True,"X,Y","X,!X","Y,!Y",True,"2x2 canonical rows X,!X and columns Y,!Y",2x2,4,00;00,00;00,00;00,0.0,0.0,0.0,0.0,1,1,1,0,0,0,True,True,1.0,,True,True,True,True
2,120,operator_table_2x2,operator_table_2x2,cm_quotient,NOT_X_AND_Y,IMP,FALSE,EQV,EQV,NOT_X_AND_Y,False,"X,Y","X,!X","Y,!Y",True,"2x2 canonical rows X,!X and columns Y,!Y",2x2,4,00;00,10;01,10;01,0.0,0.0,0.0,0.0,1,3,1,0,2,2,False,True,0.3333333333333333,,False,False,False,False
2,121,operator_table_2x2,operator_table_2x2,cm_quotient,NOT_X_AND_Y,RIMP,NOT_X_AND_Y,RIMP,TRUE,FALSE,False,"X,Y","X,!X","Y,!Y",True,"2x2 canonical rows X,!X and columns Y,!Y",2x2,4,00;10,11;01,11;11,0.0,0.0,0.0,0.0,1,3,0,1,3,4,False,False,0.0,,False,False,False,False
2,122,operator_table_2x2,operator_table_2x2,cm_quotient,NOT_X_AND_Y,OR,FALSE,L,L,NOT_X_AND_Y,False,"X,Y","X,!X","Y,!Y",True,"2x2 canonical rows X,!X and columns Y,!Y",2x2,4,00;00,11;00,11;00,0.0,0.0,0.0,0.0,1,3,1,0,2,2,False,True,0.3333333333333333,,False,False,False,False
2,123,operator_table_2x2,operator_table_2x2,cm_quotient,NOT_X_AND_Y,NAND,FALSE,NOT_R,NOT_R,NOT_X_AND_Y,False,"X,Y","X,!X","Y,!Y",True,"2x2 canonical rows X,!X and columns Y,!Y",2x2,4,00;00,01;01,01;01,0.0,0.0,0.0,0.0,1,3,1,0,2,2,False,True,0.3333333333333333,,False,False,False,False
2,124,operator_table_2x2,operator_table_2x2,cm_quotient,NOT_X_AND_Y,R,FALSE,AND,AND,NOT_X_AND_Y,False,"X,Y","X,!X","Y,!Y",True,"2x2 canonical rows X,!X and columns Y,!Y",2x2,4,00;00,10;00,10;00,0.0,0.0,0.0,0.0,1,2,1,0,1,1,False,True,0.5,,False,False,False,False
2,125,operator_table_2x2,operator_table_2x2,cm_quotient,NOT_X_AND_Y,NOT_R,NOT_X_AND_Y,NOT_R,NAND,FALSE,False,"X,Y","X,!X","Y,!Y",True,"2x2 canonical rows X,!X and columns Y,!Y",2x2,4,00;10,01;01,01;11,0.0,0.0,0.0,0.0,1,2,0,1,2,3,False,False,0.0,,False,False,False,False
2,126,operator_table_2x2,operator_table_2x2,cm_quotient,NOT_X_AND_Y,L,NOT_X_AND_Y,L,OR,FALSE,False,"X,Y","X,!X","Y,!Y",True,"2x2 canonical rows X,!X and columns Y,!Y",2x2,4,00;10,11;00,11;10,0.0,0.0,0.0,0.0,1,2,0,1,2,3,False,False,0.0,,False,False,False,False
2,127,operator_table_2x2,operator_table_2x2,cm_quotient,NOT_X_AND_Y,NOT_L,FALSE,NOR,NOR,NOT_X_AND_Y,False,"X,Y","X,!X","Y,!Y",True,"2x2 canonical rows X,!X and columns Y,!Y",2x2,4,00;00,00;01,00;01,0.0,0.0,0.0,0.0,1,2,1,0,1,1,False,True,0.5,,False,False,False,False
2,128,operator_table_2x2,operator_table_2x2,cm_quotient,IMP,TRUE,FALSE,X_AND_NOT_Y,X_AND_NOT_Y,IMP,False,"X,Y","X,!X","Y,!Y",True,"2x2 canonical rows X,!X and columns Y,!Y",2x2,4,00;00,01;00,01;00,0.0,0.0,0.0,0.0,3,4,3,0,1,1,False,True,0.75,,False,False,False,False
2,129,operator_table_2x2,operator_table_2x2,cm_quotient,IMP,FALSE,IMP,FALSE,IMP,FALSE,False,"X,Y","X,!X","Y,!Y",True,"2x2 canonical rows X,!X and columns Y,!Y",2x2,4,10;11,00;00,10;11,0.0,0.0,0.0,0.0,3,0,0,3,0,3,True,False,0.0,,False,False,False,False
2,130,operator_table_2x2,operator_table_2x2,cm_quotient,IMP,EQV,NOT_X_AND_Y,FALSE,NOT_X_AND_Y,EQV,False,"X,Y","X,!X","Y,!Y",True,"2x2 canonical rows X,!X and columns Y,!Y",2x2,4,00;10,00;00,00;10,0.0,0.0,0.0,0.0,3,2,2,1,0,1,True,False,0.6666666666666666,,False,False,False,False
2,131,operator_table_2x2,operator_table_2x2,cm_quotient,IMP,XOR,EQV,X_AND_NOT_Y,RIMP,NOT_X_AND_Y,False,"X,Y","X,!X","Y,!Y",True,"2x2 canonical rows X,!X and columns Y,!Y",2x2,4,10;01,01;00,11;01,0.0,0.0,0.0,0.0,3,2,1,2,1,3,False,False,0.25,,False,False,False,False
2,132,operator_table_2x2,operator_table_2x2,cm_quotient,IMP,AND,NOT_L,FALSE,NOT_L,AND,False,"X,Y","X,!X","Y,!Y",True,"2x2 canonical rows X,!X and columns Y,!Y",2x2,4,00;11,00;00,00;11,0.0,0.0,0.0,0.0,3,1,1,2,0,2,True,False,0.3333333333333333,,False,False,False,False
2,133,operator_table_2x2,operator_table_2x2,cm_quotient,IMP,NOR,R,FALSE,R,NOR,False,"X,Y","X,!X","Y,!Y",True,"2x2 canonical rows X,!X and columns Y,!Y",2x2,4,10;10,00;00,10;10,0.0,0.0,0.0,0.0,3,1,1,2,0,2,True,False,0.3333333333333333,,False,False,False,False
2,134,operator_table_2x2,operator_table_2x2,cm_quotient,IMP,X_AND_NOT_Y,IMP,X_AND_NOT_Y,TRUE,FALSE,False,"X,Y","X,!X","Y,!Y",True,"2x2 canonical rows X,!X and columns Y,!Y",2x2,4,10;11,01;00,11;11,0.0,0.0,0.0,0.0,3,1,0,3,1,4,False,False,0.0,,False,False,False,False
2,135,operator_table_2x2,operator_table_2x2,cm_quotient,IMP,NOT_X_AND_Y,EQV,FALSE,EQV,NOT_X_AND_Y,False,"X,Y","X,!X","Y,!Y",True,"2x2 canonical rows X,!X and columns Y,!Y",2x2,4,10;01,00;00,10;01,0.0,0.0,0.0,0.0,3,1,1,2,0,2,True,False,0.3333333333333333,,False,False,False,False
2,136,operator_table_2x2,operator_table_2x2,cm_quotient,IMP,IMP,FALSE,FALSE,FALSE,IMP,True,"X,Y","X,!X","Y,!Y",True,"2x2 canonical rows X,!X and columns Y,!Y",2x2,4,00;00,00;00,00;00,0.0,0.0,0.0,0.0,3,3,3,0,0,0,True,True,1.0,,True,True,True,True
2,137,operator_table_2x2,operator_table_2x2,cm_quotient,IMP,RIMP,NOT_X_AND_Y,X_AND_NOT_Y,XOR,EQV,False,"X,Y","X,!X","Y,!Y",True,"2x2 canonical rows X,!X and columns Y,!Y",2x2,4,00;10,01;00,01;10,0.0,0.0,0.0,0.0,3,3,2,1,1,2,False,False,0.5,,False,False,False,False
2,138,operator_table_2x2,operator_table_2x2,cm_quotient,IMP,OR,NOR,X_AND_NOT_Y,NOT_R,R,False,"X,Y","X,!X","Y,!Y",True,"2x2 canonical rows X,!X and columns Y,!Y",2x2,4,00;01,01;00,01;01,0.0,0.0,0.0,0.0,3,3,2,1,1,2,False,False,0.5,,False,False,False,False
2,139,operator_table_2x2,operator_table_2x2,cm_quotient,IMP,NAND,AND,X_AND_NOT_Y,L,NOT_L,False,"X,Y","X,!X","Y,!Y",True,"2x2 canonical rows X,!X and columns Y,!Y",2x2,4,10;00,01;00,11;00,0.0,0.0,0.0,0.0,3,3,2,1,1,2,False,False,0.5,,False,False,False,False
2,140,operator_table_2x2,operator_table_2x2,cm_quotient,IMP,R,NOR,FALSE,NOR,R,False,"X,Y","X,!X","Y,!Y",True,"2x2 canonical rows X,!X and columns Y,!Y",2x2,4,00;01,00;00,00;01,0.0,0.0,0.0,0.0,3,2,2,1,0,1,True,False,0.6666666666666666,,False,False,False,False
2,141,operator_table_2x2,operator_table_2x2,cm_quotient,IMP,NOT_R,R,X_AND_NOT_Y,OR,NOR,False,"X,Y","X,!X","Y,!Y",True,"2x2 canonical rows X,!X and columns Y,!Y",2x2,4,10;10,01;00,11;10,0.0,0.0,0.0,0.0,3,2,1,2,1,3,False,False,0.25,,False,False,False,False
2,142,operator_table_2x2,operator_table_2x2,cm_quotient,IMP,L,NOT_L,X_AND_NOT_Y,NAND,AND,False,"X,Y","X,!X","Y,!Y",True,"2x2 canonical rows X,!X and columns Y,!Y",2x2,4,00;11,01;00,01;11,0.0,0.0,0.0,0.0,3,2,1,2,1,3,False,False,0.25,,False,False,False,False
2,143,operator_table_2x2,operator_table_2x2,cm_quotient,IMP,NOT_L,AND,FALSE,AND,NOT_L,False,"X,Y","X,!X","Y,!Y",True,"2x2 canonical rows X,!X and columns Y,!Y",2x2,4,10;00,00;00,10;00,0.0,0.0,0.0,0.0,3,2,2,1,0,1,True,False,0.6666666666666666,,False,False,False,False
2,144,operator_table_2x2,operator_table_2x2,cm_quotient,RIMP,TRUE,FALSE,NOT_X_AND_Y,NOT_X_AND_Y,RIMP,False,"X,Y","X,!X","Y,!Y",True,"2x2 canonical rows X,!X and columns Y,!Y",2x2,4,00;00,00;10,00;10,0.0,0.0,0.0,0.0,3,4,3,0,1,1,False,True,0.75,,False,False,False,False
2,145,operator_table_2x2,operator_table_2x2,cm_quotient,RIMP,FALSE,RIMP,FALSE,RIMP,FALSE,False,"X,Y","X,!X","Y,!Y",True,"2x2 canonical rows X,!X and columns Y,!Y",2x2,4,11;01,00;00,11;01,0.0,0.0,0.0,0.0,3,0,0,3,0,3,True,False,0.0,,False,False,False,False
2,146,operator_table_2x2,operator_table_2x2,cm_quotient,RIMP,EQV,X_AND_NOT_Y,FALSE,X_AND_NOT_Y,EQV,False,"X,Y","X,!X","Y,!Y",True,"2x2 canonical rows X,!X and columns Y,!Y",2x2,4,01;00,00;00,01;00,0.0,0.0,0.0,0.0,3,2,2,1,0,1,True,False,0.6666666666666666,,False,False,False,False
2,147,operator_table_2x2,operator_table_2x2,cm_quotient,RIMP,XOR,EQV,NOT_X_AND_Y,IMP,X_AND_NOT_Y,False,"X,Y","X,!X","Y,!Y",True,"2x2 canonical rows X,!X and columns Y,!Y",2x2,4,10;01,00;10,10;11,0.0,0.0,0.0,0.0,3,2,1,2,1,3,False,False,0.25,,False,False,False,False
2,148,operator_table_2x2,operator_table_2x2,cm_quotient,RIMP,AND,NOT_R,FALSE,NOT_R,AND,False,"X,Y","X,!X","Y,!Y",True,"2x2 canonical rows X,!X and columns Y,!Y",2x2,4,01;01,00;00,01;01,0.0,0.0,0.0,0.0,3,1,1,2,0,2,True,False,0.3333333333333333,,False,False,False,False
2,149,operator_table_2x2,operator_table_2x2,cm_quotient,RIMP,NOR,L,FALSE,L,NOR,False,"X,Y","X,!X","Y,!Y",True,"2x2 canonical rows X,!X and columns Y,!Y",2x2,4,11;00,00;00,11;00,0.0,0.0,0.0,0.0,3,1,1,2,0,2,True,False,0.3333333333333333,,False,False,False,False
2,150,operator_table_2x2,operator_table_2x2,cm_quotient,RIMP,X_AND_NOT_Y,EQV,FALSE,EQV,X_AND_NOT_Y,False,"X,Y","X,!X","Y,!Y",True,"2x2 canonical rows X,!X and columns Y,!Y",2x2,4,10;01,00;00,10;01,0.0,0.0,0.0,0.0,3,1,1,2,0,2,True,False,0.3333333333333333,,False,False,False,False
2,151,operator_table_2x2,operator_table_2x2,cm_quotient,RIMP,NOT_X_AND_Y,RIMP,NOT_X_AND_Y,TRUE,FALSE,False,"X,Y","X,!X","Y,!Y",True,"2x2 canonical rows X,!X and columns Y,!Y",2x2,4,11;01,00;10,11;11,0.0,0.0,0.0,0.0,3,1,0,3,1,4,False,False,0.0,,False,False,False,False
2,152,operator_table_2x2,operator_table_2x2,cm_quotient,RIMP,IMP,X_AND_NOT_Y,NOT_X_AND_Y,XOR,EQV,False,"X,Y","X,!X","Y,!Y",True,"2x2 canonical rows X,!X and columns Y,!Y",2x2,4,01;00,00;10,01;10,0.0,0.0,0.0,0.0,3,3,2,1,1,2,False,False,0.5,,False,False,False,False
2,153,operator_table_2x2,operator_table_2x2,cm_quotient,RIMP,RIMP,FALSE,FALSE,FALSE,RIMP,True,"X,Y","X,!X","Y,!Y",True,"2x2 canonical rows X,!X and columns Y,!Y",2x2,4,00;00,00;00,00;00,0.0,0.0,0.0,0.0,3,3,3,0,0,0,True,True,1.0,,True,True,True,True
2,154,operator_table_2x2,operator_table_2x2,cm_quotient,RIMP,OR,NOR,NOT_X_AND_Y,NOT_L,L,False,"X,Y","X,!X","Y,!Y",True,"2x2 canonical rows X,!X and columns Y,!Y",2x2,4,00;01,00;10,00;11,0.0,0.0,0.0,0.0,3,3,2,1,1,2,False,False,0.5,,False,False,False,False
2,155,operator_table_2x2,operator_table_2x2,cm_quotient,RIMP,NAND,AND,NOT_X_AND_Y,R,NOT_R,False,"X,Y","X,!X","Y,!Y",True,"2x2 canonical rows X,!X and columns Y,!Y",2x2,4,10;00,00;10,10;10,0.0,0.0,0.0,0.0,3,3,2,1,1,2,False,False,0.5,,False,False,False,False
2,156,operator_table_2x2,operator_table_2x2,cm_quotient,RIMP,R,NOT_R,NOT_X_AND_Y,NAND,AND,False,"X,Y","X,!X","Y,!Y",True,"2x2 canonical rows X,!X and columns Y,!Y",2x2,4,01;01,00;10,01;11,0.0,0.0,0.0,0.0,3,2,1,2,1,3,False,False,0.25,,False,False,False,False
2,157,operator_table_2x2,operator_table_2x2,cm_quotient,RIMP,NOT_R,AND,FALSE,AND,NOT_R,False,"X,Y","X,!X","Y,!Y",True,"2x2 canonical rows X,!X and columns Y,!Y",2x2,4,10;00,00;00,10;00,0.0,0.0,0.0,0.0,3,2,2,1,0,1,True,False,0.6666666666666666,,False,False,False,False
2,158,operator_table_2x2,operator_table_2x2,cm_quotient,RIMP,L,NOR,FALSE,NOR,L,False,"X,Y","X,!X","Y,!Y",True,"2x2 canonical rows X,!X and columns Y,!Y",2x2,4,00;01,00;00,00;01,0.0,0.0,0.0,0.0,3,2,2,1,0,1,True,False,0.6666666666666666,,False,False,False,False
2,159,operator_table_2x2,operator_table_2x2,cm_quotient,RIMP,NOT_L,L,NOT_X_AND_Y,OR,NOR,False,"X,Y","X,!X","Y,!Y",True,"2x2 canonical rows X,!X and columns Y,!Y",2x2,4,11;00,00;10,11;10,0.0,0.0,0.0,0.0,3,2,1,2,1,3,False,False,0.25,,False,False,False,False
2,160,operator_table_2x2,operator_table_2x2,cm_quotient,OR,TRUE,FALSE,NOR,NOR,OR,False,"X,Y","X,!X","Y,!Y",True,"2x2 canonical rows X,!X and columns Y,!Y",2x2,4,00;00,00;01,00;01,0.0,0.0,0.0,0.0,3,4,3,0,1,1,False,True,0.75,,False,False,False,False
2,161,operator_table_2x2,operator_table_2x2,cm_quotient,OR,FALSE,OR,FALSE,OR,FALSE,False,"X,Y","X,!X","Y,!Y",True,"2x2 canonical rows X,!X and columns Y,!Y",2x2,4,11;10,00;00,11;10,0.0,0.0,0.0,0.0,3,0,0,3,0,3,True,False,0.0,,False,False,False,False
2,162,operator_table_2x2,operator_table_2x2,cm_quotient,OR,EQV,XOR,NOR,NAND,AND,False,"X,Y","X,!X","Y,!Y",True,"2x2 canonical rows X,!X and columns Y,!Y",2x2,4,01;10,00;01,01;11,0.0,0.0,0.0,0.0,3,2,1,2,1,3,False,False,0.25,,False,False,False,False
2,163,operator_table_2x2,operator_table_2x2,cm_quotient,OR,XOR,AND,FALSE,AND,XOR,False,"X,Y","X,!X","Y,!Y",True,"2x2 canonical rows X,!X and columns Y,!Y",2x2,4,10;00,00;00,10;00,0.0,0.0,0.0,0.0,3,2,2,1,0,1,True,False,0.6666666666666666,,False,False,False,False
2,164,operator_table_2x2,operator_table_2x2,cm_quotient,OR,AND,XOR,FALSE,XOR,AND,False,"X,Y","X,!X","Y,!Y",True,"2x2 canonical rows X,!X and columns Y,!Y",2x2,4,01;10,00;00,01;10,0.0,0.0,0.0,0.0,3,1,1,2,0,2,True,False,0.3333333333333333,,False,False,False,False
2,165,operator_table_2x2,operator_table_2x2,cm_quotient,OR,NOR,OR,NOR,TRUE,FALSE,False,"X,Y","X,!X","Y,!Y",True,"2x2 canonical rows X,!X and columns Y,!Y",2x2,4,11;10,00;01,11;11,0.0,0.0,0.0,0.0,3,1,0,3,1,4,False,False,0.0,,False,False,False,False
2,166,operator_table_2x2,operator_table_2x2,cm_quotient,OR,X_AND_NOT_Y,R,FALSE,R,X_AND_NOT_Y,False,"X,Y","X,!X","Y,!Y",True,"2x2 canonical rows X,!X and columns Y,!Y",2x2,4,10;10,00;00,10;10,0.0,0.0,0.0,0.0,3,1,1,2,0,2,True,False,0.3333333333333333,,False,False,False,False
2,167,operator_table_2x2,operator_table_2x2,cm_quotient,OR,NOT_X_AND_Y,L,FALSE,L,NOT_X_AND_Y,False,"X,Y","X,!X","Y,!Y",True,"2x2 canonical rows X,!X and columns Y,!Y",2x2,4,11;00,00;00,11;00,0.0,0.0,0.0,0.0,3,1,1,2,0,2,True,False,0.3333333333333333,,False,False,False,False
2,168,operator_table_2x2,operator_table_2x2,cm_quotient,OR,IMP,X_AND_NOT_Y,NOR,NOT_R,R,False,"X,Y","X,!X","Y,!Y",True,"2x2 canonical rows X,!X and columns Y,!Y",2x2,4,01;00,00;01,01;01,0.0,0.0,0.0,0.0,3,3,2,1,1,2,False,False,0.5,,False,False,False,False
2,169,operator_table_2x2,operator_table_2x2,cm_quotient,OR,RIMP,NOT_X_AND_Y,NOR,NOT_L,L,False,"X,Y","X,!X","Y,!Y",True,"2x2 canonical rows X,!X and columns Y,!Y",2x2,4,00;10,00;01,00;11,0.0,0.0,0.0,0.0,3,3,2,1,1,2,False,False,0.5,,False,False,False,False
2,170,operator_table_2x2,operator_table_2x2,cm_quotient,OR,OR,FALSE,FALSE,FALSE,OR,True,"X,Y","X,!X","Y,!Y",True,"2x2 canonical rows X,!X and columns Y,!Y",2x2,4,00;00,00;00,00;00,0.0,0.0,0.0,0.0,3,3,3,0,0,0,True,True,1.0,,True,True,True,True
2,171,operator_table_2x2,operator_table_2x2,cm_quotient,OR,NAND,AND,NOR,EQV,XOR,False,"X,Y","X,!X","Y,!Y",True,"2x2 canonical rows X,!X and columns Y,!Y",2x2,4,10;00,00;01,10;01,0.0,0.0,0.0,0.0,3,3,2,1,1,2,False,False,0.5,,False,False,False,False
2,172,operator_table_2x2,operator_table_2x2,cm_quotient,OR,R,X_AND_NOT_Y,FALSE,X_AND_NOT_Y,R,False,"X,Y","X,!X","Y,!Y",True,"2x2 canonical rows X,!X and columns Y,!Y",2x2,4,01;00,00;00,01;00,0.0,0.0,0.0,0.0,3,2,2,1,0,1,True,False,0.6666666666666666,,False,False,False,False
2,173,operator_table_2x2,operator_table_2x2,cm_quotient,OR,NOT_R,R,NOR,IMP,X_AND_NOT_Y,False,"X,Y","X,!X","Y,!Y",True,"2x2 canonical rows X,!X and columns Y,!Y",2x2,4,10;10,00;01,10;11,0.0,0.0,0.0,0.0,3,2,1,2,1,3,False,False,0.25,,False,False,False,False
2,174,operator_table_2x2,operator_table_2x2,cm_quotient,OR,L,NOT_X_AND_Y,FALSE,NOT_X_AND_Y,L,False,"X,Y","X,!X","Y,!Y",True,"2x2 canonical rows X,!X and columns Y,!Y",2x2,4,00;10,00;00,00;10,0.0,0.0,0.0,0.0,3,2,2,1,0,1,True,False,0.6666666666666666,,False,False,False,False
2,175,operator_table_2x2,operator_table_2x2,cm_quotient,OR,NOT_L,L,NOR,RIMP,NOT_X_AND_Y,False,"X,Y","X,!X","Y,!Y",True,"2x2 canonical rows X,!X and columns Y,!Y",2x2,4,11;00,00;01,11;01,0.0,0.0,0.0,0.0,3,2,1,2,1,3,False,False,0.25,,False,False,False,False
2,176,operator_table_2x2,operator_table_2x2,cm_quotient,NAND,TRUE,FALSE,AND,AND,NAND,False,"X,Y","X,!X","Y,!Y",True,"2x2 canonical rows X,!X and columns Y,!Y",2x2,4,00;00,10;00,10;00,0.0,0.0,0.0,0.0,3,4,3,0,1,1,False,True,0.75,,False,False,False,False
2,177,operator_table_2x2,operator_table_2x2,cm_quotient,NAND,FALSE,NAND,FALSE,NAND,FALSE,False,"X,Y","X,!X","Y,!Y",True,"2x2 canonical rows X,!X and columns Y,!Y",2x2,4,01;11,00;00,01;11,0.0,0.0,0.0,0.0,3,0,0,3,0,3,True,False,0.0,,False,False,False,False
2,178,operator_table_2x2,operator_table_2x2,cm_quotient,NAND,EQV,XOR,AND,OR,NOR,False,"X,Y","X,!X","Y,!Y",True,"2x2 canonical rows X,!X and columns Y,!Y",2x2,4,01;10,10;00,11;10,0.0,0.0,0.0,0.0,3,2,1,2,1,3,False,False,0.25,,False,False,False,False
2,179,operator_table_2x2,operator_table_2x2,cm_quotient,NAND,XOR,NOR,FALSE,NOR,XOR,False,"X,Y","X,!X","Y,!Y",True,"2x2 canonical rows X,!X and columns Y,!Y",2x2,4,00;01,00;00,00;01,0.0,0.0,0.0,0.0,3,2,2,1,0,1,True,False,0.6666666666666666,,False,False,False,False
2,180,operator_table_2x2,operator_table_2x2,cm_quotient,NAND,AND,NAND,AND,TRUE,FALSE,False,"X,Y","X,!X","Y,!Y",True,"2x2 canonical rows X,!X and columns Y,!Y",2x2,4,01;11,10;00,11;11,0.0,0.0,0.0,0.0,3,1,0,3,1,4,False,False,0.0,,False,False,False,False
2,181,operator_table_2x2,operator_table_2x2,cm_quotient,NAND,NOR,XOR,FALSE,XOR,NOR,False,"X,Y","X,!X","Y,!Y",True,"2x2 canonical rows X,!X and columns Y,!Y",2x2,4,01;10,00;00,01;10,0.0,0.0,0.0,0.0,3,1,1,2,0,2,True,False,0.3333333333333333,,False,False,False,False
2,182,operator_table_2x2,operator_table_2x2,cm_quotient,NAND,X_AND_NOT_Y,NOT_L,FALSE,NOT_L,X_AND_NOT_Y,False,"X,Y","X,!X","Y,!Y",True,"2x2 canonical rows X,!X and columns Y,!Y",2x2,4,00;11,00;00,00;11,0.0,0.0,0.0,0.0,3,1,1,2,0,2,True,False,0.3333333333333333,,False,False,False,False
2,183,operator_table_2x2,operator_table_2x2,cm_quotient,NAND,NOT_X_AND_Y,NOT_R,FALSE,NOT_R,NOT_X_AND_Y,False,"X,Y","X,!X","Y,!Y",True,"2x2 canonical rows X,!X and columns Y,!Y",2x2,4,01;01,00;00,01;01,0.0,0.0,0.0,0.0,3,1,1,2,0,2,True,False,0.3333333333333333,,False,False,False,False
2,184,operator_table_2x2,operator_table_2x2,cm_quotient,NAND,IMP,X_AND_NOT_Y,AND,L,NOT_L,False,"X,Y","X,!X","Y,!Y",True,"2x2 canonical rows X,!X and columns Y,!Y",2x2,4,01;00,10;00,11;00,0.0,0.0,0.0,0.0,3,3,2,1,1,2,False,False,0.5,,False,False,False,False
2,185,operator_table_2x2,operator_table_2x2,cm_quotient,NAND,RIMP,NOT_X_AND_Y,AND,R,NOT_R,False,"X,Y","X,!X","Y,!Y",True,"2x2 canonical rows X,!X and columns Y,!Y",2x2,4,00;10,10;00,10;10,0.0,0.0,0.0,0.0,3,3,2,1,1,2,False,False,0.5,,False,False,False,False
2,186,operator_table_2x2,operator_table_2x2,cm_quotient,NAND,OR,NOR,AND,EQV,XOR,False,"X,Y","X,!X","Y,!Y",True,"2x2 canonical rows X,!X and columns Y,!Y",2x2,4,00;01,10;00,10;01,0.0,0.0,0.0,0.0,3,3,2,1,1,2,False,False,0.5,,False,False,False,False
2,187,operator_table_2x2,operator_table_2x2,cm_quotient,NAND,NAND,FALSE,FALSE,FALSE,NAND,True,"X,Y","X,!X","Y,!Y",True,"2x2 canonical rows X,!X and columns Y,!Y",2x2,4,00;00,00;00,00;00,0.0,0.0,0.0,0.0,3,3,3,0,0,0,True,True,1.0,,True,True,True,True
2,188,operator_table_2x2,operator_table_2x2,cm_quotient,NAND,R,NOT_R,AND,RIMP,NOT_X_AND_Y,False,"X,Y","X,!X","Y,!Y",True,"2x2 canonical rows X,!X and columns Y,!Y",2x2,4,01;01,10;00,11;01,0.0,0.0,0.0,0.0,3,2,1,2,1,3,False,False,0.25,,False,False,False,False
2,189,operator_table_2x2,operator_table_2x2,cm_quotient,NAND,NOT_R,NOT_X_AND_Y,FALSE,NOT_X_AND_Y,NOT_R,False,"X,Y","X,!X","Y,!Y",True,"2x2 canonical rows X,!X and columns Y,!Y",2x2,4,00;10,00;00,00;10,0.0,0.0,0.0,0.0,3,2,2,1,0,1,True,False,0.6666666666666666,,False,False,False,False
2,190,operator_table_2x2,operator_table_2x2,cm_quotient,NAND,L,NOT_L,AND,IMP,X_AND_NOT_Y,False,"X,Y","X,!X","Y,!Y",True,"2x2 canonical rows X,!X and columns Y,!Y",2x2,4,00;11,10;00,10;11,0.0,0.0,0.0,0.0,3,2,1,2,1,3,False,False,0.25,,False,False,False,False
2,191,operator_table_2x2,operator_table_2x2,cm_quotient,NAND,NOT_L,X_AND_NOT_Y,FALSE,X_AND_NOT_Y,NOT_L,False,"X,Y","X,!X","Y,!Y",True,"2x2 canonical rows X,!X and columns Y,!Y",2x2,4,01;00,00;00,01;00,0.0,0.0,0.0,0.0,3,2,2,1,0,1,True,False,0.6666666666666666,,False,False,False,False
2,192,operator_table_2x2,operator_table_2x2,cm_quotient,R,TRUE,FALSE,NOT_R,NOT_R,R,False,"X,Y","X,!X","Y,!Y",True,"2x2 canonical rows X,!X and columns Y,!Y",2x2,4,00;00,01;01,01;01,0.0,0.0,0.0,0.0,2,4,2,0,2,2,False,True,0.5,,False,False,False,False
2,193,operator_table_2x2,operator_table_2x2,cm_quotient,R,FALSE,R,FALSE,R,FALSE,False,"X,Y","X,!X","Y,!Y",True,"2x2 canonical rows X,!X and columns Y,!Y",2x2,4,10;10,00;00,10;10,0.0,0.0,0.0,0.0,2,0,0,2,0,2,True,False,0.0,,False,False,False,False
2,194,operator_table_2x2,operator_table_2x2,cm_quotient,R,EQV,NOT_X_AND_Y,NOR,NOT_L,AND,False,"X,Y","X,!X","Y,!Y",True,"2x2 canonical rows X,!X and columns Y,!Y",2x2,4,00;10,00;01,00;11,0.0,0.0,0.0,0.0,2,2,1,1,1,2,False,False,0.3333333333333333,,False,False,False,False
2,195,operator_table_2x2,operator_table_2x2,cm_quotient,R,XOR,AND,X_AND_NOT_Y,L,NOT_X_AND_Y,False,"X,Y","X,!X","Y,!Y",True,"2x2 canonical rows X,!X and columns Y,!Y",2x2,4,10;00,01;00,11;00,0.0,0.0,0.0,0.0,2,2,1,1,1,2,False,False,0.3333333333333333,,False,False,False,False
2,196,operator_table_2x2,operator_table_2x2,cm_quotient,R,AND,NOT_X_AND_Y,FALSE,NOT_X_AND_Y,AND,False,"X,Y","X,!X","Y,!Y",True,"2x2 canonical rows X,!X and columns Y,!Y",2x2,4,00;10,00;00,00;10,0.0,0.0,0.0,0.0,2,1,1,1,0,1,True,False,0.5,,False,False,False,False
2,197,operator_table_2x2,operator_table_2x2,cm_quotient,R,NOR,R,NOR,IMP,FALSE,False,"X,Y","X,!X","Y,!Y",True,"2x2 canonical rows X,!X and columns Y,!Y",2x2,4,10;10,00;01,10;11,0.0,0.0,0.0,0.0,2,1,0,2,1,3,False,False,0.0,,False,False,False,False
2,198,operator_table_2x2,operator_table_2x2,cm_quotient,R,X_AND_NOT_Y,R,X_AND_NOT_Y,OR,FALSE,False,"X,Y","X,!X","Y,!Y",True,"2x2 canonical rows X,!X and columns Y,!Y",2x2,4,10;10,01;00,11;10,0.0,0.0,0.0,0.0,2,1,0,2,1,3,False,False,0.0,,False,False,False,False
2,199,operator_table_2x2,operator_table_2x2,cm_quotient,R,NOT_X_AND_Y,AND,FALSE,AND,NOT_X_AND_Y,False,"X,Y","X,!X","Y,!Y",True,"2x2 canonical rows X,!X and columns Y,!Y",2x2,4,10;00,00;00,10;00,0.0,0.0,0.0,0.0,2,1,1,1,0,1,True,False,0.5,,False,False,False,False
2,200,operator_table_2x2,operator_table_2x2,cm_quotient,R,IMP,FALSE,NOR,NOR,R,False,"X,Y","X,!X","Y,!Y",True,"2x2 canonical rows X,!X and columns Y,!Y",2x2,4,00;00,00;01,00;01,0.0,0.0,0.0,0.0,2,3,2,0,1,1,False,True,0.6666666666666666,,False,False,False,False
2,201,operator_table_2x2,operator_table_2x2,cm_quotient,R,RIMP,NOT_X_AND_Y,NOT_R,NAND,AND,False,"X,Y","X,!X","Y,!Y",True,"2x2 canonical rows X,!X and columns Y,!Y",2x2,4,00;10,01;01,01;11,0.0,0.0,0.0,0.0,2,3,1,1,2,3,False,False,0.25,,False,False,False,False
2,202,operator_table_2x2,operator_table_2x2,cm_quotient,R,OR,FALSE,X_AND_NOT_Y,X_AND_NOT_Y,R,False,"X,Y","X,!X","Y,!Y",True,"2x2 canonical rows X,!X and columns Y,!Y",2x2,4,00;00,01;00,01;00,0.0,0.0,0.0,0.0,2,3,2,0,1,1,False,True,0.6666666666666666,,False,False,False,False
2,203,operator_table_2x2,operator_table_2x2,cm_quotient,R,NAND,AND,NOT_R,RIMP,NOT_X_AND_Y,False,"X,Y","X,!X","Y,!Y",True,"2x2 canonical rows X,!X and columns Y,!Y",2x2,4,10;00,01;01,11;01,0.0,0.0,0.0,0.0,2,3,1,1,2,3,False,False,0.25,,False,False,False,False
2,204,operator_table_2x2,operator_table_2x2,cm_quotient,R,R,FALSE,FALSE,FALSE,R,True,"X,Y","X,!X","Y,!Y",True,"2x2 canonical rows X,!X and columns Y,!Y",2x2,4,00;00,00;00,00;00,0.0,0.0,0.0,0.0,2,2,2,0,0,0,True,True,1.0,,True,True,True,True
2,205,operator_table_2x2,operator_table_2x2,cm_quotient,R,NOT_R,R,NOT_R,TRUE,FALSE,False,"X,Y","X,!X","Y,!Y",True,"2x2 canonical rows X,!X and columns Y,!Y",2x2,4,10;10,01;01,11;11,0.0,0.0,0.0,0.0,2,2,0,2,2,4,False,False,0.0,,False,False,False,False
2,206,operator_table_2x2,operator_table_2x2,cm_quotient,R,L,NOT_X_AND_Y,X_AND_NOT_Y,XOR,AND,False,"X,Y","X,!X","Y,!Y",True,"2x2 canonical rows X,!X and columns Y,!Y",2x2,4,00;10,01;00,01;10,0.0,0.0,0.0,0.0,2,2,1,1,1,2,False,False,0.3333333333333333,,False,False,False,False
2,207,operator_table_2x2,operator_table_2x2,cm_quotient,R,NOT_L,AND,NOR,EQV,NOT_X_AND_Y,False,"X,Y","X,!X","Y,!Y",True,"2x2 canonical rows X,!X and columns Y,!Y",2x2,4,10;00,00;01,10;01,0.0,0.0,0.0,0.0,2,2,1,1,1,2,False,False,0.3333333333333333,,False,False,False,False
2,208,operator_table_2x2,operator_table_2x2,cm_quotient,NOT_R,TRUE,FALSE,R,R,NOT_R,False,"X,Y","X,!X","Y,!Y",True,"2x2 canonical rows X,!X and columns Y,!Y",2x2,4,00;00,10;10,10;10,0.0,0.0,0.0,0.0,2,4,2,0,2,2,False,True,0.5,,False,False,False,False
2,209,operator_table_2x2,operator_table_2x2,cm_quotient,NOT_R,FALSE,NOT_R,FALSE,NOT_R,FALSE,False,"X,Y","X,!X","Y,!Y",True,"2x2 canonical rows X,!X and columns Y,!Y",2x2,4,01;01,00;00,01;01,0.0,0.0,0.0,0.0,2,0,0,2,0,2,True,False,0.0,,False,False,False,False
2,210,operator_table_2x2,operator_table_2x2,cm_quotient,NOT_R,EQV,X_AND_NOT_Y,AND,L,NOR,False,"X,Y","X,!X","Y,!Y",True,"2x2 canonical rows X,!X and columns Y,!Y",2x2,4,01;00,10;00,11;00,0.0,0.0,0.0,0.0,2,2,1,1,1,2,False,False,0.3333333333333333,,False,False,False,False
2,211,operator_table_2x2,operator_table_2x2,cm_quotient,NOT_R,XOR,NOR,NOT_X_AND_Y,NOT_L,X_AND_NOT_Y,False,"X,Y","X,!X","Y,!Y",True,"2x2 canonical rows X,!X and columns Y,!Y",2x2,4,00;01,00;10,00;11,0.0,0.0,0.0,0.0,2,2,1,1,1,2,False,False,0.3333333333333333,,False,False,False,False
2,212,operator_table_2x2,operator_table_2x2,cm_quotient,NOT_R,AND,NOT_R,AND,RIMP,FALSE,False,"X,Y","X,!X","Y,!Y",True,"2x2 canonical rows X,!X and columns Y,!Y",2x2,4,01;01,10;00,11;01,0.0,0.0,0.0,0.0,2,1,0,2,1,3,False,False,0.0,,False,False,False,False
2,213,operator_table_2x2,operator_table_2x2,cm_quotient,NOT_R,NOR,X_AND_NOT_Y,FALSE,X_AND_NOT_Y,NOR,False,"X,Y","X,!X","Y,!Y",True,"2x2 canonical rows X,!X and columns Y,!Y",2x2,4,01;00,00;00,01;00,0.0,0.0,0.0,0.0,2,1,1,1,0,1,True,False,0.5,,False,False,False,False
2,214,operator_table_2x2,operator_table_2x2,cm_quotient,NOT_R,X_AND_NOT_Y,NOR,FALSE,NOR,X_AND_NOT_Y,False,"X,Y","X,!X","Y,!Y",True,"2x2 canonical rows X,!X and columns Y,!Y",2x2,4,00;01,00;00,00;01,0.0,0.0,0.0,0.0,2,1,1,1,0,1,True,False,0.5,,False,False,False,False
2,215,operator_table_2x2,operator_table_2x2,cm_quotient,NOT_R,NOT_X_AND_Y,NOT_R,NOT_X_AND_Y,NAND,FALSE,False,"X,Y","X,!X","Y,!Y",True,"2x2 canonical rows X,!X and columns Y,!Y",2x2,4,01;01,00;10,01;11,0.0,0.0,0.0,0.0,2,1,0,2,1,3,False,False,0.0,,False,False,False,False
2,216,operator_table_2x2,operator_table_2x2,cm_quotient,NOT_R,IMP,X_AND_NOT_Y,R,OR,NOR,False,"X,Y","X,!X","Y,!Y",True,"2x2 canonical rows X,!X and columns Y,!Y",2x2,4,01;00,10;10,11;10,0.0,0.0,0.0,0.0,2,3,1,1,2,3,False,False,0.25,,False,False,False,False
2,217,operator_table_2x2,operator_table_2x2,cm_quotient,NOT_R,RIMP,FALSE,AND,AND,NOT_R,False,"X,Y","X,!X","Y,!Y",True,"2x2 canonical rows X,!X and columns Y,!Y",2x2,4,00;00,10;00,10;00,0.0,0.0,0.0,0.0,2,3,2,0,1,1,False,True,0.6666666666666666,,False,False,False,False
2,218,operator_table_2x2,operator_table_2x2,cm_quotient,NOT_R,OR,NOR,R,IMP,X_AND_NOT_Y,False,"X,Y","X,!X","Y,!Y",True,"2x2 canonical rows X,!X and columns Y,!Y",2x2,4,00;01,10;10,10;11,0.0,0.0,0.0,0.0,2,3,1,1,2,3,False,False,0.25,,False,False,False,False
2,219,operator_table_2x2,operator_table_2x2,cm_quotient,NOT_R,NAND,FALSE,NOT_X_AND_Y,NOT_X_AND_Y,NOT_R,False,"X,Y","X,!X","Y,!Y",True,"2x2 canonical rows X,!X and columns Y,!Y",2x2,4,00;00,00;10,00;10,0.0,0.0,0.0,0.0,2,3,2,0,1,1,False,True,0.6666666666666666,,False,False,False,False
2,220,operator_table_2x2,operator_table_2x2,cm_quotient,NOT_R,R,NOT_R,R,TRUE,FALSE,False,"X,Y","X,!X","Y,!Y",True,"2x2 canonical rows X,!X and columns Y,!Y",2x2,4,01;01,10;10,11;11,0.0,0.0,0.0,0.0,2,2,0,2,2,4,False,False,0.0,,False,False,False,False
2,221,operator_table_2x2,operator_table_2x2,cm_quotient,NOT_R,NOT_R,FALSE,FALSE,FALSE,NOT_R,True,"X,Y","X,!X","Y,!Y",True,"2x2 canonical rows X,!X and columns Y,!Y",2x2,4,00;00,00;00,00;00,0.0,0.0,0.0,0.0,2,2,2,0,0,0,True,True,1.0,,True,True,True,True
2,222,operator_table_2x2,operator_table_2x2,cm_quotient,NOT_R,L,NOR,AND,EQV,X_AND_NOT_Y,False,"X,Y","X,!X","Y,!Y",True,"2x2 canonical rows X,!X and columns Y,!Y",2x2,4,00;01,10;00,10;01,0.0,0.0,0.0,0.0,2,2,1,1,1,2,False,False,0.3333333333333333,,False,False,False,False
2,223,operator_table_2x2,operator_table_2x2,cm_quotient,NOT_R,NOT_L,X_AND_NOT_Y,NOT_X_AND_Y,XOR,NOR,False,"X,Y","X,!X","Y,!Y",True,"2x2 canonical rows X,!X and columns Y,!Y",2x2,4,01;00,00;10,01;10,0.0,0.0,0.0,0.0,2,2,1,1,1,2,False,False,0.3333333333333333,,False,False,False,False
2,224,operator_table_2x2,operator_table_2x2,cm_quotient,L,TRUE,FALSE,NOT_L,NOT_L,L,False,"X,Y","X,!X","Y,!Y",True,"2x2 canonical rows X,!X and columns Y,!Y",2x2,4,00;00,00;11,00;11,0.0,0.0,0.0,0.0,2,4,2,0,2,2,False,True,0.5,,False,False,False,False
2,225,operator_table_2x2,operator_table_2x2,cm_quotient,L,FALSE,L,FALSE,L,FALSE,False,"X,Y","X,!X","Y,!Y",True,"2x2 canonical rows X,!X and columns Y,!Y",2x2,4,11;00,00;00,11;00,0.0,0.0,0.0,0.0,2,0,0,2,0,2,True,False,0.0,,False,False,False,False
2,226,operator_table_2x2,operator_table_2x2,cm_quotient,L,EQV,X_AND_NOT_Y,NOR,NOT_R,AND,False,"X,Y","X,!X","Y,!Y",True,"2x2 canonical rows X,!X and columns Y,!Y",2x2,4,01;00,00;01,01;01,0.0,0.0,0.0,0.0,2,2,1,1,1,2,False,False,0.3333333333333333,,False,False,False,False
2,227,operator_table_2x2,operator_table_2x2,cm_quotient,L,XOR,AND,NOT_X_AND_Y,R,X_AND_NOT_Y,False,"X,Y","X,!X","Y,!Y",True,"2x2 canonical rows X,!X and columns Y,!Y",2x2,4,10;00,00;10,10;10,0.0,0.0,0.0,0.0,2,2,1,1,1,2,False,False,0.3333333333333333,,False,False,False,False
2,228,operator_table_2x2,operator_table_2x2,cm_quotient,L,AND,X_AND_NOT_Y,FALSE,X_AND_NOT_Y,AND,False,"X,Y","X,!X","Y,!Y",True,"2x2 canonical rows X,!X and columns Y,!Y",2x2,4,01;00,00;00,01;00,0.0,0.0,0.0,0.0,2,1,1,1,0,1,True,False,0.5,,False,False,False,False
2,229,operator_table_2x2,operator_table_2x2,cm_quotient,L,NOR,L,NOR,RIMP,FALSE,False,"X,Y","X,!X","Y,!Y",True,"2x2 canonical rows X,!X and columns Y,!Y",2x2,4,11;00,00;01,11;01,0.0,0.0,0.0,0.0,2,1,0,2,1,3,False,False,0.0,,False,False,False,False
2,230,operator_table_2x2,operator_table_2x2,cm_quotient,L,X_AND_NOT_Y,AND,FALSE,AND,X_AND_NOT_Y,False,"X,Y","X,!X","Y,!Y",True,"2x2 canonical rows X,!X and columns Y,!Y",2x2,4,10;00,00;00,10;00,0.0,0.0,0.0,0.0,2,1,1,1,0,1,True,False,0.5,,False,False,False,False
2,231,operator_table_2x2,operator_table_2x2,cm_quotient,L,NOT_X_AND_Y,L,NOT_X_AND_Y,OR,FALSE,False,"X,Y","X,!X","Y,!Y",True,"2x2 canonical rows X,!X and columns Y,!Y",2x2,4,11;00,00;10,11;10,0.0,0.0,0.0,0.0,2,1,0,2,1,3,False,False,0.0,,False,False,False,False
2,232,operator_table_2x2,operator_table_2x2,cm_quotient,L,IMP,X_AND_NOT_Y,NOT_L,NAND,AND,False,"X,Y","X,!X","Y,!Y",True,"2x2 canonical rows X,!X and columns Y,!Y",2x2,4,01;00,00;11,01;11,0.0,0.0,0.0,0.0,2,3,1,1,2,3,False,False,0.25,,False,False,False,False
2,233,operator_table_2x2,operator_table_2x2,cm_quotient,L,RIMP,FALSE,NOR,NOR,L,False,"X,Y","X,!X","Y,!Y",True,"2x2 canonical rows X,!X and columns Y,!Y",2x2,4,00;00,00;01,00;01,0.0,0.0,0.0,0.0,2,3,2,0,1,1,False,True,0.6666666666666666,,False,False,False,False
2,234,operator_table_2x2,operator_table_2x2,cm_quotient,L,OR,FALSE,NOT_X_AND_Y,NOT_X_AND_Y,L,False,"X,Y","X,!X","Y,!Y",True,"2x2 canonical rows X,!X and columns Y,!Y",2x2,4,00;00,00;10,00;10,0.0,0.0,0.0,0.0,2,3,2,0,1,1,False,True,0.6666666666666666,,False,False,False,False
2,235,operator_table_2x2,operator_table_2x2,cm_quotient,L,NAND,AND,NOT_L,IMP,X_AND_NOT_Y,False,"X,Y","X,!X","Y,!Y",True,"2x2 canonical rows X,!X and columns Y,!Y",2x2,4,10;00,00;11,10;11,0.0,0.0,0.0,0.0,2,3,1,1,2,3,False,False,0.25,,False,False,False,False
2,236,operator_table_2x2,operator_table_2x2,cm_quotient,L,R,X_AND_NOT_Y,NOT_X_AND_Y,XOR,AND,False,"X,Y","X,!X","Y,!Y",True,"2x2 canonical rows X,!X and columns Y,!Y",2x2,4,01;00,00;10,01;10,0.0,0.0,0.0,0.0,2,2,1,1,1,2,False,False,0.3333333333333333,,False,False,False,False
2,237,operator_table_2x2,operator_table_2x2,cm_quotient,L,NOT_R,AND,NOR,EQV,X_AND_NOT_Y,False,"X,Y","X,!X","Y,!Y",True,"2x2 canonical rows X,!X and columns Y,!Y",2x2,4,10;00,00;01,10;01,0.0,0.0,0.0,0.0,2,2,1,1,1,2,False,False,0.3333333333333333,,False,False,False,False
2,238,operator_table_2x2,operator_table_2x2,cm_quotient,L,L,FALSE,FALSE,FALSE,L,True,"X,Y","X,!X","Y,!Y",True,"2x2 canonical rows X,!X and columns Y,!Y",2x2,4,00;00,00;00,00;00,0.0,0.0,0.0,0.0,2,2,2,0,0,0,True,True,1.0,,True,True,True,True
2,239,operator_table_2x2,operator_table_2x2,cm_quotient,L,NOT_L,L,NOT_L,TRUE,FALSE,False,"X,Y","X,!X","Y,!Y",True,"2x2 canonical rows X,!X and columns Y,!Y",2x2,4,11;00,00;11,11;11,0.0,0.0,0.0,0.0,2,2,0,2,2,4,False,False,0.0,,False,False,False,False
2,240,operator_table_2x2,operator_table_2x2,cm_quotient,NOT_L,TRUE,FALSE,L,L,NOT_L,False,"X,Y","X,!X","Y,!Y",True,"2x2 canonical rows X,!X and columns Y,!Y",2x2,4,00;00,11;00,11;00,0.0,0.0,0.0,0.0,2,4,2,0,2,2,False,True,0.5,,False,False,False,False
2,241,operator_table_2x2,operator_table_2x2,cm_quotient,NOT_L,FALSE,NOT_L,FALSE,NOT_L,FALSE,False,"X,Y","X,!X","Y,!Y",True,"2x2 canonical rows X,!X and columns Y,!Y",2x2,4,00;11,00;00,00;11,0.0,0.0,0.0,0.0,2,0,0,2,0,2,True,False,0.0,,False,False,False,False
2,242,operator_table_2x2,operator_table_2x2,cm_quotient,NOT_L,EQV,NOT_X_AND_Y,AND,R,NOR,False,"X,Y","X,!X","Y,!Y",True,"2x2 canonical rows X,!X and columns Y,!Y",2x2,4,00;10,10;00,10;10,0.0,0.0,0.0,0.0,2,2,1,1,1,2,False,False,0.3333333333333333,,False,False,False,False
2,243,operator_table_2x2,operator_table_2x2,cm_quotient,NOT_L,XOR,NOR,X_AND_NOT_Y,NOT_R,NOT_X_AND_Y,False,"X,Y","X,!X","Y,!Y",True,"2x2 canonical rows X,!X and columns Y,!Y",2x2,4,00;01,01;00,01;01,0.0,0.0,0.0,0.0,2,2,1,1,1,2,False,False,0.3333333333333333,,False,False,False,False
2,244,operator_table_2x2,operator_table_2x2,cm_quotient,NOT_L,AND,NOT_L,AND,IMP,FALSE,False,"X,Y","X,!X","Y,!Y",True,"2x2 canonical rows X,!X and columns Y,!Y",2x2,4,00;11,10;00,10;11,0.0,0.0,0.0,0.0,2,1,0,2,1,3,False,False,0.0,,False,False,False,False
2,245,operator_table_2x2,operator_table_2x2,cm_quotient,NOT_L,NOR,NOT_X_AND_Y,FALSE,NOT_X_AND_Y,NOR,False,"X,Y","X,!X","Y,!Y",True,"2x2 canonical rows X,!X and columns Y,!Y",2x2,4,00;10,00;00,00;10,0.0,0.0,0.0,0.0,2,1,1,1,0,1,True,False,0.5,,False,False,False,False
2,246,operator_table_2x2,operator_table_2x2,cm_quotient,NOT_L,X_AND_NOT_Y,NOT_L,X_AND_NOT_Y,NAND,FALSE,False,"X,Y","X,!X","Y,!Y",True,"2x2 canonical rows X,!X and columns Y,!Y",2x2,4,00;11,01;00,01;11,0.0,0.0,0.0,0.0,2,1,0,2,1,3,False,False,0.0,,False,False,False,False
2,247,operator_table_2x2,operator_table_2x2,cm_quotient,NOT_L,NOT_X_AND_Y,NOR,FALSE,NOR,NOT_X_AND_Y,False,"X,Y","X,!X","Y,!Y",True,"2x2 canonical rows X,!X and columns Y,!Y",2x2,4,00;01,00;00,00;01,0.0,0.0,0.0,0.0,2,1,1,1,0,1,True,False,0.5,,False,False,False,False
2,248,operator_table_2x2,operator_table_2x2,cm_quotient,NOT_L,IMP,FALSE,AND,AND,NOT_L,False,"X,Y","X,!X","Y,!Y",True,"2x2 canonical rows X,!X and columns Y,!Y",2x2,4,00;00,10;00,10;00,0.0,0.0,0.0,0.0,2,3,2,0,1,1,False,True,0.6666666666666666,,False,False,False,False
2,249,operator_table_2x2,operator_table_2x2,cm_quotient,NOT_L,RIMP,NOT_X_AND_Y,L,OR,NOR,False,"X,Y","X,!X","Y,!Y",True,"2x2 canonical rows X,!X and columns Y,!Y",2x2,4,00;10,11;00,11;10,0.0,0.0,0.0,0.0,2,3,1,1,2,3,False,False,0.25,,False,False,False,False
2,250,operator_table_2x2,operator_table_2x2,cm_quotient,NOT_L,OR,NOR,L,RIMP,NOT_X_AND_Y,False,"X,Y","X,!X","Y,!Y",True,"2x2 canonical rows X,!X and columns Y,!Y",2x2,4,00;01,11;00,11;01,0.0,0.0,0.0,0.0,2,3,1,1,2,3,False,False,0.25,,False,False,False,False
2,251,operator_table_2x2,operator_table_2x2,cm_quotient,NOT_L,NAND,FALSE,X_AND_NOT_Y,X_AND_NOT_Y,NOT_L,False,"X,Y","X,!X","Y,!Y",True,"2x2 canonical rows X,!X and columns Y,!Y",2x2,4,00;00,01;00,01;00,0.0,0.0,0.0,0.0,2,3,2,0,1,1,False,True,0.6666666666666666,,False,False,False,False
2,252,operator_table_2x2,operator_table_2x2,cm_quotient,NOT_L,R,NOR,AND,EQV,NOT_X_AND_Y,False,"X,Y","X,!X","Y,!Y",True,"2x2 canonical rows X,!X and columns Y,!Y",2x2,4,00;01,10;00,10;01,0.0,0.0,0.0,0.0,2,2,1,1,1,2,False,False,0.3333333333333333,,False,False,False,False
2,253,operator_table_2x2,operator_table_2x2,cm_quotient,NOT_L,NOT_R,NOT_X_AND_Y,X_AND_NOT_Y,XOR,NOR,False,"X,Y","X,!X","Y,!Y",True,"2x2 canonical rows X,!X and columns Y,!Y",2x2,4,00;10,01;00,01;10,0.0,0.0,0.0,0.0,2,2,1,1,1,2,False,False,0.3333333333333333,,False,False,False,False
2,254,operator_table_2x2,operator_table_2x2,cm_quotient,NOT_L,L,NOT_L,L,TRUE,FALSE,False,"X,Y","X,!X","Y,!Y",True,"2x2 canonical rows X,!X and columns Y,!Y",2x2,4,00;11,11;00,11;11,0.0,0.0,0.0,0.0,2,2,0,2,2,4,False,False,0.0,,False,False,False,False
2,255,operator_table_2x2,operator_table_2x2,cm_quotient,NOT_L,NOT_L,FALSE,FALSE,FALSE,NOT_L,True,"X,Y","X,!X","Y,!Y",True,"2x2 canonical rows X,!X and columns Y,!Y",2x2,4,00;00,00;00,00;00,0.0,0.0,0.0,0.0,2,2,2,0,0,0,True,True,1.0,,True,True,True,True
