corpus,role,id,seed,truth_sha256_expected,frozen_truth_sha256_verified,source_circuit_sha256,cluster,live_k,structural_dag_nodes_source,unfolded_tree_nodes,ir_nodes,node_count_cold_ns_median,node_count_warm_ns_median,cm_instructions,cm_executed_bigint_ops,cm_executed_word_ops,cm_peak_live_word_buffers,raw_instructions,raw_executed_bigint_ops,raw_executed_word_ops,hash_ns_median,serde_ns_median,json_encode_ns_median,serde_bytes,compile_external_ns,ir_compile_ns,ir_canonicalize_ns,ir_rewrite_ns,ir_intern_ns,ir_live_vars_ns,lower_cm_ns_median,lower_raw_ns_median,raw_kernel_status,raw_flat_ns_median,raw_words_ns_median,cm_flat_ns_median,cm_words_ns_median,wrapper_current_ns_median,end_to_end_current_ns_median,raw_words_over_flat,cm_words_over_flat,wrapper_over_selected_bare,packed_sha256,packed_digest_scope,packed_equal,output_bytes_exact,words_environment_bytes_estimate,raw_flat_temporary_bytes_estimate,raw_word_scratch_bytes_estimate,cm_word_scratch_bytes_estimate,max_kernel_temporary_bytes,kernel_batch,kernel_rounds,structural_hash
synthetic_gap,tuning,selector-gap-k13-xor_dom-tree-1-9f9a10d83773,2283024197844612547,6a27b9216b66a0b2825e52318ead2bd574a52cd9550bf225b8fc7ee1c73fe726,6a27b9216b66a0b2825e52318ead2bd574a52cd9550bf225b8fc7ee1c73fe726,,xor_dom,13,26,26,17,5500.0,600.0,4,16,14,2,13,16,14,28500.0,32900.0,24900.0,617,336100.0,329000.00223889947,23100.001271814108,43700.09992271662,72399.91100504994,36599.92944449186,33100.0,30900.0,ok,7360.0,18560.0,6440.0,14160.0,29500.0,334300.0,2.5217391304347827,2.198757763975155,4.580745341614906,6a27b9216b66a0b2825e52318ead2bd574a52cd9550bf225b8fc7ee1c73fe726,semantic_live_support,True,1024,13312,26624,4096,2048,16777216,5,5,9f9a10d83773d78f05d14fd0223a1358
synthetic_gap,tuning,selector-gap-k13-xor_dom-tree-2-8f95e55d7b67,6798686009557510971,801b18b4940126ff4ac087a4dd98edd84d0965c0ed84068950df788897385511,801b18b4940126ff4ac087a4dd98edd84d0965c0ed84068950df788897385511,,xor_dom,13,26,27,19,5500.0,300.0,6,17,15,3,13,17,15,30200.0,30100.0,21500.0,623,325300.0,320699.9972462654,20999.927073717117,40700.07707923651,69399.94636923075,40099.897887557745,42800.0,22300.0,ok,7820.0,19900.0,7520.0,17020.0,22800.0,346900.0,2.544757033248082,2.2632978723404253,3.0319148936170213,801b18b4940126ff4ac087a4dd98edd84d0965c0ed84068950df788897385511,semantic_live_support,True,1024,13312,27648,4096,3072,16777216,5,5,8f95e55d7b67dbfd2eccf7ef34cf073b
synthetic_gap,tuning,selector-gap-k13-xor_dom-shared-1-eff7cf0ccbc6,1424053974641043770,716fb2ef32e72f72aaa9732124821e3b073fc16b5b1b75bf59c42945d57274b2,716fb2ef32e72f72aaa9732124821e3b073fc16b5b1b75bf59c42945d57274b2,,xor_dom,13,33,61,17,5300.0,300.0,4,17,16,3,30,32,31,35700.0,43200.0,27300.0,805,507900.0,502199.98229295015,39500.00973418355,80300.0875748694,104199.80389997363,68299.99620094895,27300.0,46400.0,ok,12680.0,41000.0,6920.0,17240.0,20900.0,537600.0,3.2334384858044163,2.491329479768786,3.020231213872832,716fb2ef32e72f72aaa9732124821e3b073fc16b5b1b75bf59c42945d57274b2,semantic_live_support,True,1024,13312,62464,5120,3072,16777216,5,5,eff7cf0ccbc63d6a62f81dd8dfc54fdd
synthetic_gap,tuning,selector-gap-k13-xor_dom-shared-2-dc1141c5a731,6107769996622208047,7e0a2195ba20d13ab9a2cc25315084f70fd170a863580067fba2d1d881870dcd,7e0a2195ba20d13ab9a2cc25315084f70fd170a863580067fba2d1d881870dcd,,xor_dom,13,45,113,30,10500.0,300.0,17,40,34,9,61,79,65,56500.0,63600.0,37400.0,1094,925500.0,916700.0534944236,74799.92927983403,129799.9988310039,169699.72057268023,129500.11296197772,58900.0,87800.0,ok,32440.0,77360.0,17840.0,35980.0,36200.0,796300.0,2.384710234278668,2.016816143497758,2.0291479820627805,7e0a2195ba20d13ab9a2cc25315084f70fd170a863580067fba2d1d881870dcd,semantic_live_support,True,1024,13312,115712,5120,9216,16777216,5,5,dc1141c5a731d0b0c7dce3d6eccbec89
synthetic_gap,tuning,selector-gap-k13-andor_dom-tree-1-e717aa4b182d,8870036969255502751,73e7b9af16da44c94c62515c724564c7ced9ce6bac167e460676517b61b6bb3d,73e7b9af16da44c94c62515c724564c7ced9ce6bac167e460676517b61b6bb3d,,andor_dom,13,32,38,27,8700.0,300.0,14,22,20,4,19,22,20,46300.0,42400.0,33600.0,769,484200.0,477300.0255227089,36599.75482150912,39700.185880064964,102800.08427798748,73799.92166534066,48000.0,31200.0,ok,11040.0,28680.0,11080.0,27480.0,26200.0,442300.0,2.597826086956522,2.48014440433213,2.3646209386281587,73e7b9af16da44c94c62515c724564c7ced9ce6bac167e460676517b61b6bb3d,semantic_live_support,True,1024,13312,38912,4096,4096,16777216,5,5,e717aa4b182d81fb7f014621e488dfa4
synthetic_gap,tuning,selector-gap-k13-andor_dom-tree-2-2b02c2ce353d,3509592225480496666,b2be90c628714f54954e1fff74d2ca9277af1e629ade6f968e5ec49cdcc9b423,b2be90c628714f54954e1fff74d2ca9277af1e629ade6f968e5ec49cdcc9b423,,andor_dom,13,31,33,27,7400.0,200.0,14,21,17,4,18,22,18,42800.0,45600.0,27300.0,723,379800.0,373799.99412223697,25599.96210038662,32900.01768618822,88100.08876025677,41900.08621662855,43300.0,26900.0,ok,9620.0,24240.0,10320.0,21760.0,25800.0,374000.0,2.5197505197505197,2.108527131782946,2.5,b2be90c628714f54954e1fff74d2ca9277af1e629ade6f968e5ec49cdcc9b423,semantic_live_support,True,1024,13312,33792,5120,4096,16777216,5,5,2b02c2ce353d6de4fd4c42b31fc40c0d
synthetic_gap,tuning,selector-gap-k13-andor_dom-shared-1-edd8877715e2,1596869751077217417,74a76b50a5bd81411c886a140592c675b836206f14aa6032c2cd2a197242954b,74a76b50a5bd81411c886a140592c675b836206f14aa6032c2cd2a197242954b,,andor_dom,13,41,66,30,9600.0,300.0,17,31,28,7,35,40,35,53100.0,55100.0,32800.0,992,606500.0,599700.0262141228,50099.85761716962,63200.07378235459,128400.0463783741,89400.15686675906,50800.0,51300.0,ok,15400.0,44200.0,12440.0,31620.0,26100.0,567900.0,2.8701298701298703,2.5418006430868165,2.098070739549839,74a76b50a5bd81411c886a140592c675b836206f14aa6032c2cd2a197242954b,semantic_live_support,True,1024,13312,67584,4096,7168,16777216,5,5,edd8877715e24daa4abd7dda0f05fdfd
synthetic_gap,tuning,selector-gap-k13-andor_dom-shared-2-9afc69d8f8fe,3454281855025251075,5b0b76177250083605b91be38eebac404e883facc8deb69f5a443ccd0d6d38f9,5b0b76177250083605b91be38eebac404e883facc8deb69f5a443ccd0d6d38f9,,andor_dom,13,44,67,30,10300.0,300.0,17,36,32,7,34,40,36,55500.0,69500.0,37100.0,1073,647500.0,639400.037471205,53499.999921768904,60999.76599216461,135199.6324956417,95600.14586895704,53900.0,52100.0,ok,15340.0,45160.0,21020.0,52420.0,42200.0,800100.0,2.9439374185136895,2.493815413891532,2.0076117982873454,5b0b76177250083605b91be38eebac404e883facc8deb69f5a443ccd0d6d38f9,semantic_live_support,True,1024,13312,68608,5120,7168,16777216,5,5,9afc69d8f8fe0a445bc160e2d2c7a066
synthetic_gap,tuning,selector-gap-k13-impeqv_dom-tree-1-77031942351a,3914099624317553999,2b54bf8168b5ba7e1d5f3a98b58445f8336ffcd2df0fdf6b6026b3dc9017e54a,2b54bf8168b5ba7e1d5f3a98b58445f8336ffcd2df0fdf6b6026b3dc9017e54a,,impeqv_dom,13,30,33,28,7800.0,300.0,15,38,26,4,17,39,27,42200.0,40200.0,25100.0,715,317700.0,312399.99225363135,9499.955922365189,23900.12377873063,80200.20322874188,43299.864046275616,45400.0,28000.0,ok,17960.0,28720.0,17800.0,26420.0,31800.0,353100.0,1.599109131403118,1.4842696629213483,1.7865168539325842,2b54bf8168b5ba7e1d5f3a98b58445f8336ffcd2df0fdf6b6026b3dc9017e54a,semantic_live_support,True,1024,13312,33792,6144,4096,16777216,5,5,77031942351ab96188ccc50b84682d78
synthetic_gap,tuning,selector-gap-k13-impeqv_dom-tree-2-56d7f366df96,3816016164161023029,4d3799a2b579cdc53fb42b21b0e53b8c5a8880e9b26fe0a15cd402fa91dcf907,4d3799a2b579cdc53fb42b21b0e53b8c5a8880e9b26fe0a15cd402fa91dcf907,,impeqv_dom,13,29,32,28,7800.0,300.0,15,41,28,4,16,41,28,39100.0,51200.0,24700.0,696,302900.0,297799.99749735,6099.988240748644,24400.069378316402,78200.07158443332,43799.8678535223,44300.0,26200.0,ok,18620.0,27600.0,18780.0,27300.0,34400.0,357300.0,1.4822771213748658,1.4536741214057507,1.8317358892438764,4d3799a2b579cdc53fb42b21b0e53b8c5a8880e9b26fe0a15cd402fa91dcf907,semantic_live_support,True,1024,13312,32768,4096,4096,16777216,5,5,56d7f366df963c8ab9dbafffce31d8e9
synthetic_gap,tuning,selector-gap-k13-impeqv_dom-shared-1-ae9a714d1dc6,6501669596426477098,12e9b6d65755b9381f2cb7886d22827243a30bab8d4637369ba6d1b1e8f7b878,12e9b6d65755b9381f2cb7886d22827243a30bab8d4637369ba6d1b1e8f7b878,,impeqv_dom,13,39,69,39,11700.0,400.0,26,74,50,8,34,98,66,52400.0,59900.0,34400.0,963,441600.0,435199.9959908426,4300.032742321491,31499.715987592936,110400.08394047618,84100.1165099442,66000.0,57300.0,ok,52900.0,72620.0,33800.0,44000.0,50200.0,488900.0,1.3727788279773157,1.301775147928994,1.485207100591716,12e9b6d65755b9381f2cb7886d22827243a30bab8d4637369ba6d1b1e8f7b878,semantic_live_support,True,1024,13312,70656,4096,8192,16777216,5,5,ae9a714d1dc65c94c7d488a936c61a96
synthetic_gap,tuning,selector-gap-k13-impeqv_dom-shared-2-e5b4909de610,5232776060271442878,50926e966543e55523053057743c642bf1dfb188dff808979b85cb8110cd62eb,50926e966543e55523053057743c642bf1dfb188dff808979b85cb8110cd62eb,,impeqv_dom,13,32,53,32,8300.0,300.0,19,55,37,6,26,72,49,41700.0,42500.0,25600.0,780,316300.0,310999.98159334064,2500.019036233425,17600.0758074224,82800.16481876373,60800.055507570505,50200.0,38700.0,ok,38320.0,68920.0,25780.0,32920.0,42500.0,377900.0,1.7985386221294364,1.2769588828549263,1.6485647788983708,50926e966543e55523053057743c642bf1dfb188dff808979b85cb8110cd62eb,semantic_live_support,True,1024,13312,54272,4096,6144,16777216,5,5,e5b4909de6102c792a5315c0cdfbb573
synthetic_gap,tuning,selector-gap-k13-mixed-tree-1-45c86f91ce46,7712331610724418789,d042913ad45b9ed486ab70c71ef01098e5f7ec8b3d4411498f1c33782d27dfd1,d042913ad45b9ed486ab70c71ef01098e5f7ec8b3d4411498f1c33782d27dfd1,,mixed,13,32,37,26,7300.0,200.0,13,23,19,5,19,29,23,44500.0,42400.0,26200.0,766,420000.0,413400.00461786985,24900.014977902174,45000.16802921891,94499.9628700316,49700.02919435501,43100.0,30300.0,ok,12080.0,27580.0,11220.0,22740.0,25400.0,429600.0,2.283112582781457,2.0267379679144386,2.263814616755793,d042913ad45b9ed486ab70c71ef01098e5f7ec8b3d4411498f1c33782d27dfd1,semantic_live_support,True,1024,13312,37888,5120,5120,16777216,5,5,45c86f91ce4627652deedccd94c020c9
synthetic_gap,tuning,selector-gap-k13-mixed-tree-2-318b85eea545,188740243935155986,4daea88c99fc33811ff1d8af36a6e624bb2593fda59ee29017f03dcc4eabdfda,4daea88c99fc33811ff1d8af36a6e624bb2593fda59ee29017f03dcc4eabdfda,,mixed,13,28,29,28,7700.0,200.0,15,29,21,4,15,29,21,40300.0,43600.0,23300.0,662,331300.0,326299.98167976737,13500.102795660496,27799.978852272034,79199.90457594395,38100.057281553745,45900.0,22800.0,ok,13400.0,23540.0,14140.0,23520.0,27700.0,335800.0,1.7567164179104477,1.6633663366336633,1.958981612446959,4daea88c99fc33811ff1d8af36a6e624bb2593fda59ee29017f03dcc4eabdfda,semantic_live_support,True,1024,13312,29696,5120,4096,16777216,5,5,318b85eea5451f4767ac3c6c8f3dce50
synthetic_gap,tuning,selector-gap-k13-mixed-shared-1-93627fd5e326,3021516842052794665,9cd2fcf18bf0ce2867eb6b1178e88f4e0c54870d109c38ff2c92302871bfcd53,9cd2fcf18bf0ce2867eb6b1178e88f4e0c54870d109c38ff2c92302871bfcd53,,mixed,13,38,58,29,9200.0,300.0,16,40,32,7,29,44,36,52800.0,57000.0,58100.0,931,593800.0,587799.9938093126,38299.94238913059,58000.03418698907,130200.00187680125,87600.02674534917,51400.0,44000.0,ok,18780.0,40820.0,17960.0,32160.0,31200.0,554100.0,2.1735889243876465,1.7906458797327394,1.7371937639198218,9cd2fcf18bf0ce2867eb6b1178e88f4e0c54870d109c38ff2c92302871bfcd53,semantic_live_support,True,1024,13312,59392,4096,7168,16777216,5,5,93627fd5e326cfa207aafdcdc4496424
synthetic_gap,tuning,selector-gap-k13-mixed-shared-2-ec0fd0be1b57,8066683748159440239,4174bd44c73c8838990827785aa2cd0bdad704c64339709236091354cb5b3629,4174bd44c73c8838990827785aa2cd0bdad704c64339709236091354cb5b3629,,mixed,13,43,79,36,10700.0,300.0,23,52,39,6,41,75,56,58600.0,60900.0,35400.0,1049,572400.0,564999.9948218465,34500.08807703853,54600.18292069435,123200.1231983304,93900.01650899649,60600.0,66300.0,ok,29880.0,57880.0,22080.0,37860.0,39100.0,654200.0,1.9370816599732263,1.7146739130434783,1.7708333333333333,4174bd44c73c8838990827785aa2cd0bdad704c64339709236091354cb5b3629,semantic_live_support,True,1024,13312,80896,5120,6144,16777216,5,5,ec0fd0be1b57d025e70e27b44f3f2e45
synthetic_gap,tuning,selector-gap-k14-xor_dom-tree-1-9a7d02aa3b1d,3220527269701357297,410e825e5a8034186145aebf3a3f1eb5d0342c909ee878ca980f5c6e77225033,410e825e5a8034186145aebf3a3f1eb5d0342c909ee878ca980f5c6e77225033,,xor_dom,14,33,37,20,6000.0,200.0,6,19,16,4,19,23,20,43500.0,50000.0,27200.0,788,453400.0,446500.02382695675,33699.90736246109,63400.13351291418,94100.1926548779,53299.99839887023,31300.0,29600.0,ok,13940.0,28740.0,10960.0,19480.0,29300.0,462900.0,2.061692969870875,1.7773722627737227,2.673357664233577,410e825e5a8034186145aebf3a3f1eb5d0342c909ee878ca980f5c6e77225033,semantic_live_support,True,2048,28672,75776,10240,8192,16777216,5,5,9a7d02aa3b1dd3e19d8c37c9ca069e93
synthetic_gap,tuning,selector-gap-k14-xor_dom-tree-2-2a99ad3e3bef,7091856428280436633,126b9c550e233e78b13f13c45b59092276b9a12af24cab35cf86b7018c651d17,126b9c550e233e78b13f13c45b59092276b9a12af24cab35cf86b7018c651d17,,xor_dom,14,41,48,34,10100.0,300.0,20,36,28,5,27,36,28,54300.0,61500.0,34600.0,965,586500.0,577900.03484115,38400.11777356267,67899.9931551516,133500.1434199512,80199.8539827764,57400.0,38500.0,ok,24100.0,38720.0,24340.0,34720.0,41200.0,574900.0,1.6066390041493777,1.4264585045193099,1.6926869350862777,126b9c550e233e78b13f13c45b59092276b9a12af24cab35cf86b7018c651d17,semantic_live_support,True,2048,28672,98304,10240,10240,16777216,5,5,2a99ad3e3bef0821b2afaa5812f2bf3f
synthetic_gap,tuning,selector-gap-k14-xor_dom-shared-1-b2d777e08843,7937686952706662640,925c9b6095b5d5dd7caf36a377eeef83b22c29d5652365d9859b038067f353a4,925c9b6095b5d5dd7caf36a377eeef83b22c29d5652365d9859b038067f353a4,,xor_dom,14,42,73,27,9600.0,400.0,13,28,26,6,36,40,38,145300.0,114600.0,101100.0,1039,853100.0,842600.0131294131,73800.0962883234,128000.10154023767,161100.12074932456,120699.7549161315,48400.0,63500.0,ok,22760.0,53880.0,16780.0,32060.0,31800.0,672200.0,2.367311072056239,1.9106078665077473,1.895113230035757,925c9b6095b5d5dd7caf36a377eeef83b22c29d5652365d9859b038067f353a4,semantic_live_support,True,2048,28672,149504,10240,12288,16777216,5,5,b2d777e08843fa0f9b73f49e59c74d76
synthetic_gap,tuning,selector-gap-k14-xor_dom-shared-2-fb4514c915bf,5724551926252680835,efebc406297194e4ab02467f00c99c24b3f8cfcd44629fb0479114e0cb25a18b,efebc406297194e4ab02467f00c99c24b3f8cfcd44629fb0479114e0cb25a18b,,xor_dom,14,40,75,18,5300.0,200.0,4,17,17,3,37,45,41,42100.0,56400.0,36000.0,985,703000.0,696000.0027902424,58499.97978657484,120400.04367008805,135999.98783320189,99800.1778498292,29100.0,58600.0,ok,26260.0,54980.0,8240.0,20340.0,21700.0,619100.0,2.0936785986290936,2.4684466019417477,2.633495145631068,efebc406297194e4ab02467f00c99c24b3f8cfcd44629fb0479114e0cb25a18b,semantic_live_support,True,2048,28672,153600,8192,6144,16777216,5,5,fb4514c915bf1421de46711fb7226035
synthetic_gap,tuning,selector-gap-k14-andor_dom-tree-1-2de4da4a3d7f,3769341501707921558,8830dc881184d8c063c88105e5f17db27703024bcda5a6341923586f45b9c5fb,8830dc881184d8c063c88105e5f17db27703024bcda5a6341923586f45b9c5fb,,andor_dom,14,32,35,30,8000.0,200.0,16,28,22,5,18,28,22,45600.0,42000.0,25600.0,757,370300.0,363999.97770786285,21299.92935806513,27700.152713805437,87600.02674534917,51300.0413775444,47400.0,28200.0,ok,16980.0,28800.0,18060.0,27920.0,33100.0,555500.0,1.696113074204947,1.5459579180509413,1.832779623477298,8830dc881184d8c063c88105e5f17db27703024bcda5a6341923586f45b9c5fb,semantic_live_support,True,2048,28672,71680,10240,10240,16777216,5,5,2de4da4a3d7fe7054a4f0fae0ee3a1e7
synthetic_gap,tuning,selector-gap-k14-andor_dom-tree-2-16ac6164d787,6439419732314517753,648da0e462d822f4e752687ff41400bca745e4ddd1c3bca8e3841fbb0471db8f,648da0e462d822f4e752687ff41400bca745e4ddd1c3bca8e3841fbb0471db8f,,andor_dom,14,31,32,26,7100.0,300.0,12,24,19,5,17,24,19,40400.0,39000.0,26300.0,723,355400.0,349299.98219013214,22599.997464567423,25099.90008547902,85599.77868571877,44600.164983421564,41100.0,26100.0,ok,15540.0,26020.0,15720.0,23920.0,30000.0,368300.0,1.6743886743886744,1.5216284987277353,1.9083969465648856,648da0e462d822f4e752687ff41400bca745e4ddd1c3bca8e3841fbb0471db8f,semantic_live_support,True,2048,28672,65536,10240,10240,16777216,5,5,16ac6164d787011f472a49ccb62bb4d3
synthetic_gap,tuning,selector-gap-k14-andor_dom-shared-1-09561cd4bb65,1355564316213337099,130e090a7836b41b870741871b8600210ba990dc1ba44da02f2a236df99548f2,130e090a7836b41b870741871b8600210ba990dc1ba44da02f2a236df99548f2,,andor_dom,14,44,73,37,10600.0,300.0,23,46,36,6,39,61,47,58300.0,59200.0,35000.0,1061,586900.0,578999.9850094318,37400.16836673021,56199.904065579176,128700.10687038302,95400.08613839746,58300.0,55100.0,ok,35360.0,61880.0,28020.0,41380.0,45300.0,635100.0,1.75,1.476802284082798,1.6167023554603854,130e090a7836b41b870741871b8600210ba990dc1ba44da02f2a236df99548f2,semantic_live_support,True,2048,28672,149504,10240,12288,16777216,5,5,09561cd4bb6574e5186f6fc0d5748c21
synthetic_gap,tuning,selector-gap-k14-andor_dom-shared-2-afe75c82f169,949586055089931583,2dca7b7cabc0c3eef7abdee1ecb9c157d052370527d853082bede43e33f94113,2dca7b7cabc0c3eef7abdee1ecb9c157d052370527d853082bede43e33f94113,,andor_dom,14,41,67,33,9600.0,300.0,19,36,30,6,34,46,39,73100.0,59900.0,34900.0,1002,571800.0,564599.9917760491,41999.97056275606,55100.07031261921,122900.00449866056,83899.82394874096,55100.0,53500.0,ok,26420.0,49160.0,21440.0,35300.0,35900.0,566400.0,1.8607115821347464,1.646455223880597,1.6744402985074627,2dca7b7cabc0c3eef7abdee1ecb9c157d052370527d853082bede43e33f94113,semantic_live_support,True,2048,28672,137216,10240,12288,16777216,5,5,afe75c82f1697280a2878588062a0668
synthetic_gap,tuning,selector-gap-k14-impeqv_dom-tree-1-240430d5bfcf,2182542253557336166,05f81764ac4dabc708958dd2f5c2fc96c5820bb7910e335d523e06e9ef68881d,05f81764ac4dabc708958dd2f5c2fc96c5820bb7910e335d523e06e9ef68881d,,impeqv_dom,14,30,31,30,8200.0,300.0,16,44,29,5,16,44,29,38200.0,39400.0,23800.0,709,403400.0,395999.98854100704,3100.023604929447,23999.8335018754,107500.0618584454,62300.06692931056,46600.0,26100.0,ok,31060.0,29400.0,32000.0,30160.0,49100.0,356800.0,0.9465550547327752,0.9425,1.534375,05f81764ac4dabc708958dd2f5c2fc96c5820bb7910e335d523e06e9ef68881d,semantic_live_support,True,2048,28672,63488,8192,10240,16777216,5,5,240430d5bfcf8179862cebd98d9dd3bf
synthetic_gap,tuning,selector-gap-k14-impeqv_dom-tree-2-685b65bb6762,1071821844330409770,5b14cfe6af983f6b6a23333927dddf525dfcc5f668412fb60bf526b092c091d5,5b14cfe6af983f6b6a23333927dddf525dfcc5f668412fb60bf526b092c091d5,,impeqv_dom,14,36,41,36,9600.0,300.0,22,54,36,5,22,54,36,47400.0,48300.0,28100.0,856,368100.0,362300.02297088504,8099.9452620744705,28100.155759602785,96300.20940676332,52599.876653403044,55100.0,32800.0,ok,37060.0,38040.0,37600.0,37640.0,51200.0,423600.0,1.0264436049649217,1.001063829787234,1.3617021276595744,5b14cfe6af983f6b6a23333927dddf525dfcc5f668412fb60bf526b092c091d5,semantic_live_support,True,2048,28672,83968,12288,10240,16777216,5,5,685b65bb67629cfbc3888b16a720aa07
synthetic_gap,tuning,selector-gap-k14-impeqv_dom-shared-1-3c4175f636b3,3728851768616750940,ace6f825efd4cdca91d38a260b55d1e5a4109cf27001b467db2e2478c1d3f51d,ace6f825efd4cdca91d38a260b55d1e5a4109cf27001b467db2e2478c1d3f51d,,impeqv_dom,14,34,56,33,8700.0,200.0,19,49,34,6,28,67,47,43800.0,45500.0,27600.0,820,365900.0,360100.0062189996,9700.015652924776,22800.05719512701,90800.05111172795,65500.14950335026,51400.0,43300.0,ok,57440.0,51540.0,36180.0,34620.0,52500.0,428900.0,0.8972841225626741,0.956882255389718,1.451077943615257,ace6f825efd4cdca91d38a260b55d1e5a4109cf27001b467db2e2478c1d3f51d,semantic_live_support,True,2048,28672,114688,8192,12288,16777216,5,5,3c4175f636b386b351146534a2748c1f
synthetic_gap,tuning,selector-gap-k14-impeqv_dom-shared-2-75565d40dab9,3685920681182550107,8e130613b27395c840e96873516cd4ea70d94005f8a44865f9f84d62d5b7788f,8e130613b27395c840e96873516cd4ea70d94005f8a44865f9f84d62d5b7788f,,impeqv_dom,14,48,80,46,13200.0,300.0,32,80,56,7,40,99,69,65400.0,71000.0,37300.0,1189,581700.0,572399.9929614365,16100.064385682344,46300.11972039938,137400.05670115352,99399.9419733882,79500.0,64800.0,ok,69300.0,67960.0,57460.0,55600.0,76100.0,699700.0,0.9806637806637807,0.9676296554124608,1.3243995823181343,8e130613b27395c840e96873516cd4ea70d94005f8a44865f9f84d62d5b7788f,semantic_live_support,True,2048,28672,163840,10240,14336,16777216,5,5,75565d40dab9c70b26af750b933cd86e
synthetic_gap,tuning,selector-gap-k14-mixed-tree-1-fc78b0fa25e5,9158167523788523317,fca60a0d65766d984a905a2161f9dbeda0d4185cf3d6101988f51b5c8263c8b6,fca60a0d65766d984a905a2161f9dbeda0d4185cf3d6101988f51b5c8263c8b6,,mixed,14,37,43,31,8700.0,300.0,17,36,27,4,23,37,28,62700.0,64500.0,38700.0,878,464400.0,456999.9873638153,27600.1519523561,42899.86100047827,107000.05805119872,62000.06464496255,51800.0,37900.0,ok,23560.0,36740.0,24480.0,33560.0,39900.0,488800.0,1.5594227504244482,1.3709150326797386,1.6299019607843137,fca60a0d65766d984a905a2161f9dbeda0d4185cf3d6101988f51b5c8263c8b6,semantic_live_support,True,2048,28672,88064,10240,8192,16777216,5,5,fc78b0fa25e5a5622cb04a82f953d6b6
synthetic_gap,tuning,selector-gap-k14-mixed-tree-2-619aa9cce472,8814894195080260214,4813d9d5a9dbf6673ce5340e6aeb174d521084a20a2363f2e81d084da3f72931,4813d9d5a9dbf6673ce5340e6aeb174d521084a20a2363f2e81d084da3f72931,,mixed,14,34,38,32,9000.0,300.0,18,35,26,4,20,35,26,48200.0,47900.0,28100.0,807,410300.0,403499.9874420464,20400.038920342922,32599.84077885747,98299.93359744549,55200.12928172946,51200.0,29500.0,ok,23580.0,32300.0,24460.0,31220.0,38400.0,565500.0,1.36980491942324,1.2763695829926411,1.5699100572363043,4813d9d5a9dbf6673ce5340e6aeb174d521084a20a2363f2e81d084da3f72931,semantic_live_support,True,2048,28672,77824,12288,8192,16777216,5,5,619aa9cce4728dd8d77627b51b0a700d
synthetic_gap,tuning,selector-gap-k14-mixed-shared-1-47707ab9048d,6391117205827537060,ca016eca0df0c703a348c033749b455130743cf8f9725b44dc744f8d1e765692,ca016eca0df0c703a348c033749b455130743cf8f9725b44dc744f8d1e765692,,mixed,14,45,75,38,11100.0,200.0,24,49,39,9,38,68,52,107000.0,70100.0,37700.0,1102,631800.0,622199.96470958,42300.20567774773,57900.091633200645,137299.6484860778,97500.10212883353,66400.0,60100.0,ok,45020.0,72160.0,31180.0,43540.0,47100.0,646600.0,1.6028431808085295,1.396407953816549,1.5105837075048107,ca016eca0df0c703a348c033749b455130743cf8f9725b44dc744f8d1e765692,semantic_live_support,True,2048,28672,153600,10240,18432,16777216,5,5,47707ab9048d8d691f0a427d08cb7bde
synthetic_gap,tuning,selector-gap-k14-mixed-shared-2-1cf5bb233646,2473387574060680536,6e61cbd4f84a6ddfc8ef7caca0a4d40d1e76273e7656c1096b54eeb8cb89415d,6e61cbd4f84a6ddfc8ef7caca0a4d40d1e76273e7656c1096b54eeb8cb89415d,,mixed,14,43,90,35,10400.0,300.0,21,48,37,7,48,77,59,55600.0,61300.0,35000.0,1042,592900.0,584499.9686814845,36400.16075223684,52199.873607605696,130299.94443058968,100400.00779554248,57600.0,66500.0,ok,52000.0,78700.0,35120.0,40980.0,51200.0,634700.0,1.5134615384615384,1.1668564920273348,1.457858769931663,6e61cbd4f84a6ddfc8ef7caca0a4d40d1e76273e7656c1096b54eeb8cb89415d,semantic_live_support,True,2048,28672,184320,10240,14336,16777216,5,5,1cf5bb233646dc288942cbe670c9983d
synthetic_gap,tuning,selector-gap-k15-xor_dom-tree-1-2e0891e31407,5844122532930393907,33530bd303d4cd28b49b720c6b37c6b599beb0b57d1a635ed1161637a1b29be0,33530bd303d4cd28b49b720c6b37c6b599beb0b57d1a635ed1161637a1b29be0,,xor_dom,15,29,29,23,6600.0,300.0,8,16,15,4,14,16,15,37800.0,39200.0,24000.0,690,363600.0,357399.9856598675,23899.94915574789,42899.86100047827,80200.08681342006,46299.886889755726,37500.0,24500.0,ok,13380.0,28940.0,13340.0,25600.0,29100.0,384800.0,2.1629297458893872,1.91904047976012,2.181409295352324,33530bd303d4cd28b49b720c6b37c6b599beb0b57d1a635ed1161637a1b29be0,semantic_live_support,True,4096,61440,118784,16384,16384,16777216,5,5,2e0891e31407e5713d5fdd4aad1ce00a
synthetic_gap,tuning,selector-gap-k15-xor_dom-tree-2-28f6f3f3f8d5,3170918471865566609,f7681ce5e68b5e246bc9db8093fab0c6daa00147fb13dbf52c17a6364357024f,f7681ce5e68b5e246bc9db8093fab0c6daa00147fb13dbf52c17a6364357024f,,xor_dom,15,41,48,28,8500.0,300.0,13,35,27,4,26,37,29,62700.0,58500.0,35400.0,975,536100.0,528100.0048853457,36099.867429584265,69800.24045333266,118300.02767965198,62500.068452209234,71800.0,60100.0,ok,56300.0,70660.0,56160.0,58200.0,77900.0,777600.0,1.2550621669626998,1.0363247863247864,1.3871082621082622,f7681ce5e68b5e246bc9db8093fab0c6daa00147fb13dbf52c17a6364357024f,semantic_live_support,True,4096,61440,196608,20480,16384,16777216,5,5,28f6f3f3f8d55ee4a72cc680fd9b23c3
synthetic_gap,tuning,selector-gap-k15-xor_dom-shared-1-474676d10915,3410487797451685694,60d3935ccc3149db043c7ff44611cdb80ab16feb1bc96a8aba4c102a8081133a,60d3935ccc3149db043c7ff44611cdb80ab16feb1bc96a8aba4c102a8081133a,,xor_dom,15,42,96,28,8400.0,400.0,13,29,25,5,48,57,52,79800.0,86200.0,50300.0,1024,868700.0,860299.973282963,64100.080635398626,126599.8580493033,170500.0759102404,127499.92311000824,47900.0,74400.0,ok,49380.0,83860.0,26520.0,38600.0,42800.0,612600.0,1.6982584042122317,1.4555052790346907,1.6138763197586727,60d3935ccc3149db043c7ff44611cdb80ab16feb1bc96a8aba4c102a8081133a,semantic_live_support,True,4096,61440,393216,20480,20480,16777216,5,5,474676d109151a2bfc52590a3ca60c45
synthetic_gap,tuning,selector-gap-k15-xor_dom-shared-2-28f94d5d642c,2104903011710427390,fa7842a52cf89bd18da0d3ff657294d1ac26a178be0f6828218c6e5c0c845d01,fa7842a52cf89bd18da0d3ff657294d1ac26a178be0f6828218c6e5c0c845d01,,xor_dom,15,40,70,26,8000.0,300.0,11,24,22,6,35,42,38,45900.0,53600.0,34500.0,974,852700.0,841999.9503530562,60599.70473870635,164699.97353851795,153799.94874820113,111400.14976263046,46400.0,62000.0,ok,44960.0,70240.0,22400.0,35120.0,40400.0,647200.0,1.5622775800711743,1.5678571428571428,1.8035714285714286,fa7842a52cf89bd18da0d3ff657294d1ac26a178be0f6828218c6e5c0c845d01,semantic_live_support,True,4096,61440,286720,20480,24576,16777216,5,5,28f94d5d642cc44c6fe107bd3456ac67
synthetic_gap,tuning,selector-gap-k15-andor_dom-tree-1-4d50b0642787,857367548658942494,acfa3dc7b46b576518084e14e9d17c98d0ec64e7afc6f248d4143d97b0ae4ba0,acfa3dc7b46b576518084e14e9d17c98d0ec64e7afc6f248d4143d97b0ae4ba0,,andor_dom,15,37,42,30,11800.0,400.0,15,24,20,5,22,27,23,69300.0,53000.0,30300.0,874,592800.0,586499.9839104712,42100.02953186631,39600.126910954714,147100.1305617392,75499.87640231848,69900.0,54000.0,ok,41300.0,60380.0,38200.0,49580.0,60200.0,631100.0,1.4619854721549637,1.2979057591623038,1.5759162303664922,acfa3dc7b46b576518084e14e9d17c98d0ec64e7afc6f248d4143d97b0ae4ba0,semantic_live_support,True,4096,61440,172032,24576,20480,16777216,5,5,4d50b0642787e33d4acafc0821bdbf80
synthetic_gap,tuning,selector-gap-k15-andor_dom-tree-2-372028c2497e,5183331906616992343,e753b2d4b7ea95756ce35f3a06f0bb01dd6ef7829da28aa40f7ab4933fab9098,e753b2d4b7ea95756ce35f3a06f0bb01dd6ef7829da28aa40f7ab4933fab9098,,andor_dom,15,31,31,27,10600.0,500.0,12,22,18,5,16,22,18,63100.0,57900.0,36600.0,726,507600.0,498600.01308843493,29799.76125061512,38900.17978847027,124200.2472281456,65600.1502647996,64300.0,42100.0,ok,21920.0,31800.0,22580.0,30280.0,68800.0,403500.0,1.4507299270072993,1.3410097431355181,3.0469441984056687,e753b2d4b7ea95756ce35f3a06f0bb01dd6ef7829da28aa40f7ab4933fab9098,semantic_live_support,True,4096,61440,126976,20480,20480,16777216,5,5,372028c2497ed7dc0a0ef00b436ae4be
synthetic_gap,tuning,selector-gap-k15-andor_dom-shared-1-9aa243490576,3862717666665126179,1e96074444a5f1c3014d28ab12f30d042225701d17631836b763d1188dab9486,1e96074444a5f1c3014d28ab12f30d042225701d17631836b763d1188dab9486,,andor_dom,15,43,74,33,40800.0,1200.0,18,31,29,9,38,49,42,57400.0,60700.0,34700.0,1048,677300.0,668200.0239379704,54199.77242127061,66300.09738728404,138399.83148500323,109199.95838776231,68400.0,63400.0,ok,50060.0,69020.0,27760.0,47220.0,47600.0,850000.0,1.3787455053935278,1.7010086455331412,1.7146974063400577,1e96074444a5f1c3014d28ab12f30d042225701d17631836b763d1188dab9486,semantic_live_support,True,4096,61440,303104,20480,36864,16777216,5,5,9aa2434905762b458cc2d713212a807a
synthetic_gap,tuning,selector-gap-k15-andor_dom-shared-2-abf82a07cbf5,3985644943403754906,bb640116d1d3d7742a53cc747989ffc15d1606549210b0364376c59050809b0c,bb640116d1d3d7742a53cc747989ffc15d1606549210b0364376c59050809b0c,,andor_dom,15,44,82,33,10000.0,400.0,18,34,29,6,43,50,44,60700.0,61600.0,35800.0,1053,629000.0,620600.0107340515,47899.840865284204,64500.02547353506,134699.9197266996,95799.91456121206,54000.0,64900.0,ok,45780.0,73220.0,31160.0,44560.0,48600.0,637000.0,1.599388379204893,1.4300385109114249,1.5596919127086009,bb640116d1d3d7742a53cc747989ffc15d1606549210b0364376c59050809b0c,semantic_live_support,True,4096,61440,335872,20480,24576,16777216,5,5,abf82a07cbf5c0fe5bb0d2710a15d821
synthetic_gap,tuning,selector-gap-k15-impeqv_dom-tree-1-e2a491eea144,5702062665626992469,465989b291cedf82d916c9c62fb083a2396ba3bd06bc253a9b5e77e1d78047c6,465989b291cedf82d916c9c62fb083a2396ba3bd06bc253a9b5e77e1d78047c6,,impeqv_dom,15,31,32,31,8200.0,300.0,16,41,28,5,16,41,28,43300.0,43500.0,26000.0,738,311400.0,306000.0017285347,6399.932317435741,22000.109311193228,82900.04916489124,45199.93672147393,49700.0,26000.0,ok,46860.0,39380.0,46200.0,39340.0,60900.0,436600.0,0.8403755868544601,0.8515151515151516,1.3181818181818181,465989b291cedf82d916c9c62fb083a2396ba3bd06bc253a9b5e77e1d78047c6,semantic_live_support,True,4096,61440,131072,16384,20480,16777216,5,5,e2a491eea1440eafc5a79887305b00fc
synthetic_gap,tuning,selector-gap-k15-impeqv_dom-tree-2-accd4da50448,2444891349502145202,b622cf231016d54c4c36cd92cd9e85f04a089903abec8af745bf56d0550421b8,b622cf231016d54c4c36cd92cd9e85f04a089903abec8af745bf56d0550421b8,,impeqv_dom,15,37,44,37,10800.0,300.0,22,63,42,6,22,63,42,67500.0,94200.0,55500.0,895,423600.0,414800.0152781606,2300.017513334751,32699.957955628633,112399.80813115835,67800.1088090241,64100.0,39200.0,ok,75180.0,56140.0,75940.0,56240.0,95400.0,515200.0,0.7467411545623837,0.7405846721095601,1.2562549381090335,b622cf231016d54c4c36cd92cd9e85f04a089903abec8af745bf56d0550421b8,semantic_live_support,True,4096,61440,180224,16384,24576,16777216,5,5,accd4da50448fed805ce1c1003df89bd
synthetic_gap,tuning,selector-gap-k15-impeqv_dom-shared-1-4493d2b06f92,279604754238106713,0d5bf098968f67f5014412009d87c3bbb7d1a6d8e8fb1274a33340b228118115,0d5bf098968f67f5014412009d87c3bbb7d1a6d8e8fb1274a33340b228118115,,impeqv_dom,15,41,68,41,11800.0,300.0,26,73,49,7,34,97,65,56900.0,61200.0,36400.0,1001,488900.0,480699.99320432544,4499.976057559252,30800.001695752144,125200.02201199532,96899.92293715477,73300.0,56500.0,ok,262380.0,181120.0,208380.0,135700.0,116700.0,623400.0,0.6902965165027822,0.6512141280353201,0.5600345522602936,0d5bf098968f67f5014412009d87c3bbb7d1a6d8e8fb1274a33340b228118115,semantic_live_support,True,4096,61440,278528,16384,28672,16777216,5,5,4493d2b06f9208f127dc63450a91917e
synthetic_gap,tuning,selector-gap-k15-impeqv_dom-shared-2-618b7d4d57a5,6858337910442097999,c01379924e9c0bdff7106c31209694a77a031e3d12818d3aadb1447f6e02ed48,c01379924e9c0bdff7106c31209694a77a031e3d12818d3aadb1447f6e02ed48,,impeqv_dom,15,44,132,44,13200.0,300.0,29,79,52,7,74,195,126,62500.0,67400.0,37200.0,1062,526100.0,517799.9846637249,4700.035788118839,34200.14400035143,135200.0399492681,106699.9975591898,77900.0,107900.0,ok,261060.0,167760.0,103720.0,67520.0,130500.0,729600.0,0.6426108940473454,0.6509834168916313,1.2581951407635943,c01379924e9c0bdff7106c31209694a77a031e3d12818d3aadb1447f6e02ed48,semantic_live_support,True,4096,61440,540672,24576,28672,16777216,5,5,618b7d4d57a59bae11470c23501dbd09
synthetic_gap,tuning,selector-gap-k15-mixed-tree-1-1cca3b230dee,8847258011359563960,8cba272c04851b4fc769b0a65deb0405a77fcef2cd800d2026562b725ff582b7,8cba272c04851b4fc769b0a65deb0405a77fcef2cd800d2026562b725ff582b7,,mixed,15,38,45,38,10700.0,400.0,23,45,33,4,23,45,33,57300.0,57100.0,32300.0,911,477200.0,469600.02509877086,20800.04196614027,40899.90397915244,117400.13724192977,66000.09510293603,64200.0,39900.0,ok,49760.0,51720.0,51640.0,51380.0,70100.0,547400.0,1.0393890675241158,0.9949651432997676,1.3574748257164988,8cba272c04851b4fc769b0a65deb0405a77fcef2cd800d2026562b725ff582b7,semantic_live_support,True,4096,61440,184320,20480,16384,16777216,5,5,1cca3b230dee8af58e9064b417585f37
synthetic_gap,tuning,selector-gap-k15-mixed-tree-2-2479fdf72c85,6826166312587401717,28ada6e9d751069a5db1c9d5ebf02680a012dec741dc05ee29161bda8e8d31b7,28ada6e9d751069a5db1c9d5ebf02680a012dec741dc05ee29161bda8e8d31b7,,mixed,15,31,32,29,8400.0,300.0,14,33,24,4,16,33,24,44500.0,47400.0,27700.0,736,408600.0,400299.9630756676,18800.02673715353,30300.056096166372,96700.27066022158,54599.9500900507,52200.0,28900.0,ok,39460.0,39420.0,40720.0,39120.0,59400.0,436700.0,0.9989863152559554,0.9607072691552063,1.4587426326129667,28ada6e9d751069a5db1c9d5ebf02680a012dec741dc05ee29161bda8e8d31b7,semantic_live_support,True,4096,61440,131072,16384,16384,16777216,5,5,2479fdf72c857127cba3c10902d118ba
synthetic_gap,tuning,selector-gap-k15-mixed-shared-1-5d08450d50ab,4990764046505199195,b3213878840a56f0575195d4ec64ab68c02e349e06ca89192fabc0d822cdbc18,b3213878840a56f0575195d4ec64ab68c02e349e06ca89192fabc0d822cdbc18,,mixed,15,41,69,31,18400.0,700.0,16,38,32,8,34,50,42,59200.0,60000.0,36300.0,1002,655500.0,648799.9926321208,47300.30195787549,66799.81015622616,139100.01143813133,107299.9439202249,80900.0,90400.0,ok,53700.0,67300.0,40280.0,47820.0,56900.0,729000.0,1.2532588454376163,1.1871896722939423,1.4126117179741808,b3213878840a56f0575195d4ec64ab68c02e349e06ca89192fabc0d822cdbc18,semantic_live_support,True,4096,61440,282624,16384,32768,16777216,5,5,5d08450d50ab283343797039095e1849
synthetic_gap,tuning,selector-gap-k15-mixed-shared-2-47c2f2399dad,496119015014087664,edb987c9a390753e490688427d9a23221ab64f894f3640cfcaf60899a4b3dea7,edb987c9a390753e490688427d9a23221ab64f894f3640cfcaf60899a4b3dea7,,mixed,15,45,119,35,10200.0,300.0,20,52,39,9,59,123,91,78900.0,67200.0,37400.0,1114,645400.0,636200.0131048262,35500.03748387098,66600.21608695388,135700.1019641757,108499.83664229512,58800.0,88200.0,ok,135620.0,121400.0,54960.0,51400.0,70700.0,659600.0,0.8951482082288748,0.9352256186317321,1.2863901018922852,edb987c9a390753e490688427d9a23221ab64f894f3640cfcaf60899a4b3dea7,semantic_live_support,True,4096,61440,487424,24576,36864,16777216,5,5,47c2f2399daddffc9b9385458f3b77f2
epfl_gap,validation_reused,epfl-arithmetic-adder-po6-5e5f8d2bf9,,ed2f865d4c1d045128523bd100e5c1052d90c4ffdde819b5e6e720ddda2ec6d0,ed2f865d4c1d045128523bd100e5c1052d90c4ffdde819b5e6e720ddda2ec6d0,60a28c90dc413ab479e07aba13185ae71ab7ffd3fd256c5e631212ee46170bcd,adder.aig,14,78,173,77,19000.0,300.0,63,101,64,12,121,191,121,93800.0,87200.0,59100.0,1758,759800.0,750900.013372302,42099.913116544485,56400.138419121504,207000.17921626568,87899.85440671444,103000.0,114400.0,ok,108240.0,115540.0,58460.0,61160.0,73800.0,765700.0,1.0674427198817442,1.0461854259322614,1.2624016421484776,ed2f865d4c1d045128523bd100e5c1052d90c4ffdde819b5e6e720ddda2ec6d0,semantic_live_support,True,2048,28672,354304,18432,24576,16777216,5,5,5e5f8d2bf9194aa08af98cde3140bffc
epfl_gap,validation_reused,epfl-arithmetic-div-internal10810-b1ae747db1,,d5990a0fe875a0aa109edb831f0e95b8f0a3a46b9b78daeaea9ce05c32c7201f,d5990a0fe875a0aa109edb831f0e95b8f0a3a46b9b78daeaea9ce05c32c7201f,e65955ae0931e5c7ed91a6210f0f6e6b7bd95eaeef1ffddcfb3e7ec633ed5d82,div.aig,14,41,41,29,6700.0,300.0,15,41,27,15,27,41,27,37800.0,46000.0,26400.0,924,402400.0,396600.051317364,28699.985705316067,46799.8324893415,105699.8735293746,35300.03596097231,34800.0,26500.0,ok,23020.0,29100.0,21100.0,24900.0,35000.0,444700.0,1.264118158123371,1.180094786729858,1.6587677725118484,d5990a0fe875a0aa109edb831f0e95b8f0a3a46b9b78daeaea9ce05c32c7201f,semantic_live_support,True,2048,28672,83968,12288,30720,16777216,5,5,b1ae747db1c268396bdf3e86f1f55413
epfl_gap,validation_reused,epfl-arithmetic-log2-internal10182-8de9088c0d,,1f039510013a58de6a8e31ddc7b0622a7670e834248c337f69dc0e6d684dcd5f,1f039510013a58de6a8e31ddc7b0622a7670e834248c337f69dc0e6d684dcd5f,146f031921372d0dc47c73ad2c82ce4e7413caff725204b7938a4cf61b1f15cb,log2.aig,14,1409,2572957,815,287500.0,400.0,800,1764,1394,234,,,,2492200.0,2072300.0,973900.0,37778,43779800.0,43458700.00543073,5823900.282848626,9951998.71249497,6563399.743754417,8628800.453152508,1417400.0,,skipped_source_protocol,,,965840.0,1200460.0,1003900.0,39561600.0,,1.2429180816698417,1.0394061128137166,502ede267c969d8728c23ca315ce2314b93f601aa83a1edaf60de9ea6bf43cd2,semantic_live_support,True,2048,28672,,,479232,16777216,5,5,8de9088c0d9597039c78d1929d1274f4
epfl_gap,validation_reused,epfl-arithmetic-multiplier-po6-1ed43b9012,,81f326f27605be20525566c09a58817cd052cfbbe82c0a03e4837c12214e4294,81f326f27605be20525566c09a58817cd052cfbbe82c0a03e4837c12214e4294,543555652101e587c1d1b18a38eb18dfebcb5f85e63e35c781361aa26888946e,multiplier.aig,14,395,57571,369,92500.0,300.0,355,559,381,24,39363,60519,39363,480700.0,470600.0,227800.0,9685,4536600.0,4489899.962209165,335999.99733269215,454600.14371201396,1069800.1715354621,645400.0249505043,540100.0,42913900.0,refused_temporary_budget,,,331740.0,344800.0,367600.0,5749200.0,,1.0393681798999217,1.1080967022366914,81f326f27605be20525566c09a58817cd052cfbbe82c0a03e4837c12214e4294,semantic_live_support,True,2048,28672,117905408,30720,49152,16777216,5,5,1ed43b9012def7eda7e3bf298a6db017
epfl_gap,validation_reused,epfl-arithmetic-multiplier-internal2314-b18e1af7fc,,1d27d2717ee24a52912668cd788986209715cce7ce28d164e08dddf51a004507,1d27d2717ee24a52912668cd788986209715cce7ce28d164e08dddf51a004507,543555652101e587c1d1b18a38eb18dfebcb5f85e63e35c781361aa26888946e,multiplier.aig,15,145,445,129,31500.0,300.0,114,193,130,24,303,465,303,158900.0,162000.0,87600.0,3422,1573700.0,1563099.9696440995,115799.71760511398,139200.24503022432,393099.85004365444,191600.00374540687,191700.0,282900.0,ok,505060.0,350260.0,177160.0,143860.0,184000.0,1485000.0,0.6935017621668713,0.8120343192594265,1.0386091668548205,1d27d2717ee24a52912668cd788986209715cce7ce28d164e08dddf51a004507,semantic_live_support,True,4096,61440,1822720,53248,98304,16777216,5,5,b18e1af7fcbbdb5f917095d09f80a36b
epfl_gap,validation_reused,epfl-arithmetic-sin-internal473-3d94727928,,ea2436278464508cf40dafdb68691a17b11649d0ad661adeb7fac75363fe48e0,ea2436278464508cf40dafdb68691a17b11649d0ad661adeb7fac75363fe48e0,e1a649d2eca27337787cb4aed79abe120f49597975beaed8bffd6a329c2664b3,sin.aig,15,49,91,37,13800.0,600.0,22,52,34,15,61,93,61,49400.0,54600.0,30500.0,1105,629600.0,621100.0145412982,41699.79365542531,89599.80914369226,156000.02370774746,79499.90686029196,69600.0,74700.0,ok,90440.0,73380.0,46360.0,37940.0,67000.0,603200.0,0.8113666519239274,0.8183779119930975,1.4452113891285592,ea2436278464508cf40dafdb68691a17b11649d0ad661adeb7fac75363fe48e0,semantic_live_support,True,4096,61440,372736,16384,61440,16777216,5,5,3d94727928cfeeabc60c80b54077fd83
epfl_gap,validation_reused,epfl-arithmetic-sin-internal618-7a9d438d5b,,4c6aae58f1e5eb08bba9e16f5446a4787129b7312b7602726bae9c99a71c442f,4c6aae58f1e5eb08bba9e16f5446a4787129b7312b7602726bae9c99a71c442f,e1a649d2eca27337787cb4aed79abe120f49597975beaed8bffd6a329c2664b3,sin.aig,13,39,39,29,6800.0,300.0,16,40,26,14,26,40,26,34500.0,37800.0,25700.0,877,423200.0,417499.97762963176,24900.073185563087,59299.86946284771,108500.06947293878,48500.07826462388,35800.0,24500.0,ok,18240.0,25220.0,17600.0,22160.0,32500.0,443100.0,1.3826754385964912,1.259090909090909,1.8465909090909092,4c6aae58f1e5eb08bba9e16f5446a4787129b7312b7602726bae9c99a71c442f,semantic_live_support,True,1024,13312,39936,3072,14336,16777216,5,5,7a9d438d5b320a7176c1a8a3128853ae
epfl_gap,validation_reused,epfl-arithmetic-sin-internal2610-34083b18d5,,1941668a0bc7f7c56d381d239832a38c13b3ddda8208579a0893ec63d16ec83b,1941668a0bc7f7c56d381d239832a38c13b3ddda8208579a0893ec63d16ec83b,e1a649d2eca27337787cb4aed79abe120f49597975beaed8bffd6a329c2664b3,sin.aig,14,65,345,55,13200.0,400.0,41,78,51,13,235,361,235,75500.0,66700.0,40000.0,1481,742000.0,733399.9965339899,48500.136472284794,83399.99476447701,182100.1642383635,114599.9995060265,71900.0,250200.0,ok,225900.0,225820.0,41200.0,46920.0,57500.0,810900.0,0.9996458610004427,1.1388349514563108,1.395631067961165,1941668a0bc7f7c56d381d239832a38c13b3ddda8208579a0893ec63d16ec83b,semantic_live_support,True,2048,28672,706560,12288,26624,16777216,5,5,34083b18d5095228518a5ae37cc71e13
epfl_gap,validation_reused,epfl-arithmetic-sin-internal2639-ac10ac7863,,5f56ecd00688c513065dff9ebfe794aef190187d420700c059806a94264b2cea,5f56ecd00688c513065dff9ebfe794aef190187d420700c059806a94264b2cea,e1a649d2eca27337787cb4aed79abe120f49597975beaed8bffd6a329c2664b3,sin.aig,13,59,321,51,12200.0,300.0,38,71,46,12,219,337,219,67400.0,61400.0,37900.0,1340,823000.0,812300.0152409077,49199.9089717865,80799.80034381151,212300.1031577587,123099.88960623741,68900.0,181300.0,ok,123140.0,200520.0,27500.0,42400.0,43800.0,698400.0,1.628390449894429,1.5418181818181818,1.5927272727272728,5f56ecd00688c513065dff9ebfe794aef190187d420700c059806a94264b2cea,semantic_live_support,True,1024,13312,328704,6144,12288,16777216,5,5,ac10ac78631fc2eb7adc47be3276ea49
epfl_gap,validation_reused,epfl-arithmetic-sqrt-po57-bf55ec5ca5,,887381e00e8341985e2f4c4a753e64206825d568f1989680a9120b415f0b0fb8,887381e00e8341985e2f4c4a753e64206825d568f1989680a9120b415f0b0fb8,2fdf59877a0f1ceba46a2a3aca5457e05c47ac24ceb69839a4c12d071cf62300,sqrt.aig,14,461,1366847531,370,110600.0,300.0,356,629,447,42,,,,543000.0,675900.0,416700.0,11595,7000600.0,6937300.029676408,530199.7880451381,699101.4233790338,1537100.5283668637,1362599.665299058,641700.0,,skipped_source_protocol,,,396240.0,435260.0,400900.0,6686200.0,,1.098475671310317,1.011760549162124,887381e00e8341985e2f4c4a753e64206825d568f1989680a9120b415f0b0fb8,semantic_live_support,True,2048,28672,,,86016,16777216,5,5,bf55ec5ca5dad499ebc74cc64b2a8a12
epfl_gap,validation_reused,epfl-arithmetic-square-po13-eca0925c59,,9ae718a4bd6eb26aafff891eb98132b81be08769509e4c27d8d89bb8d8f5118f,9ae718a4bd6eb26aafff891eb98132b81be08769509e4c27d8d89bb8d8f5118f,c3fe8598cf501743043cf573b7226478a06be9dfb180d17bca77cdfbe667d784,square.aig,13,551,52801,525,142700.0,400.0,512,788,538,24,31907,42921,31907,738800.0,830400.0,346400.0,13600,6901300.0,6876299.972645938,524000.26470422745,573199.5333917439,1738501.014187932,1025000.3542751074,828300.0,38186800.0,refused_temporary_budget,,,320180.0,469840.0,363400.0,6459300.0,,1.4674245736773066,1.1349865700543444,9ae718a4bd6eb26aafff891eb98132b81be08769509e4c27d8d89bb8d8f5118f,semantic_live_support,True,1024,13312,54068224,14336,24576,16777216,5,5,eca0925c592628dc2497f28ce408e77e
epfl_gap,validation_reused,epfl-arithmetic-square-po14-e64d8827d4,,4981afcc4d4520dc7f0b099de623c7eaa4910c0fa1a4b295cf331a6cf8768dc2,4981afcc4d4520dc7f0b099de623c7eaa4910c0fa1a4b295cf331a6cf8768dc2,c3fe8598cf501743043cf573b7226478a06be9dfb180d17bca77cdfbe667d784,square.aig,14,654,80445,628,168300.0,400.0,614,941,640,39,,,,820700.0,838500.0,410400.0,16149,8244700.0,8163799.997419119,592599.7975282371,667600.1939922571,2026600.2975404263,1286300.0156357884,945600.0,,skipped_source_protocol,,,569480.0,613700.0,879300.0,7795700.0,,1.077649785769474,1.5440401770035823,4981afcc4d4520dc7f0b099de623c7eaa4910c0fa1a4b295cf331a6cf8768dc2,semantic_live_support,True,2048,28672,,,79872,16777216,5,5,e64d8827d4d43d7b6102b9359591d740
epfl_gap,validation_reused,epfl-arithmetic-square-po15-ffd477ae96,,421c5916b980efdbdda8673156a5471fdca87a3ee1efa0e169cea2e4b8ea010d,421c5916b980efdbdda8673156a5471fdca87a3ee1efa0e169cea2e4b8ea010d,c3fe8598cf501743043cf573b7226478a06be9dfb180d17bca77cdfbe667d784,square.aig,15,770,122557,737,185700.0,400.0,722,1110,755,46,,,,1057600.0,1075800.0,493100.0,19082,9369900.0,9281900.012865663,708500.0979714096,776300.3814034164,2177299.9898530543,1537500.531412661,1105400.0,,skipped_source_protocol,,,2001400.0,876140.0,2693700.0,12977000.0,,0.4377635655041471,1.3459078644948537,421c5916b980efdbdda8673156a5471fdca87a3ee1efa0e169cea2e4b8ea010d,semantic_live_support,True,4096,61440,,,188416,16777216,5,5,ffd477ae96c74a84e947ac8939371503
epfl_gap,validation_reused,epfl-random_control-arbiter-internal4039-8a2c198584,,f30a305a5b9c4bf8cff7da9e508a99d17b56a44a23cdd25e25ba18a30743e3dd,f30a305a5b9c4bf8cff7da9e508a99d17b56a44a23cdd25e25ba18a30743e3dd,0eacc0a97717bbc91f732ce6814bbfcdefa8a0b65b13ade6f002e35d0e585d82,arbiter.aig,14,48,54,41,10900.0,300.0,27,52,34,14,37,58,37,57000.0,64000.0,35800.0,1084,551500.0,543300.0042103231,31100.12039542198,52199.93181526661,154600.01304745674,54400.00677481294,71400.0,42500.0,ok,39600.0,43420.0,34720.0,40900.0,53700.0,617200.0,1.0964646464646464,1.1779953917050692,1.5466589861751152,f30a305a5b9c4bf8cff7da9e508a99d17b56a44a23cdd25e25ba18a30743e3dd,semantic_live_support,True,2048,28672,110592,8192,28672,16777216,5,5,8a2c198584ee4ae28c08c8fcbe50497c
epfl_gap,validation_reused,epfl-random_control-i2c-po41-b4580bd004,,0745a1313e725625a421ff591e0d9715e6dec82a85ea7df2dbe8826b6ce24140,0745a1313e725625a421ff591e0d9715e6dec82a85ea7df2dbe8826b6ce24140,3f6ab413a3f745c87811fa6565d972146f1f4e6ede78fae71fcb16e469b9b213,i2c.aig,14,56,63,46,12300.0,300.0,32,64,42,12,42,64,42,103600.0,126400.0,57600.0,1273,775000.0,763799.9951839447,45999.884605407715,61300.00110715628,197900.16813203692,75899.99586343765,79300.0,49000.0,ok,47280.0,46280.0,47440.0,42200.0,60800.0,711700.0,0.9788494077834179,0.8895446880269815,1.281618887015177,0745a1313e725625a421ff591e0d9715e6dec82a85ea7df2dbe8826b6ce24140,semantic_live_support,True,2048,28672,129024,12288,24576,16777216,5,5,b4580bd004a03184f80a40bf4bf57ba8
epfl_gap,validation_reused,epfl-random_control-i2c-po42-455375796e,,e87145524912979e39791f7c4003bb11ed4ac15f3b104d38919631094b82010a,e87145524912979e39791f7c4003bb11ed4ac15f3b104d38919631094b82010a,3f6ab413a3f745c87811fa6565d972146f1f4e6ede78fae71fcb16e469b9b213,i2c.aig,15,59,66,48,24300.0,900.0,33,67,44,13,44,67,44,75400.0,69800.0,42400.0,1340,1060600.0,1050099.9633222818,73400.09324252605,107000.05805119872,303000.32813102007,131399.71997588873,164300.0,70800.0,ok,102160.0,72060.0,114240.0,103340.0,121500.0,1692500.0,0.7053641346906813,0.9045868347338936,1.0635504201680672,e87145524912979e39791f7c4003bb11ed4ac15f3b104d38919631094b82010a,semantic_live_support,True,4096,61440,270336,28672,53248,16777216,5,5,455375796e966a411f691ab3a7c4d3b5
epfl_gap,validation_reused,epfl-random_control-i2c-po44-bebebe05c9,,6eff763c0a3873b7c137cd0393c10beff7bdb9e948d044cc2e0ab422ef711c25,6eff763c0a3873b7c137cd0393c10beff7bdb9e948d044cc2e0ab422ef711c25,3f6ab413a3f745c87811fa6565d972146f1f4e6ede78fae71fcb16e469b9b213,i2c.aig,14,88,136,77,46400.0,1100.0,63,111,74,16,93,144,93,302500.0,184900.0,63000.0,2019,2295500.0,2271400.0078849494,154799.78173971176,166000.04164502025,578499.6319562197,292600.0743173063,138500.0,181100.0,ok,185100.0,159780.0,93180.0,80000.0,108400.0,1525700.0,0.8632090761750405,0.8585533376261,1.1633397724833656,6eff763c0a3873b7c137cd0393c10beff7bdb9e948d044cc2e0ab422ef711c25,semantic_live_support,True,2048,28672,278528,18432,32768,16777216,5,5,bebebe05c902b53a25f3e3c9ee760de8
epfl_gap,validation_reused,epfl-random_control-i2c-po68-6659cda0b7,,2d73e34f6f2daef7bc8bb9d45f08152cdd237b44def8bcb5410ef8b5620f267a,2d73e34f6f2daef7bc8bb9d45f08152cdd237b44def8bcb5410ef8b5620f267a,3f6ab413a3f745c87811fa6565d972146f1f4e6ede78fae71fcb16e469b9b213,i2c.aig,13,47,52,38,15500.0,300.0,25,52,34,14,35,54,35,66600.0,64000.0,55000.0,1061,547800.0,536700.0121623278,34000.02606213093,48599.84619542956,138800.3001920879,64900.02851933241,90800.0,43200.0,ok,30440.0,35320.0,29180.0,32680.0,43600.0,627200.0,1.1603153745072274,1.119945167923235,1.4941740918437285,2d73e34f6f2daef7bc8bb9d45f08152cdd237b44def8bcb5410ef8b5620f267a,semantic_live_support,True,1024,13312,53248,5120,14336,16777216,5,5,6659cda0b7df92842bccc47e46449962
epfl_gap,validation_reused,epfl-random_control-i2c-po74-3bf1791a1e,,e54ca27b26f1691a561195da4fde45b721df5856793f104cc2f6b120014c587d,e54ca27b26f1691a561195da4fde45b721df5856793f104cc2f6b120014c587d,3f6ab413a3f745c87811fa6565d972146f1f4e6ede78fae71fcb16e469b9b213,i2c.aig,14,78,136,69,18300.0,300.0,55,96,64,14,94,147,94,168300.0,121500.0,73900.0,1784,1316300.0,1304399.9788351357,99600.00170394778,106499.76320564747,302600.44150054455,180500.03563985229,141800.0,134300.0,ok,97920.0,99300.0,66820.0,63800.0,88800.0,1005800.0,1.014093137254902,0.9548039509129004,1.3289434301107452,e54ca27b26f1691a561195da4fde45b721df5856793f104cc2f6b120014c587d,semantic_live_support,True,2048,28672,278528,16384,28672,16777216,5,5,3bf1791a1e19a330524199cb7289b9d3
epfl_gap,validation_reused,epfl-random_control-mem_ctrl-po614-b0a54afe66,,b1861a1bb5fb48063c02ada92da89296a1303b82adafd084f6aec4b769be5b94,b1861a1bb5fb48063c02ada92da89296a1303b82adafd084f6aec4b769be5b94,390d601836717129b903a5ecc8fd96b41d322d26895d666b303c64b796bd0d1d,mem_ctrl.aig,13,59,85,53,13000.0,300.0,40,68,46,7,56,84,56,87500.0,65200.0,40700.0,1353,621700.0,612400.0065028667,39100.12310370803,49499.96946379542,158600.10171309114,77299.89010840654,72000.0,52400.0,ok,33720.0,55120.0,29220.0,43960.0,42200.0,636700.0,1.634638196915777,1.5044490075290897,1.4442162902121833,b1861a1bb5fb48063c02ada92da89296a1303b82adafd084f6aec4b769be5b94,semantic_live_support,True,1024,13312,87040,6144,7168,16777216,5,5,b0a54afe6676a053c38f0c7838100f31
epfl_gap,validation_reused,epfl-random_control-priority-internal33-6197962bc5,,322ccb5a63c694ad735ba187631593ae0d85f9bc452b9fef518fa226df7bbbc6,322ccb5a63c694ad735ba187631593ae0d85f9bc452b9fef518fa226df7bbbc6,9123187c4169189f53f17a84367c4bd5f749b13298f9619ef601c5de4ee90678,priority.aig,13,88,1967,88,23500.0,400.0,75,117,75,8,1358,2108,1358,106500.0,96800.0,55500.0,2000,942600.0,937300.0357300043,69300.12023076415,72399.96921271086,240500.02684816718,133499.91058930755,127500.0,1661000.0,ok,840460.0,1253680.0,49140.0,69500.0,62300.0,994100.0,1.4916593294148444,1.4143264143264143,1.2678062678062678,322ccb5a63c694ad735ba187631593ae0d85f9bc452b9fef518fa226df7bbbc6,semantic_live_support,True,1024,13312,2014208,8192,8192,16777216,5,5,6197962bc5841fedc87735bf397d9789
epfl_gap,validation_reused,epfl-random_control-router-internal39-7af9c35a7e,,f67a1729e9d5531acbb12ffa5fb02094206dc61dee866b9d9b490a5c5c1333d8,f67a1729e9d5531acbb12ffa5fb02094206dc61dee866b9d9b490a5c5c1333d8,fe8d13d4efe05fc3400ab8c94c0d1ce07ee24dd2ec106f7ae3d24e962e80efbd,router.aig,14,43,43,40,9100.0,300.0,26,45,29,8,29,45,29,48500.0,46200.0,33900.0,964,410600.0,404599.9958179891,18999.911844730377,30600.00017285347,112300.09840801358,55300.1300431788,51300.0,29100.0,ok,26780.0,30700.0,28820.0,32860.0,44400.0,431800.0,1.1463778939507094,1.1401804302567662,1.5405968077723804,f67a1729e9d5531acbb12ffa5fb02094206dc61dee866b9d9b490a5c5c1333d8,semantic_live_support,True,2048,28672,88064,6144,16384,16777216,5,5,7af9c35a7e112b2839cd08d8fa30b8b1
epfl_gap,validation_reused,epfl-random_control-router-internal177-832d43e9af,,ad6a855b1c0263206b617b7122ab8b4bb9667664e39c08120bbf7d38cf2c158e,ad6a855b1c0263206b617b7122ab8b4bb9667664e39c08120bbf7d38cf2c158e,fe8d13d4efe05fc3400ab8c94c0d1ce07ee24dd2ec106f7ae3d24e962e80efbd,router.aig,15,51,95,47,10400.0,300.0,32,56,36,9,65,101,65,56700.0,50200.0,32600.0,1145,472600.0,465699.9954022467,22799.998987466097,33900.083508342505,127200.27007162571,70199.95246082544,59000.0,56400.0,ok,93880.0,79220.0,55060.0,47160.0,70400.0,742600.0,0.8438432040903281,0.8565201598256448,1.2786051580094442,ad6a855b1c0263206b617b7122ab8b4bb9667664e39c08120bbf7d38cf2c158e,semantic_live_support,True,4096,61440,389120,16384,36864,16777216,5,5,832d43e9afe1ef2f4984e581e6acacd9
