corpus,role,id,seed,truth_sha256_expected,source_circuit_sha256,cluster,live_k,structural_dag_nodes_source,unfolded_tree_nodes,ir_nodes,node_count_cold_ns_median,node_count_warm_ns_median,cm_instructions,cm_executed_bigint_ops,cm_executed_word_ops,cm_peak_live_word_buffers,raw_instructions,raw_executed_bigint_ops,raw_executed_word_ops,hash_ns_median,serde_ns_median,json_encode_ns_median,serde_bytes,compile_external_ns,ir_compile_ns,ir_canonicalize_ns,ir_rewrite_ns,ir_intern_ns,ir_live_vars_ns,lower_cm_ns_median,lower_raw_ns_median,raw_kernel_status,raw_flat_ns_median,raw_words_ns_median,cm_flat_ns_median,cm_words_ns_median,wrapper_current_ns_median,end_to_end_current_ns_median,raw_words_over_flat,cm_words_over_flat,wrapper_over_selected_bare,packed_sha256,packed_equal,output_bytes_exact,words_environment_bytes_estimate,raw_flat_temporary_bytes_estimate,raw_word_scratch_bytes_estimate,cm_word_scratch_bytes_estimate,max_kernel_temporary_bytes,kernel_batch,kernel_rounds,structural_hash
synthetic_gap,tuning,selector-gap-k13-xor_dom-tree-1-9f9a10d83773,2283024197844612547,6a27b9216b66a0b2825e52318ead2bd574a52cd9550bf225b8fc7ee1c73fe726,,xor_dom,13,26,26,17,4928.0,441.0,4,16,14,2,13,16,14,23746.0,28804.0,20812.0,617,270992.0,264921.2256073952,18474.645912647247,33921.562135219574,62533.654272556305,29908.493161201477,23386.0,18078.0,ok,5630.6,13498.6,4937.6,10459.8,22063.0,265374.0,2.3973644016623448,2.1183976020738817,4.468365197666882,6a27b9216b66a0b2825e52318ead2bd574a52cd9550bf225b8fc7ee1c73fe726,True,1024,13312,26624,4096,2048,16777216,5,5,9f9a10d83773d78f05d14fd0223a1358
synthetic_gap,tuning,selector-gap-k13-xor_dom-tree-2-8f95e55d7b67,6798686009557510971,801b18b4940126ff4ac087a4dd98edd84d0965c0ed84068950df788897385511,,xor_dom,13,26,27,19,4246.0,180.0,6,17,15,3,13,17,15,24988.0,26110.0,18188.0,623,263380.0,259043.6488389969,15511.177480220795,30037.015676498413,61085.447669029236,33316.20246171951,21723.0,17506.0,ok,5648.6,14299.6,5434.2,12146.4,15674.0,265624.0,2.5315299366214634,2.2351772109970187,2.884325199661404,801b18b4940126ff4ac087a4dd98edd84d0965c0ed84068950df788897385511,True,1024,13312,27648,4096,3072,16777216,5,5,8f95e55d7b67dbfd2eccf7ef34cf073b
synthetic_gap,tuning,selector-gap-k13-xor_dom-shared-1-eff7cf0ccbc6,1424053974641043770,716fb2ef32e72f72aaa9732124821e3b073fc16b5b1b75bf59c42945d57274b2,,xor_dom,13,33,61,17,4136.0,211.0,4,17,16,3,30,32,31,28103.0,34913.0,21723.0,805,387680.0,382651.57490968704,29644.928872585297,56296.586990356445,81803.64966392517,55214.39015865326,19981.0,35484.0,ok,8340.6,28968.0,4825.4,12296.8,15163.0,369942.0,3.4731314293935687,2.5483483234550506,3.1423301695196257,716fb2ef32e72f72aaa9732124821e3b073fc16b5b1b75bf59c42945d57274b2,True,1024,13312,62464,5120,3072,16777216,5,5,eff7cf0ccbc63d6a62f81dd8dfc54fdd
synthetic_gap,tuning,selector-gap-k13-xor_dom-shared-2-dc1141c5a731,6107769996622208047,7e0a2195ba20d13ab9a2cc25315084f70fd170a863580067fba2d1d881870dcd,,xor_dom,13,45,113,30,7742.0,200.0,17,40,34,9,61,79,65,43346.0,48243.0,28233.0,1094,570517.0,563777.9831886292,42050.14556646347,80422.49828577042,120779.49941158295,91549.00908470154,38859.0,64688.0,ok,22143.8,52998.6,11177.0,24018.4,21462.0,567974.0,2.3933832494874414,2.148912946228863,1.9201932540037576,7e0a2195ba20d13ab9a2cc25315084f70fd170a863580067fba2d1d881870dcd,True,1024,13312,115712,5120,9216,16777216,5,5,dc1141c5a731d0b0c7dce3d6eccbec89
synthetic_gap,tuning,selector-gap-k13-andor_dom-tree-1-e717aa4b182d,8870036969255502751,73e7b9af16da44c94c62515c724564c7ced9ce6bac167e460676517b61b6bb3d,,andor_dom,13,32,38,27,6359.0,230.0,14,22,20,4,19,22,20,35223.0,32980.0,20982.0,769,318425.0,313336.0296487808,21050.68415403366,23338.012397289276,74824.31828975677,43563.54475021362,34052.0,25659.0,ok,7066.8,19583.8,7924.0,18197.6,18027.0,332205.0,2.7712401652799,2.296516910651186,2.274987380111055,73e7b9af16da44c94c62515c724564c7ced9ce6bac167e460676517b61b6bb3d,True,1024,13312,38912,4096,4096,16777216,5,5,e717aa4b182d81fb7f014621e488dfa4
synthetic_gap,tuning,selector-gap-k13-andor_dom-tree-2-2b02c2ce353d,3509592225480496666,b2be90c628714f54954e1fff74d2ca9277af1e629ade6f968e5ec49cdcc9b423,,andor_dom,13,31,33,27,5658.0,191.0,14,21,17,4,18,22,18,33200.0,30076.0,20121.0,723,278464.0,273725.9492278099,17342.157661914825,21119.602024555206,69811.94019317627,31086.616218090057,31518.0,21152.0,ok,7233.0,17172.2,7723.6,15285.2,18007.0,289981.0,2.3741462740218444,1.9790253249779894,2.3314257600082864,b2be90c628714f54954e1fff74d2ca9277af1e629ade6f968e5ec49cdcc9b423,True,1024,13312,33792,5120,4096,16777216,5,5,2b02c2ce353d6de4fd4c42b31fc40c0d
synthetic_gap,tuning,selector-gap-k13-andor_dom-shared-1-edd8877715e2,1596869751077217417,74a76b50a5bd81411c886a140592c675b836206f14aa6032c2cd2a197242954b,,andor_dom,13,41,66,30,7812.0,210.0,17,31,28,7,35,40,35,42474.0,43656.0,26380.0,992,462673.0,456525.0128507614,35775.82538127899,42696.48343324661,104465.52187204361,72517.43227243423,39440.0,38989.0,ok,11097.0,32283.0,9370.2,22872.8,19740.0,458998.0,2.9091646390916464,2.441015133081471,2.10667861945316,74a76b50a5bd81411c886a140592c675b836206f14aa6032c2cd2a197242954b,True,1024,13312,67584,4096,7168,16777216,5,5,edd8877715e24daa4abd7dda0f05fdfd
synthetic_gap,tuning,selector-gap-k13-andor_dom-shared-2-9afc69d8f8fe,3454281855025251075,5b0b76177250083605b91be38eebac404e883facc8deb69f5a443ccd0d6d38f9,,andor_dom,13,44,67,30,8233.0,290.0,17,36,32,7,34,40,36,44377.0,48784.0,28623.0,1073,485118.0,477955.6766152382,36990.270018577576,39923.93612861633,109686.51622533798,75655.9893488884,45529.0,40291.0,ok,11253.0,32617.6,10460.0,24893.8,21122.0,508934.0,2.8985692704167776,2.3799043977055447,2.0193116634799235,5b0b76177250083605b91be38eebac404e883facc8deb69f5a443ccd0d6d38f9,True,1024,13312,68608,5120,7168,16777216,5,5,9afc69d8f8fe0a445bc160e2d2c7a066
synthetic_gap,tuning,selector-gap-k13-impeqv_dom-tree-1-77031942351a,3914099624317553999,2b54bf8168b5ba7e1d5f3a98b58445f8336ffcd2df0fdf6b6026b3dc9017e54a,,impeqv_dom,13,30,33,28,5979.0,201.0,15,38,26,4,17,39,27,32379.0,31357.0,19851.0,715,248438.0,243630.26022911072,6811.69331073761,16338.19192647934,66362.32137680054,32964.16252851486,33661.0,21273.0,ok,10634.2,13270.2,10279.6,12230.6,18658.0,211231.0,1.2478794831769198,1.189793377174209,1.8150511693061986,2b54bf8168b5ba7e1d5f3a98b58445f8336ffcd2df0fdf6b6026b3dc9017e54a,True,1024,13312,33792,6144,4096,16777216,5,5,77031942351ab96188ccc50b84682d78
synthetic_gap,tuning,selector-gap-k13-impeqv_dom-tree-2-56d7f366df96,3816016164161023029,4d3799a2b579cdc53fb42b21b0e53b8c5a8880e9b26fe0a15cd402fa91dcf907,,impeqv_dom,13,29,32,28,4607.0,160.0,15,41,28,4,16,41,28,23045.0,22104.0,16906.0,696,178771.0,175106.33915662766,3845.430910587311,14115.124940872192,48181.97339773178,25318.9355134964,25689.0,14743.0,ok,11393.4,13085.8,11838.0,12651.2,19620.0,208307.0,1.1485421384310215,1.0686940361547559,1.6573745565129245,4d3799a2b579cdc53fb42b21b0e53b8c5a8880e9b26fe0a15cd402fa91dcf907,True,1024,13312,32768,4096,4096,16777216,5,5,56d7f366df963c8ab9dbafffce31d8e9
synthetic_gap,tuning,selector-gap-k13-impeqv_dom-shared-1-ae9a714d1dc6,6501669596426477098,12e9b6d65755b9381f2cb7886d22827243a30bab8d4637369ba6d1b1e8f7b878,,impeqv_dom,13,39,69,39,7010.0,181.0,26,74,50,8,34,98,66,34252.0,33501.0,17877.0,963,255428.0,250861.9800209999,2725.04985332489,17087.9065990448,66668.72650384903,48199.668526649475,36445.0,29775.0,ok,27269.6,26931.0,21450.6,20465.0,32389.0,295880.0,0.9875832428785168,0.954052567294155,1.5099344540479056,12e9b6d65755b9381f2cb7886d22827243a30bab8d4637369ba6d1b1e8f7b878,True,1024,13312,70656,4096,8192,16777216,5,5,ae9a714d1dc65c94c7d488a936c61a96
synthetic_gap,tuning,selector-gap-k13-impeqv_dom-shared-2-e5b4909de610,5232776060271442878,50926e966543e55523053057743c642bf1dfb188dff808979b85cb8110cd62eb,,impeqv_dom,13,32,53,32,5549.0,180.0,19,55,37,6,26,72,49,25488.0,26140.0,15514.0,780,195077.0,191100.87305307388,1131.5569281578064,10275.281965732574,52344.98530626297,36558.136343955994,29485.0,22724.0,ok,20869.8,20321.0,16432.8,15087.0,25149.0,231832.0,0.9737036291675052,0.9181028187527385,1.5304147801957062,50926e966543e55523053057743c642bf1dfb188dff808979b85cb8110cd62eb,True,1024,13312,54272,4096,6144,16777216,5,5,e5b4909de6102c792a5315c0cdfbb573
synthetic_gap,tuning,selector-gap-k13-mixed-tree-1-45c86f91ce46,7712331610724418789,d042913ad45b9ed486ab70c71ef01098e5f7ec8b3d4411498f1c33782d27dfd1,,mixed,13,32,37,26,4337.0,150.0,13,23,19,5,19,29,23,26871.0,25148.0,14632.0,766,227586.0,223279.9306511879,12919.306755065918,22192.485630512238,52803.196012973785,27043.744921684265,26941.0,17226.0,ok,6612.0,13742.8,6021.2,11685.8,14042.0,236190.0,2.078463399879008,1.9407759250647711,2.33209327044443,d042913ad45b9ed486ab70c71ef01098e5f7ec8b3d4411498f1c33782d27dfd1,True,1024,13312,37888,5120,5120,16777216,5,5,45c86f91ce4627652deedccd94c020c9
synthetic_gap,tuning,selector-gap-k13-mixed-tree-2-318b85eea545,188740243935155986,4daea88c99fc33811ff1d8af36a6e624bb2593fda59ee29017f03dcc4eabdfda,,mixed,13,28,29,28,4457.0,180.0,15,29,21,4,15,29,21,24117.0,21363.0,13210.0,662,178531.0,175147.31734991074,7331.371307373047,15162.862837314606,45449.47296380997,21845.102310180664,25058.0,13610.0,ok,7505.4,11555.4,8098.4,11437.4,15914.0,202928.0,1.5396114797345912,1.412303664921466,1.9650795218808654,4daea88c99fc33811ff1d8af36a6e624bb2593fda59ee29017f03dcc4eabdfda,True,1024,13312,29696,5120,4096,16777216,5,5,318b85eea5451f4767ac3c6c8f3dce50
synthetic_gap,tuning,selector-gap-k13-mixed-shared-1-93627fd5e326,3021516842052794665,9cd2fcf18bf0ce2867eb6b1178e88f4e0c54870d109c38ff2c92302871bfcd53,,mixed,13,38,58,29,5809.0,251.0,16,40,32,7,29,44,36,31909.0,30867.0,17837.0,931,310401.0,305945.0536966324,20758.2488656044,31037.256121635437,68811.69974803925,51429.495215415955,28123.0,24737.0,ok,10387.8,20831.6,10419.8,16262.8,18328.0,323502.0,2.0053909393711855,1.5607593235954624,1.7589589051613277,9cd2fcf18bf0ce2867eb6b1178e88f4e0c54870d109c38ff2c92302871bfcd53,True,1024,13312,59392,4096,7168,16777216,5,5,93627fd5e326cfa207aafdcdc4496424
synthetic_gap,tuning,selector-gap-k13-mixed-shared-2-ec0fd0be1b57,8066683748159440239,4174bd44c73c8838990827785aa2cd0bdad704c64339709236091354cb5b3629,,mixed,13,43,79,36,6510.0,150.0,23,52,39,6,41,75,56,34673.0,36826.0,19390.0,1049,338975.0,333557.8367114067,19470.229744911194,30063.092708587646,75753.77821922302,54664.90983963013,34483.0,33611.0,ok,18370.0,29456.8,13532.4,19696.0,21643.0,371986.0,1.6035274904735983,1.4554698353581035,1.5993467529780379,4174bd44c73c8838990827785aa2cd0bdad704c64339709236091354cb5b3629,True,1024,13312,80896,5120,6144,16777216,5,5,ec0fd0be1b57d025e70e27b44f3f2e45
synthetic_gap,tuning,selector-gap-k14-xor_dom-tree-1-9a7d02aa3b1d,3220527269701357297,410e825e5a8034186145aebf3a3f1eb5d0342c909ee878ca980f5c6e77225033,,xor_dom,14,33,37,20,3516.0,170.0,6,19,16,4,19,23,20,21573.0,25849.0,15413.0,788,249720.0,245173.46173524857,18271.617591381073,32579.52630519867,56784.600019454956,26121.73557281494,17466.0,17166.0,ok,6738.4,13989.2,5396.2,9019.6,13540.0,256079.0,2.076041790335985,1.6714725176976393,2.5091731218264703,410e825e5a8034186145aebf3a3f1eb5d0342c909ee878ca980f5c6e77225033,True,2048,28672,75776,10240,8192,16777216,5,5,9a7d02aa3b1dd3e19d8c37c9ca069e93
synthetic_gap,tuning,selector-gap-k14-xor_dom-tree-2-2a99ad3e3bef,7091856428280436633,126b9c550e233e78b13f13c45b59092276b9a12af24cab35cf86b7018c651d17,,xor_dom,14,41,48,34,5939.0,160.0,20,36,28,5,27,36,28,31719.0,31368.0,18669.0,965,309922.0,304862.8568649292,19788.742065429688,31249.597668647766,75159.59441661835,40617.771446704865,32529.0,20891.0,ok,12653.2,18758.6,12747.4,16959.8,21863.0,338565.0,1.4825182562513828,1.3304516999545004,1.7150948428699186,126b9c550e233e78b13f13c45b59092276b9a12af24cab35cf86b7018c651d17,True,2048,28672,98304,10240,10240,16777216,5,5,2a99ad3e3bef0821b2afaa5812f2bf3f
synthetic_gap,tuning,selector-gap-k14-xor_dom-shared-1-b2d777e08843,7937686952706662640,925c9b6095b5d5dd7caf36a377eeef83b22c29d5652365d9859b038067f353a4,,xor_dom,14,42,73,27,5899.0,190.0,13,28,26,6,36,40,38,32690.0,34903.0,20031.0,1039,403073.0,397603.95884513855,32149.25527572632,57088.2111787796,81395.73037624359,60815.36412239075,27612.0,31308.0,ok,10702.2,26522.2,8531.0,15661.8,16875.0,400359.0,2.4782007437723084,1.835869182979721,1.978079943734615,925c9b6095b5d5dd7caf36a377eeef83b22c29d5652365d9859b038067f353a4,True,2048,28672,149504,10240,12288,16777216,5,5,b2d777e08843fa0f9b73f49e59c74d76
synthetic_gap,tuning,selector-gap-k14-xor_dom-shared-2-fb4514c915bf,5724551926252680835,efebc406297194e4ab02467f00c99c24b3f8cfcd44629fb0479114e0cb25a18b,,xor_dom,14,40,75,18,3215.0,211.0,4,17,17,3,37,45,41,25969.0,32970.0,19199.0,985,404525.0,399477.7798652649,33236.10872030258,63357.874751091,82837.41772174835,55910.08812189102,17156.0,33221.0,ok,13472.6,27337.6,3393.0,9901.0,12008.0,381780.0,2.029125781215207,2.91806660772178,3.539050987326849,efebc406297194e4ab02467f00c99c24b3f8cfcd44629fb0479114e0cb25a18b,True,2048,28672,153600,8192,6144,16777216,5,5,fb4514c915bf1421de46711fb7226035
synthetic_gap,tuning,selector-gap-k14-andor_dom-tree-1-2de4da4a3d7f,3769341501707921558,8830dc881184d8c063c88105e5f17db27703024bcda5a6341923586f45b9c5fb,,andor_dom,14,32,35,30,5078.0,180.0,16,28,22,5,18,28,22,28634.0,25969.0,15534.0,757,224261.0,219644.04731988907,12306.496500968933,16655.772924423218,55323.35489988327,30235.38738489151,27591.0,16615.0,ok,9732.8,14410.0,10215.4,14093.4,19510.0,247937.0,1.4805605786618445,1.3796229222546352,1.9098615815337627,8830dc881184d8c063c88105e5f17db27703024bcda5a6341923586f45b9c5fb,True,2048,28672,71680,10240,10240,16777216,5,5,2de4da4a3d7fe7054a4f0fae0ee3a1e7
synthetic_gap,tuning,selector-gap-k14-andor_dom-tree-2-16ac6164d787,6439419732314517753,648da0e462d822f4e752687ff41400bca745e4ddd1c3bca8e3841fbb0471db8f,,andor_dom,14,31,32,26,4457.0,170.0,12,24,19,5,17,24,19,24748.0,22694.0,14743.0,723,212933.0,208397.39590883255,12818.723917007446,13820.827007293701,54080.97058534622,26441.17921590805,23696.0,18267.0,ok,8723.4,12947.8,8659.2,11918.2,17217.0,229950.0,1.4842607240296215,1.3763627124907611,1.9882899113082038,648da0e462d822f4e752687ff41400bca745e4ddd1c3bca8e3841fbb0471db8f,True,2048,28672,65536,10240,10240,16777216,5,5,16ac6164d787011f472a49ccb62bb4d3
synthetic_gap,tuning,selector-gap-k14-andor_dom-shared-1-09561cd4bb65,1355564316213337099,130e090a7836b41b870741871b8600210ba990dc1ba44da02f2a236df99548f2,,andor_dom,14,44,73,37,6700.0,181.0,23,46,36,6,39,61,47,36485.0,35694.0,21112.0,1061,362902.0,357042.99807548523,22295.862436294556,32525.50959587097,82957.55833387375,59665.18074274063,37116.0,31588.0,ok,21272.2,28124.8,16785.6,20525.2,25038.0,396183.0,1.3221387538665488,1.222786197693261,1.4916356877323422,130e090a7836b41b870741871b8600210ba990dc1ba44da02f2a236df99548f2,True,2048,28672,149504,10240,12288,16777216,5,5,09561cd4bb6574e5186f6fc0d5748c21
synthetic_gap,tuning,selector-gap-k14-andor_dom-shared-2-afe75c82f169,949586055089931583,2dca7b7cabc0c3eef7abdee1ecb9c157d052370527d853082bede43e33f94113,,andor_dom,14,41,67,33,6190.0,210.0,19,36,30,6,34,46,39,35784.0,33841.0,19359.0,1002,339105.0,333697.53509759903,23466.534912586212,29498.711228370667,79999.67783689499,50269.06728744507,32550.0,29084.0,ok,16112.4,25368.6,12923.6,18021.4,21202.0,354779.0,1.5744768004766514,1.394456652945,1.6405645485777955,2dca7b7cabc0c3eef7abdee1ecb9c157d052370527d853082bede43e33f94113,True,2048,28672,137216,10240,12288,16777216,5,5,afe75c82f1697280a2878588062a0668
synthetic_gap,tuning,selector-gap-k14-impeqv_dom-tree-1-240430d5bfcf,2182542253557336166,05f81764ac4dabc708958dd2f5c2fc96c5820bb7910e335d523e06e9ef68881d,,impeqv_dom,14,30,31,30,5057.0,170.0,16,44,29,5,16,44,29,24227.0,24548.0,14442.0,709,177771.0,173954.2931318283,1512.467861175537,9402.632713317871,50870.70167064667,26982.277631759644,26681.0,17497.0,ok,20461.2,13907.0,20789.6,13680.8,31919.0,220876.0,0.679676656305593,0.6580597991303344,1.5353349751798977,05f81764ac4dabc708958dd2f5c2fc96c5820bb7910e335d523e06e9ef68881d,True,2048,28672,63488,8192,10240,16777216,5,5,240430d5bfcf8179862cebd98d9dd3bf
synthetic_gap,tuning,selector-gap-k14-impeqv_dom-tree-2-685b65bb6762,1071821844330409770,5b14cfe6af983f6b6a23333927dddf525dfcc5f668412fb60bf526b092c091d5,,impeqv_dom,14,36,41,36,6470.0,190.0,22,54,36,5,22,54,36,30647.0,33180.0,16916.0,856,229869.0,225513.2421851158,5067.326128482819,16954.727470874786,61053.78270149231,32578.594982624054,32980.0,19670.0,ok,24102.6,17516.8,24156.8,17426.6,32249.0,280266.0,0.7267597686556637,0.7213952179096569,1.3349864220426546,5b14cfe6af983f6b6a23333927dddf525dfcc5f668412fb60bf526b092c091d5,True,2048,28672,83968,12288,10240,16777216,5,5,685b65bb67629cfbc3888b16a720aa07
synthetic_gap,tuning,selector-gap-k14-impeqv_dom-shared-1-3c4175f636b3,3728851768616750940,ace6f825efd4cdca91d38a260b55d1e5a4109cf27001b467db2e2478c1d3f51d,,impeqv_dom,14,34,56,33,5869.0,200.0,19,49,34,6,28,67,47,28713.0,27913.0,17207.0,820,236009.0,231421.5525984764,6549.99166727066,14218.50174665451,58681.704103946686,41142.10605621338,30927.0,25298.0,ok,32900.0,22918.8,24407.2,16383.0,32830.0,275068.0,0.6966200607902735,0.6712363564849716,1.3450948900324493,ace6f825efd4cdca91d38a260b55d1e5a4109cf27001b467db2e2478c1d3f51d,True,2048,28672,114688,8192,12288,16777216,5,5,3c4175f636b386b351146534a2748c1f
synthetic_gap,tuning,selector-gap-k14-impeqv_dom-shared-2-75565d40dab9,3685920681182550107,8e130613b27395c840e96873516cd4ea70d94005f8a44865f9f84d62d5b7788f,,impeqv_dom,14,48,80,46,8373.0,180.0,32,80,56,7,40,99,69,42455.0,43176.0,22564.0,1189,347048.0,341098.75559806824,9104.609489440918,25960.616767406464,83442.77739524841,60811.638832092285,45780.0,38028.0,ok,46262.4,32311.2,37439.0,26191.8,45789.0,400969.0,0.6984332849138826,0.6995859932156308,1.223029461256978,8e130613b27395c840e96873516cd4ea70d94005f8a44865f9f84d62d5b7788f,True,2048,28672,163840,10240,14336,16777216,5,5,75565d40dab9c70b26af750b933cd86e
synthetic_gap,tuning,selector-gap-k14-mixed-tree-1-fc78b0fa25e5,9158167523788523317,fca60a0d65766d984a905a2161f9dbeda0d4185cf3d6101988f51b5c8263c8b6,,mixed,14,37,43,31,5628.0,211.0,17,36,27,4,23,37,28,30046.0,29685.0,17487.0,878,275108.0,270280.98702430725,16657.63556957245,24675.391614437103,64967.20016002655,36303.88528108597,28694.0,20311.0,ok,13664.8,17306.2,13967.2,15585.8,22114.0,301128.0,1.2664802997482585,1.1158857895641217,1.5832808293716707,fca60a0d65766d984a905a2161f9dbeda0d4185cf3d6101988f51b5c8263c8b6,True,2048,28672,88064,10240,8192,16777216,5,5,fc78b0fa25e5a5622cb04a82f953d6b6
synthetic_gap,tuning,selector-gap-k14-mixed-tree-2-619aa9cce472,8814894195080260214,4813d9d5a9dbf6673ce5340e6aeb174d521084a20a2363f2e81d084da3f72931,,mixed,14,34,38,32,5288.0,150.0,18,35,26,4,20,35,26,30096.0,26490.0,16495.0,807,238682.0,233826.22748613358,11899.508535861969,18227.845430374146,59556.21600151062,32246.112823486328,30596.0,18328.0,ok,14692.4,15589.8,15165.2,15153.0,23416.0,272625.0,1.061079197408184,0.9991955266003745,1.544061403740142,4813d9d5a9dbf6673ce5340e6aeb174d521084a20a2363f2e81d084da3f72931,True,2048,28672,77824,12288,8192,16777216,5,5,619aa9cce4728dd8d77627b51b0a700d
synthetic_gap,tuning,selector-gap-k14-mixed-shared-1-47707ab9048d,6391117205827537060,ca016eca0df0c703a348c033749b455130743cf8f9725b44dc744f8d1e765692,,mixed,14,45,75,38,7401.0,211.0,24,49,39,9,38,68,52,38309.0,39390.0,21382.0,1102,372366.0,366566.7027235031,23978.762328624725,35353.004932403564,86425.80360174179,57969.242334365845,38549.0,32279.0,ok,27559.8,29276.6,19233.4,21949.4,27722.0,393608.0,1.0622936305778707,1.141212682105088,1.4413468237545102,ca016eca0df0c703a348c033749b455130743cf8f9725b44dc744f8d1e765692,True,2048,28672,153600,10240,18432,16777216,5,5,47707ab9048d8d691f0a427d08cb7bde
synthetic_gap,tuning,selector-gap-k14-mixed-shared-2-1cf5bb233646,2473387574060680536,6e61cbd4f84a6ddfc8ef7caca0a4d40d1e76273e7656c1096b54eeb8cb89415d,,mixed,14,43,90,35,6350.0,170.0,21,48,37,7,48,77,59,34462.0,36265.0,20802.0,1042,352475.0,346858.05439949036,20979.903638362885,28710.81233024597,80825.76096057892,61941.33311510086,38418.0,39020.0,ok,31241.4,33999.6,20717.6,19659.8,29295.0,387078.0,1.0882866964988764,0.948941962389466,1.4140151368884428,6e61cbd4f84a6ddfc8ef7caca0a4d40d1e76273e7656c1096b54eeb8cb89415d,True,2048,28672,184320,10240,14336,16777216,5,5,1cf5bb233646dc288942cbe670c9983d
synthetic_gap,tuning,selector-gap-k15-xor_dom-tree-1-2e0891e31407,5844122532930393907,33530bd303d4cd28b49b720c6b37c6b599beb0b57d1a635ed1161637a1b29be0,,xor_dom,15,29,29,23,4026.0,211.0,8,16,15,4,14,16,15,23286.0,22835.0,14162.0,690,215217.0,210770.4058289528,13653.188943862915,23144.297301769257,49939.37909603119,28114.765882492065,20782.0,14141.0,ok,5981.2,13406.2,6309.6,12008.2,15003.0,231072.0,2.2413896876880894,1.9031634334981615,2.3778052491441612,33530bd303d4cd28b49b720c6b37c6b599beb0b57d1a635ed1161637a1b29be0,True,4096,61440,118784,16384,16384,16777216,5,5,2e0891e31407e5713d5fdd4aad1ce00a
synthetic_gap,tuning,selector-gap-k15-xor_dom-tree-2-28f6f3f3f8d5,3170918471865566609,f7681ce5e68b5e246bc9db8093fab0c6daa00147fb13dbf52c17a6364357024f,,xor_dom,15,41,48,28,5058.0,180.0,13,35,27,4,26,37,29,29214.0,33301.0,18408.0,975,317302.0,311983.74927043915,20859.763026237488,37970.02136707306,73843.63561868668,37935.56243181229,26290.0,21082.0,ok,19645.8,21356.4,19355.4,17242.2,28553.0,344644.0,1.0870720459334822,0.8908211661861806,1.475195552662306,f7681ce5e68b5e246bc9db8093fab0c6daa00147fb13dbf52c17a6364357024f,True,4096,61440,196608,20480,16384,16777216,5,5,28f6f3f3f8d55ee4a72cc680fd9b23c3
synthetic_gap,tuning,selector-gap-k15-xor_dom-shared-1-474676d10915,3410487797451685694,60d3935ccc3149db043c7ff44611cdb80ab16feb1bc96a8aba4c102a8081133a,,xor_dom,15,42,96,28,5228.0,170.0,13,29,25,5,48,57,52,32660.0,38769.0,19750.0,1024,366818.0,361498.4452724457,26670.28456926346,49217.60410070419,73769.12981271744,52943.82572174072,27022.0,43016.0,ok,22259.8,39309.8,13160.0,17306.2,21943.0,374649.0,1.7659547704831133,1.3150607902735563,1.6674012158054712,60d3935ccc3149db043c7ff44611cdb80ab16feb1bc96a8aba4c102a8081133a,True,4096,61440,393216,20480,20480,16777216,5,5,474676d109151a2bfc52590a3ca60c45
synthetic_gap,tuning,selector-gap-k15-xor_dom-shared-2-28f94d5d642c,2104903011710427390,fa7842a52cf89bd18da0d3ff657294d1ac26a178be0f6828218c6e5c0c845d01,,xor_dom,15,40,70,26,4717.0,191.0,11,24,22,6,35,42,38,28374.0,32570.0,18488.0,974,369122.0,363903.12016010284,28521.75384759903,51996.67066335678,75921.41628265381,55292.62125492096,25118.0,32950.0,ok,18888.6,28889.8,10446.0,15595.8,19019.0,381520.0,1.5294833920989381,1.492992533026996,1.8206969174803753,fa7842a52cf89bd18da0d3ff657294d1ac26a178be0f6828218c6e5c0c845d01,True,4096,61440,286720,20480,24576,16777216,5,5,28f94d5d642cc44c6fe107bd3456ac67
synthetic_gap,tuning,selector-gap-k15-andor_dom-tree-1-4d50b0642787,857367548658942494,acfa3dc7b46b576518084e14e9d17c98d0ec64e7afc6f248d4143d97b0ae4ba0,,andor_dom,15,37,42,30,4978.0,210.0,15,24,20,5,22,27,23,31098.0,27992.0,17326.0,874,250671.0,245834.70076322556,16539.357602596283,16336.329281330109,59392.303228378296,31786.970794200897,26880.0,19309.0,ok,13262.2,18506.0,12961.8,15677.8,21463.0,269139.0,1.3953944292802098,1.2095387986236479,1.6558656976654478,acfa3dc7b46b576518084e14e9d17c98d0ec64e7afc6f248d4143d97b0ae4ba0,True,4096,61440,172032,24576,20480,16777216,5,5,4d50b0642787e33d4acafc0821bdbf80
synthetic_gap,tuning,selector-gap-k15-andor_dom-tree-2-372028c2497e,5183331906616992343,e753b2d4b7ea95756ce35f3a06f0bb01dd6ef7829da28aa40f7ab4933fab9098,,andor_dom,15,31,31,27,4547.0,170.0,12,22,18,5,16,22,18,26431.0,23186.0,14942.0,726,222679.0,218291.7669415474,13027.340173721313,17276.965081691742,53738.243877887726,26860.274374485016,23996.0,15193.0,ok,11661.8,14644.4,12192.4,14061.4,20692.0,241918.0,1.2557581162427756,1.1532922148223483,1.6971227978084709,e753b2d4b7ea95756ce35f3a06f0bb01dd6ef7829da28aa40f7ab4933fab9098,True,4096,61440,126976,20480,20480,16777216,5,5,372028c2497ed7dc0a0ef00b436ae4be
synthetic_gap,tuning,selector-gap-k15-andor_dom-shared-1-9aa243490576,3862717666665126179,1e96074444a5f1c3014d28ab12f30d042225701d17631836b763d1188dab9486,,andor_dom,15,43,74,33,6540.0,231.0,18,31,29,9,38,49,42,39460.0,35855.0,20431.0,1048,386157.0,379998.23689460754,29677.52516269684,34878.03041934967,86271.20405435562,63795.59636116028,33221.0,32088.0,ok,25302.4,31409.8,13138.0,21100.0,21934.0,429503.0,1.2413763121284935,1.6060283148119958,1.669508296544375,1e96074444a5f1c3014d28ab12f30d042225701d17631836b763d1188dab9486,True,4096,61440,303104,20480,36864,16777216,5,5,9aa2434905762b458cc2d713212a807a
synthetic_gap,tuning,selector-gap-k15-andor_dom-shared-2-abf82a07cbf5,3985644943403754906,bb640116d1d3d7742a53cc747989ffc15d1606549210b0364376c59050809b0c,,andor_dom,15,44,82,33,6270.0,200.0,18,34,29,6,43,50,44,38479.0,35474.0,20501.0,1053,363843.0,358065.590262413,26131.048798561096,34193.508327007294,81180.59486150742,56777.14943885803,30676.0,33771.0,ok,21064.0,33651.2,15455.6,20585.4,24217.0,381100.0,1.5975693125712114,1.3319055876187273,1.5668754367349051,bb640116d1d3d7742a53cc747989ffc15d1606549210b0364376c59050809b0c,True,4096,61440,335872,20480,24576,16777216,5,5,abf82a07cbf5c0fe5bb0d2710a15d821
synthetic_gap,tuning,selector-gap-k15-impeqv_dom-tree-1-e2a491eea144,5702062665626992469,465989b291cedf82d916c9c62fb083a2396ba3bd06bc253a9b5e77e1d78047c6,,impeqv_dom,15,31,32,31,4808.0,150.0,16,41,28,5,16,41,28,26220.0,25810.0,15123.0,738,193595.0,189498.06690216064,3734.603524208069,12998.469173908234,52414.83449935913,26678.666472434998,28343.0,16235.0,ok,27608.0,16779.6,28359.2,16891.8,36966.0,238262.0,0.6077803535207186,0.5956373945668425,1.3034923411097632,465989b291cedf82d916c9c62fb083a2396ba3bd06bc253a9b5e77e1d78047c6,True,4096,61440,131072,16384,20480,16777216,5,5,e2a491eea1440eafc5a79887305b00fc
synthetic_gap,tuning,selector-gap-k15-impeqv_dom-tree-2-accd4da50448,2444891349502145202,b622cf231016d54c4c36cd92cd9e85f04a089903abec8af745bf56d0550421b8,,impeqv_dom,15,37,44,37,6400.0,170.0,22,63,42,6,22,63,42,33821.0,31197.0,17046.0,895,229479.0,224961.89922094345,1220.9638953208923,15634.112060070038,63006.76614046097,36705.28531074524,38278.0,20721.0,ok,46342.4,23139.2,46707.0,23191.2,58459.0,300928.0,0.49930948763982874,0.4965251461237074,1.2516111075427665,b622cf231016d54c4c36cd92cd9e85f04a089903abec8af745bf56d0550421b8,True,4096,61440,180224,16384,24576,16777216,5,5,accd4da50448fed805ce1c1003df89bd
synthetic_gap,tuning,selector-gap-k15-impeqv_dom-shared-1-4493d2b06f92,279604754238106713,0d5bf098968f67f5014412009d87c3bbb7d1a6d8e8fb1274a33340b228118115,,impeqv_dom,15,41,68,41,7170.0,220.0,26,73,49,7,34,97,65,34042.0,35524.0,19579.0,1001,273767.0,268568.2848095894,2594.664692878723,15663.914382457733,70936.04654073715,54308.2132935524,39359.0,30646.0,ok,72426.2,34145.8,57890.0,26155.8,66491.0,352166.0,0.4714564618881013,0.4518189670063914,1.1485748833995508,0d5bf098968f67f5014412009d87c3bbb7d1a6d8e8fb1274a33340b228118115,True,4096,61440,278528,16384,28672,16777216,5,5,4493d2b06f9208f127dc63450a91917e
synthetic_gap,tuning,selector-gap-k15-impeqv_dom-shared-2-618b7d4d57a5,6858337910442097999,c01379924e9c0bdff7106c31209694a77a031e3d12818d3aadb1447f6e02ed48,,impeqv_dom,15,44,132,44,7822.0,190.0,29,79,52,7,74,195,126,36316.0,37527.0,20100.0,1062,295990.0,290742.1439886093,2733.4317564964294,18239.952623844147,75235.96286773682,64001.4186501503,41393.0,54423.0,ok,153042.6,62501.0,62971.8,27055.2,75705.0,384875.0,0.4083895595082676,0.42963993406572465,1.202204796432689,c01379924e9c0bdff7106c31209694a77a031e3d12818d3aadb1447f6e02ed48,True,4096,61440,540672,24576,28672,16777216,5,5,618b7d4d57a59bae11470c23501dbd09
synthetic_gap,tuning,selector-gap-k15-mixed-tree-1-1cca3b230dee,8847258011359563960,8cba272c04851b4fc769b0a65deb0405a77fcef2cd800d2026562b725ff582b7,,mixed,15,38,45,38,6550.0,210.0,23,45,33,4,23,45,33,33791.0,31478.0,19360.0,911,266305.0,261266.71582460403,11397.525668144226,22510.99795103073,64759.5152258873,36572.106182575226,36024.0,21232.0,ok,27972.4,21959.4,28645.6,21709.0,37507.0,313757.0,0.7850381089931504,0.7578476275588573,1.3093459379450947,8cba272c04851b4fc769b0a65deb0405a77fcef2cd800d2026562b725ff582b7,True,4096,61440,184320,20480,16384,16777216,5,5,1cca3b230dee8af58e9064b417585f37
synthetic_gap,tuning,selector-gap-k15-mixed-tree-2-2479fdf72c85,6826166312587401717,28ada6e9d751069a5db1c9d5ebf02680a012dec741dc05ee29161bda8e8d31b7,,mixed,15,31,32,29,4637.0,200.0,14,33,24,4,16,33,24,26861.0,24457.0,15113.0,736,204230.0,200013.630092144,8914.61968421936,15102.3268699646,52215.53146839142,27312.89714574814,27402.0,15664.0,ok,22686.4,16242.6,22696.4,15864.2,34743.0,246434.0,0.7159619860356865,0.6989742866710139,1.5307713998695827,28ada6e9d751069a5db1c9d5ebf02680a012dec741dc05ee29161bda8e8d31b7,True,4096,61440,131072,16384,16384,16777216,5,5,2479fdf72c857127cba3c10902d118ba
synthetic_gap,tuning,selector-gap-k15-mixed-shared-1-5d08450d50ab,4990764046505199195,b3213878840a56f0575195d4ec64ab68c02e349e06ca89192fabc0d822cdbc18,,mixed,15,41,69,31,6029.0,190.0,16,38,32,8,34,50,42,36496.0,34532.0,20321.0,1002,359136.0,353517.94213056564,26219.524443149567,34671.276807785034,78517.94362068176,58677.978813648224,32970.0,29745.0,ok,28058.6,30069.8,21548.8,21042.0,30416.0,415051.0,1.071678558445539,0.976481288981289,1.4114939114939116,b3213878840a56f0575195d4ec64ab68c02e349e06ca89192fabc0d822cdbc18,True,4096,61440,282624,16384,32768,16777216,5,5,5d08450d50ab283343797039095e1849
synthetic_gap,tuning,selector-gap-k15-mixed-shared-2-47c2f2399dad,496119015014087664,edb987c9a390753e490688427d9a23221ab64f894f3640cfcaf60899a4b3dea7,,mixed,15,45,119,35,7171.0,240.0,20,52,39,9,59,123,91,37817.0,40171.0,21573.0,1114,374970.0,369090.58690071106,20010.39683818817,37451.27469301224,81703.0668258667,63613.98845911026,35634.0,50828.0,ok,72838.8,54332.6,32056.8,23415.6,41072.0,418256.0,0.7459293673152221,0.7304409672830725,1.2812258241621122,edb987c9a390753e490688427d9a23221ab64f894f3640cfcaf60899a4b3dea7,True,4096,61440,487424,24576,36864,16777216,5,5,47c2f2399daddffc9b9385458f3b77f2
epfl_gap,held_out,epfl-arithmetic-adder-po6-5e5f8d2bf9,,ed2f865d4c1d045128523bd100e5c1052d90c4ffdde819b5e6e720ddda2ec6d0,60a28c90dc413ab479e07aba13185ae71ab7ffd3fd256c5e631212ee46170bcd,adder.aig,14,78,173,77,13029.0,210.0,63,101,64,12,121,191,121,59661.0,55124.0,30706.0,1758,462473.0,455331.988632679,22966.4146900177,31943.432986736298,134479.25448417664,53619.96591091156,62405.0,62345.0,ok,72314.0,58430.8,41623.4,31299.6,50366.0,524948.0,0.8080150454960312,0.7519712469428254,1.2100405060614943,4026f35c42e8009977267920e6c482465bf0766b5520545ad580edb8824305db,True,2048,28672,354304,18432,24576,16777216,5,5,5e5f8d2bf9194aa08af98cde3140bffc
epfl_gap,held_out,epfl-arithmetic-div-internal10810-b1ae747db1,,d5990a0fe875a0aa109edb831f0e95b8f0a3a46b9b78daeaea9ce05c32c7201f,e65955ae0931e5c7ed91a6210f0f6e6b7bd95eaeef1ffddcfb3e7ec633ed5d82,div.aig,14,41,41,29,4947.0,191.0,15,41,27,15,27,41,27,23696.0,26240.0,18148.0,924,272515.0,268207.8629732132,18547.289073467255,29243.528842926025,77513.04656267166,23898.668587207794,21943.0,17466.0,ok,15667.8,15129.0,13668.6,11910.0,22094.0,276931.0,0.9656109983533107,0.8713401518809534,1.6164054841022488,d5990a0fe875a0aa109edb831f0e95b8f0a3a46b9b78daeaea9ce05c32c7201f,True,2048,28672,83968,12288,30720,16777216,5,5,b1ae747db1c268396bdf3e86f1f55413
epfl_gap,held_out,epfl-arithmetic-log2-internal10182-8de9088c0d,,1f039510013a58de6a8e31ddc7b0622a7670e834248c337f69dc0e6d684dcd5f,146f031921372d0dc47c73ad2c82ce4e7413caff725204b7938a4cf61b1f15cb,log2.aig,14,1409,2572957,815,249049.0,321.0,800,1764,1394,234,,,,1548525.0,1166754.0,543897.0,37778,24179663.0,24045721.627771854,3695206.716656685,5620935.000479221,3856432.6241612434,4658139.310777187,853898.0,,skipped_source_protocol,,,569311.6,570008.6,588134.0,23172272.0,,1.0012242856109028,1.0330616836193045,a2221ded48f6649c6c243042ed5250574fc8bcbcfd522e0660964ed093e09d6f,True,2048,28672,,,479232,16777216,5,5,8de9088c0d9597039c78d1929d1274f4
epfl_gap,held_out,epfl-arithmetic-multiplier-po6-1ed43b9012,,81f326f27605be20525566c09a58817cd052cfbbe82c0a03e4837c12214e4294,543555652101e587c1d1b18a38eb18dfebcb5f85e63e35c781361aa26888946e,multiplier.aig,14,395,57571,369,61093.0,171.0,355,559,381,24,39363,60519,39363,309090.0,293957.0,146423.0,9685,2709830.0,2697741.612792015,185816.54876470566,222602.85913944244,683974.4746685028,392785.29584407806,322200.0,26346158.0,refused_temporary_budget,,,204480.8,172616.4,217721.0,2933851.0,,0.8441692325147397,1.0647503335276467,fac3bd3e506b3b2622c0487e64dddcdd54c6b5e419225f7656413d2d1f930f8e,True,2048,28672,117905408,30720,49152,16777216,5,5,1ed43b9012def7eda7e3bf298a6db017
epfl_gap,held_out,epfl-arithmetic-multiplier-internal2314-b18e1af7fc,,1d27d2717ee24a52912668cd788986209715cce7ce28d164e08dddf51a004507,543555652101e587c1d1b18a38eb18dfebcb5f85e63e35c781361aa26888946e,multiplier.aig,15,145,445,129,21382.0,181.0,114,193,130,24,303,465,303,103277.0,98620.0,51809.0,3422,938787.0,926038.2503271103,63430.51791191101,79548.9177107811,252437.7778172493,111424.36414957047,108325.0,155887.0,ok,271753.0,165752.0,111663.8,69862.2,122366.0,1043086.0,0.6099362288548792,0.6256477031947686,1.0958430574635647,3512e4c1052b5d70619097be30e1cce132b19a3ee871fc5d2b9dd8f46b3a2eb8,True,4096,61440,1822720,53248,98304,16777216,5,5,b18e1af7fcbbdb5f917095d09f80a36b
epfl_gap,held_out,epfl-arithmetic-sin-internal473-3d94727928,,ea2436278464508cf40dafdb68691a17b11649d0ad661adeb7fac75363fe48e0,e1a649d2eca27337787cb4aed79abe120f49597975beaed8bffd6a329c2664b3,sin.aig,15,49,91,37,5688.0,151.0,22,52,34,15,61,93,61,31868.0,31638.0,20071.0,1105,350443.0,345495.5294728279,21713.78582715988,51508.65763425827,87894.4993019104,46417.11711883545,27732.0,32370.0,ok,47462.2,35093.4,26117.8,17853.2,34252.0,395060.0,0.7393968252630515,0.6835644656134897,1.3114427708306213,8f913d89cd270c5814d9dac508073534f228385c4cf5912b3697b4b13be47707,True,4096,61440,372736,16384,61440,16777216,5,5,3d94727928cfeeabc60c80b54077fd83
epfl_gap,held_out,epfl-arithmetic-sin-internal618-7a9d438d5b,,4c6aae58f1e5eb08bba9e16f5446a4787129b7312b7602726bae9c99a71c442f,e1a649d2eca27337787cb4aed79abe120f49597975beaed8bffd6a329c2664b3,sin.aig,13,39,39,29,4607.0,170.0,16,40,26,14,26,40,26,22985.0,27962.0,16155.0,877,255849.0,252002.85017490387,15422.701835632324,33554.621040821075,67207.96227455139,29276.125133037567,22675.0,17757.0,ok,8519.0,13470.4,8342.8,10956.6,16706.0,269039.0,1.581218452870055,1.3133000910965145,2.0024452222275495,786dc32a6994edcbea57edd9d3d903863ec6a063d81a8523073ffc7b85d0e8ca,True,1024,13312,39936,3072,14336,16777216,5,5,7a9d438d5b320a7176c1a8a3128853ae
epfl_gap,held_out,epfl-arithmetic-sin-internal2610-34083b18d5,,1941668a0bc7f7c56d381d239832a38c13b3ddda8208579a0893ec63d16ec83b,e1a649d2eca27337787cb4aed79abe120f49597975beaed8bffd6a329c2664b3,sin.aig,14,65,345,55,8533.0,200.0,41,78,51,13,235,361,235,48173.0,42445.0,24978.0,1481,444565.0,438616.6110634804,25562.942028045654,47125.85359811783,112195.49924135208,70737.67483234406,45299.0,118140.0,ok,116044.4,110041.4,26265.8,22888.8,34332.0,488022.0,0.9482698001799311,0.8714297679872686,1.307098965194283,df19033c6b1f4ab70d304efbee4c5f41247f74b4752ecf199daf1991ca94f14e,True,2048,28672,706560,12288,26624,16777216,5,5,34083b18d5095228518a5ae37cc71e13
epfl_gap,held_out,epfl-arithmetic-sin-internal2639-ac10ac7863,,5f56ecd00688c513065dff9ebfe794aef190187d420700c059806a94264b2cea,e1a649d2eca27337787cb4aed79abe120f49597975beaed8bffd6a329c2664b3,sin.aig,13,59,321,51,8032.0,180.0,38,71,46,12,219,337,219,42474.0,39040.0,23085.0,1340,393418.0,387850.21752119064,22455.118596553802,39784.23774242401,100636.85476779938,57366.67662858963,40972.0,110187.0,ok,69870.2,100298.6,16633.4,19942.2,24868.0,427359.0,1.4354989680865378,1.1989250544085994,1.4950641480394866,e4883a58717eda9c71b4b6ac08a540a32e56254422565823415b393ca0c1a91b,True,1024,13312,328704,6144,12288,16777216,5,5,ac10ac78631fc2eb7adc47be3276ea49
epfl_gap,held_out,epfl-arithmetic-sqrt-po57-bf55ec5ca5,,887381e00e8341985e2f4c4a753e64206825d568f1989680a9120b415f0b0fb8,2fdf59877a0f1ceba46a2a3aca5457e05c47ac24ceb69839a4c12d071cf62300,sqrt.aig,14,461,1366847531,370,67553.0,210.0,356,629,447,42,,,,313837.0,367739.0,161997.0,11595,3734038.0,3712804.988026619,276125.967502594,354312.36028671265,829355.7912111282,769049.8605370522,344113.0,,skipped_source_protocol,,,218792.6,188716.8,231543.0,3786958.0,,0.8625373984312082,1.0582761939846228,8d1be1a466e25bc7309c5280af3e7d3c2ae65b94b2e77ea9d80d143878f48f83,True,2048,28672,,,86016,16777216,5,5,bf55ec5ca5dad499ebc74cc64b2a8a12
epfl_gap,held_out,epfl-arithmetic-square-po13-eca0925c59,,9ae718a4bd6eb26aafff891eb98132b81be08769509e4c27d8d89bb8d8f5118f,c3fe8598cf501743043cf573b7226478a06be9dfb180d17bca77cdfbe667d784,square.aig,13,551,52801,525,87773.0,230.0,512,788,538,24,31907,42921,31907,432667.0,400459.0,193344.0,13600,3783051.0,3732143.9012885094,258171.9309091568,295295.3800559044,950954.8544883728,582786.2769365311,455282.0,24136167.0,refused_temporary_budget,,,208915.6,242961.4,220605.0,3996697.0,,1.1629643741300313,1.0559527388093566,668845526a3dc1ad2144e5364153469c24e527930ba64d977a6d30c3a54f0b8c,True,1024,13312,54068224,14336,24576,16777216,5,5,eca0925c592628dc2497f28ce408e77e
epfl_gap,held_out,epfl-arithmetic-square-po14-e64d8827d4,,4981afcc4d4520dc7f0b099de623c7eaa4910c0fa1a4b295cf331a6cf8768dc2,c3fe8598cf501743043cf573b7226478a06be9dfb180d17bca77cdfbe667d784,square.aig,14,654,80445,628,105110.0,200.0,614,941,640,39,,,,526460.0,493851.0,228618.0,16149,4709571.0,4689360.037446022,311321.57891988754,356140.54650068283,1255484.2978715897,738014.467060566,562245.0,,skipped_source_protocol,,,366863.8,297123.8,376652.0,4963006.0,,0.809902203488052,1.0266807463696337,da48e3a6dad3308fb9b4f5462b3cad14bdcc94c8f63cd6b4ea17a21fc42ec8a7,True,2048,28672,,,79872,16777216,5,5,e64d8827d4d43d7b6102b9359591d740
epfl_gap,held_out,epfl-arithmetic-square-po15-ffd477ae96,,421c5916b980efdbdda8673156a5471fdca87a3ee1efa0e169cea2e4b8ea010d,c3fe8598cf501743043cf573b7226478a06be9dfb180d17bca77cdfbe667d784,square.aig,15,770,122557,737,127063.0,260.0,722,1110,755,46,,,,605610.0,562826.0,261438.0,19082,5602699.0,5532371.811568737,360178.76118421555,408830.1211595535,1383046.6195940971,888824.462890625,663439.0,,skipped_source_protocol,,,686712.0,404054.4,696078.0,6152003.0,,0.5883898927061126,1.0136389053926538,2ad4507aeba83ed92baceaac78ebc297375a7297ffab6d6018b57ff5ff790152,True,4096,61440,,,188416,16777216,5,5,ffd477ae96c74a84e947ac8939371503
epfl_gap,held_out,epfl-random_control-arbiter-internal4039-8a2c198584,,f30a305a5b9c4bf8cff7da9e508a99d17b56a44a23cdd25e25ba18a30743e3dd,0eacc0a97717bbc91f732ce6814bbfcdefa8a0b65b13ade6f002e35d0e585d82,arbiter.aig,14,48,54,41,6660.0,180.0,27,52,34,14,37,58,37,32720.0,32629.0,20381.0,1084,299245.0,293806.19525909424,16103.498637676239,25144.778192043304,83391.55465364456,30197.203159332275,34613.0,22784.0,ok,22916.8,19561.8,20771.6,16941.8,29715.0,331384.0,0.8536008517768624,0.8156232548287085,1.4305590325251787,3a7f37843a943d0d0f96820babc5f66c41d2e1cdf5490842e264c65675d50ef1,True,2048,28672,110592,8192,28672,16777216,5,5,8a2c198584ee4ae28c08c8fcbe50497c
epfl_gap,held_out,epfl-random_control-i2c-po41-b4580bd004,,0745a1313e725625a421ff591e0d9715e6dec82a85ea7df2dbe8826b6ce24140,3f6ab413a3f745c87811fa6565d972146f1f4e6ede78fae71fcb16e469b9b213,i2c.aig,14,56,63,46,7922.0,180.0,32,64,42,12,42,64,42,37027.0,38479.0,23105.0,1273,358615.0,352947.04139232635,21533.10924768448,30217.692255973816,99255.70338964462,39466.65674448013,39120.0,24948.0,ok,23974.4,22303.8,23990.6,20188.8,32419.0,388630.0,0.9303173384943939,0.8415295990929781,1.351320934032496,fc3af9492fc0976e2abfb7c3d08150fcd26c76cb35b529912cb5295caa7b6504,True,2048,28672,129024,12288,24576,16777216,5,5,b4580bd004a03184f80a40bf4bf57ba8
epfl_gap,held_out,epfl-random_control-i2c-po42-455375796e,,e87145524912979e39791f7c4003bb11ed4ac15f3b104d38919631094b82010a,3f6ab413a3f745c87811fa6565d972146f1f4e6ede78fae71fcb16e469b9b213,i2c.aig,15,59,66,48,7862.0,170.0,33,67,44,13,44,67,44,38558.0,41082.0,24027.0,1340,375250.0,369582.32522010803,21703.54127883911,31111.761927604675,101804.73327636719,41569.58311796188,40332.0,26500.0,ok,40359.2,27023.0,40051.0,24773.6,48394.0,423654.0,0.6695623302741383,0.6185513470325334,1.2083094055079773,75931fddb7647533cdbc648dcbb148d39cf9be9582adacdb6779f12a57a2c581,True,4096,61440,270336,28672,53248,16777216,5,5,455375796e966a411f691ab3a7c4d3b5
epfl_gap,held_out,epfl-random_control-i2c-po44-bebebe05c9,,6eff763c0a3873b7c137cd0393c10beff7bdb9e948d044cc2e0ab422ef711c25,3f6ab413a3f745c87811fa6565d972146f1f4e6ede78fae71fcb16e469b9b213,i2c.aig,14,88,136,77,13450.0,161.0,63,111,74,16,93,144,93,61984.0,62014.0,33641.0,2019,588875.0,580051.91385746,33909.45494174957,47851.353883743286,157213.76985311508,76249.24182891846,66110.0,49495.0,ok,53339.2,46116.2,41661.4,34484.4,53652.0,643308.0,0.8645836457989621,0.8277302251004527,1.2878107792825013,bae2a7f9518fac36d5af4a074f1be698458dd580447017cfb57741f430a80a8d,True,2048,28672,278528,18432,32768,16777216,5,5,bebebe05c902b53a25f3e3c9ee760de8
epfl_gap,held_out,epfl-random_control-i2c-po68-6659cda0b7,,2d73e34f6f2daef7bc8bb9d45f08152cdd237b44def8bcb5410ef8b5620f267a,3f6ab413a3f745c87811fa6565d972146f1f4e6ede78fae71fcb16e469b9b213,i2c.aig,13,47,52,38,6239.0,171.0,25,52,34,14,35,54,35,30476.0,31919.0,19229.0,1061,303662.0,298503.7863254547,17367.303371429443,27031.637728214264,81102.36376523972,33501.53565406799,31438.0,20471.0,ok,13366.2,18037.4,12751.4,15683.8,21072.0,320337.0,1.349478535410214,1.2299669055946798,1.652524428690183,204b60e714c082351aa1a604ac7736349c7c25e3cc17a2dd7d2279c5c2b803d6,True,1024,13312,53248,5120,14336,16777216,5,5,6659cda0b7df92842bccc47e46449962
epfl_gap,held_out,epfl-random_control-i2c-po74-3bf1791a1e,,e54ca27b26f1691a561195da4fde45b721df5856793f104cc2f6b120014c587d,3f6ab413a3f745c87811fa6565d972146f1f4e6ede78fae71fcb16e469b9b213,i2c.aig,14,78,136,69,10966.0,180.0,55,96,64,14,94,147,94,54323.0,57287.0,29485.0,1784,503355.0,495654.53082323074,29332.004487514496,38973.05577993393,135745.8531856537,66917.38963127136,62495.0,49465.0,ok,52461.8,44734.2,34340.2,29022.2,42525.0,539030.0,0.8527004410828449,0.8451377685627924,1.2383445640968895,47d3f10994a67aff5faf33721031644f1b49c96abc8bd6bcd6427901b4014266,True,2048,28672,278528,16384,28672,16777216,5,5,3bf1791a1e19a330524199cb7289b9d3
epfl_gap,held_out,epfl-random_control-mem_ctrl-po614-b0a54afe66,,b1861a1bb5fb48063c02ada92da89296a1303b82adafd084f6aec4b769be5b94,390d601836717129b903a5ecc8fd96b41d322d26895d666b303c64b796bd0d1d,mem_ctrl.aig,13,59,85,53,8403.0,210.0,40,68,46,7,56,84,56,41093.0,39360.0,24246.0,1353,365886.0,359687.0228648186,21702.609956264496,27049.332857131958,99897.38464355469,42246.65462970734,43476.0,33621.0,ok,19780.2,27337.6,16869.8,21885.2,25179.0,395692.0,1.382068937624493,1.297300501487866,1.492548815042265,f2bb02963b14ad35e1a1b172b5943b40d4983b1d4c025937b5e4340d425b0631,True,1024,13312,87040,6144,7168,16777216,5,5,b0a54afe6676a053c38f0c7838100f31
epfl_gap,held_out,epfl-random_control-priority-internal33-6197962bc5,,322ccb5a63c694ad735ba187631593ae0d85f9bc452b9fef518fa226df7bbbc6,9123187c4169189f53f17a84367c4bd5f749b13298f9619ef601c5de4ee90678,priority.aig,13,88,1967,88,14072.0,190.0,75,117,75,8,1358,2108,1358,62796.0,58068.0,31668.0,2000,544728.0,536316.0744309425,43024.30897951126,36197.7145075798,149819.06861066818,74268.31871271133,71078.0,836391.0,ok,491471.2,613172.4,30734.8,34041.8,39320.0,621905.0,1.2476263105549217,1.1075979020523967,1.2793315720291005,a39cc2cca5d9e8473aed67c99fd73e0151d70d7aa347dd25b16b8fd5c1ec48f3,True,1024,13312,2014208,8192,8192,16777216,5,5,6197962bc5841fedc87735bf397d9789
epfl_gap,held_out,epfl-random_control-router-internal39-7af9c35a7e,,f67a1729e9d5531acbb12ffa5fb02094206dc61dee866b9d9b490a5c5c1333d8,fe8d13d4efe05fc3400ab8c94c0d1ce07ee24dd2ec106f7ae3d24e962e80efbd,router.aig,14,43,43,40,5659.0,170.0,26,45,29,8,29,45,29,29976.0,27622.0,17637.0,964,246996.0,242328.27126979828,10406.598448753357,15722.587704658508,73287.63604164124,31336.210668087006,30436.0,16746.0,ok,16795.4,15277.2,17144.0,14738.4,24858.0,278203.0,0.9096062016980839,0.8596826878208119,1.449953336444237,3412e5f94eb5daec4bba482d05ee424e3319e7a68178aefb83d3df158572e04d,True,2048,28672,88064,6144,16384,16777216,5,5,7af9c35a7e112b2839cd08d8fa30b8b1
epfl_gap,held_out,epfl-random_control-router-internal177-832d43e9af,,ad6a855b1c0263206b617b7122ab8b4bb9667664e39c08120bbf7d38cf2c158e,fe8d13d4efe05fc3400ab8c94c0d1ce07ee24dd2ec106f7ae3d24e962e80efbd,router.aig,15,51,95,47,6841.0,180.0,32,56,36,9,65,101,65,36064.0,32640.0,20742.0,1145,304013.0,298894.0104842186,13429.6715259552,20130.537450313568,84007.1588754654,43585.896492004395,36265.0,33942.0,ok,58729.4,36323.2,34280.0,20645.4,42765.0,348850.0,0.6184840982540261,0.6022578763127189,1.2475204200700116,2d38ca4ac5568a72e6325f56cbb4162b75036fffe38c81bce7ca650f4fe8f70c,True,4096,61440,389120,16384,36864,16777216,5,5,832d43e9afe1ef2f4984e581e6acacd9
