regime,n,session,trial,method,seconds,microseconds,repeats,raw_slots,cm_slots,live_k
cached_depth4,4,0,0,cm_flat_retained,4.912199918180704e-06,4.912199918180704,500,22,10,4
cached_depth4,4,0,0,cm_flat_liveness,3.0851999763399364e-06,3.0851999763399363,500,22,10,4
cached_depth4,4,0,0,cm_wrapper_generic,1.1938800103962422e-05,11.938800103962421,500,22,10,4
cached_depth4,4,0,0,cm_wrapper_liveness,6.723599974066019e-06,6.723599974066019,500,22,10,4
cached_depth4,4,0,0,raw_recursive,1.240239990875125e-05,12.40239990875125,500,22,10,4
cached_depth4,4,0,0,raw_flat_retained,7.006399799138308e-06,7.006399799138308,500,22,10,4
cached_depth4,4,0,0,raw_flat_liveness,7.596000097692013e-06,7.596000097692013,500,22,10,4
cached_depth4,4,0,0,cm_recursive,1.537080015987158e-05,15.370800159871578,500,22,10,4
cached_depth4,4,0,1,cm_flat_liveness,1.3649999164044857e-06,1.3649999164044857,500,7,1,1
cached_depth4,4,0,1,cm_wrapper_generic,4.476199857890606e-06,4.476199857890606,500,7,1,1
cached_depth4,4,0,1,cm_wrapper_liveness,3.3054000232368706e-06,3.3054000232368708,500,7,1,1
cached_depth4,4,0,1,raw_recursive,3.851199988275766e-06,3.851199988275766,500,7,1,1
cached_depth4,4,0,1,raw_flat_retained,3.0114001128822565e-06,3.0114001128822565,500,7,1,1
cached_depth4,4,0,1,raw_flat_liveness,2.0551998168230056e-06,2.0551998168230057,500,7,1,1
cached_depth4,4,0,1,cm_recursive,1.9428001251071693e-06,1.9428001251071694,500,7,1,1
cached_depth4,4,0,1,cm_flat_retained,9.93400113657117e-07,0.9934001136571169,500,7,1,1
cached_depth4,4,0,2,cm_wrapper_generic,3.525200067088008e-06,3.525200067088008,500,3,1,1
cached_depth4,4,0,2,cm_wrapper_liveness,4.77380002848804e-06,4.77380002848804,500,3,1,1
cached_depth4,4,0,2,raw_recursive,1.5006000176072121e-06,1.500600017607212,500,3,1,1
cached_depth4,4,0,2,raw_flat_retained,1.9482001662254334e-06,1.9482001662254333,500,3,1,1
cached_depth4,4,0,2,raw_flat_liveness,1.7572001088410616e-06,1.7572001088410616,500,3,1,1
cached_depth4,4,0,2,cm_recursive,1.6753999516367911e-06,1.6753999516367912,500,3,1,1
cached_depth4,4,0,2,cm_flat_retained,9.777999948710202e-07,0.9777999948710202,500,3,1,1
cached_depth4,4,0,2,cm_flat_liveness,9.62599879130721e-07,0.9625998791307211,500,3,1,1
cached_depth4,4,0,3,cm_wrapper_liveness,9.389800019562244e-06,9.389800019562244,500,15,13,4
cached_depth4,4,0,3,raw_recursive,5.1019999664276836e-06,5.101999966427684,500,15,13,4
cached_depth4,4,0,3,raw_flat_retained,2.822000067681074e-06,2.822000067681074,500,15,13,4
cached_depth4,4,0,3,raw_flat_liveness,2.785200020298362e-06,2.785200020298362,500,15,13,4
cached_depth4,4,0,3,cm_recursive,8.79820017144084e-06,8.79820017144084,500,15,13,4
cached_depth4,4,0,3,cm_flat_retained,6.186400074511766e-06,6.186400074511766,500,15,13,4
cached_depth4,4,0,3,cm_flat_liveness,5.244200117886067e-06,5.244200117886066,500,15,13,4
cached_depth4,4,0,3,cm_wrapper_generic,7.22000002861023e-06,7.2200000286102295,500,15,13,4
cached_depth4,4,0,4,raw_recursive,6.15020003169775e-06,6.15020003169775,500,19,11,4
cached_depth4,4,0,4,raw_flat_retained,3.060400020331144e-06,3.0604000203311443,500,19,11,4
cached_depth4,4,0,4,raw_flat_liveness,2.8967999387532473e-06,2.8967999387532473,500,19,11,4
cached_depth4,4,0,4,cm_recursive,8.748199790716172e-06,8.748199790716171,500,19,11,4
cached_depth4,4,0,4,cm_flat_retained,3.55300004594028e-06,3.55300004594028,500,19,11,4
cached_depth4,4,0,4,cm_flat_liveness,4.737999988719821e-06,4.737999988719821,500,19,11,4
cached_depth4,4,0,4,cm_wrapper_generic,7.78000010177493e-06,7.78000010177493,500,19,11,4
cached_depth4,4,0,4,cm_wrapper_liveness,6.940399995073676e-06,6.940399995073676,500,19,11,4
cached_depth4,8,0,0,raw_recursive,6.793666786203782e-06,6.793666786203782,300,23,15,7
cached_depth4,8,0,0,raw_flat_retained,3.5379997765024505e-06,3.5379997765024505,300,23,15,7
cached_depth4,8,0,0,raw_flat_liveness,3.943333479886254e-06,3.943333479886254,300,23,15,7
cached_depth4,8,0,0,cm_recursive,1.4490666799247265e-05,14.490666799247265,300,23,15,7
cached_depth4,8,0,0,cm_flat_retained,4.1646665583054224e-06,4.164666558305423,300,23,15,7
cached_depth4,8,0,0,cm_flat_liveness,5.132666556164622e-06,5.132666556164622,300,23,15,7
cached_depth4,8,0,0,cm_wrapper_generic,7.5806665699929e-06,7.5806665699929,300,23,15,7
cached_depth4,8,0,0,cm_wrapper_liveness,5.5289998029669125e-06,5.528999802966912,300,23,15,7
cached_depth4,8,0,1,raw_flat_retained,3.5500002559274436e-06,3.5500002559274435,300,12,12,5
cached_depth4,8,0,1,raw_flat_liveness,4.442333399007718e-06,4.442333399007718,300,12,12,5
cached_depth4,8,0,1,cm_recursive,1.1972333304584026e-05,11.972333304584026,300,12,12,5
cached_depth4,8,0,1,cm_flat_retained,3.461666638031602e-06,3.461666638031602,300,12,12,5
cached_depth4,8,0,1,cm_flat_liveness,3.1503332623591025e-06,3.1503332623591023,300,12,12,5
cached_depth4,8,0,1,cm_wrapper_generic,5.433333183949193e-06,5.433333183949193,300,12,12,5
cached_depth4,8,0,1,cm_wrapper_liveness,4.77699989763399e-06,4.77699989763399,300,12,12,5
cached_depth4,8,0,1,raw_recursive,3.848000196740031e-06,3.8480001967400312,300,12,12,5
cached_depth4,8,0,2,raw_flat_liveness,3.3583332939694327e-06,3.358333293969433,300,10,10,4
cached_depth4,8,0,2,cm_recursive,1.0920666779081027e-05,10.920666779081028,300,10,10,4
cached_depth4,8,0,2,cm_flat_retained,4.1156669612973926e-06,4.115666961297393,300,10,10,4
cached_depth4,8,0,2,cm_flat_liveness,2.9916669397304453e-06,2.9916669397304454,300,10,10,4
cached_depth4,8,0,2,cm_wrapper_generic,5.124666495248676e-06,5.124666495248675,300,10,10,4
cached_depth4,8,0,2,cm_wrapper_liveness,4.322333261370659e-06,4.322333261370659,300,10,10,4
cached_depth4,8,0,2,raw_recursive,3.146999903644125e-06,3.146999903644125,300,10,10,4
cached_depth4,8,0,2,raw_flat_retained,2.2636668290942907e-06,2.2636668290942907,300,10,10,4
cached_depth4,8,0,3,cm_recursive,6.840000084290902e-06,6.840000084290902,300,13,10,5
cached_depth4,8,0,3,cm_flat_retained,2.636000281199813e-06,2.636000281199813,300,13,10,5
cached_depth4,8,0,3,cm_flat_liveness,2.609000075608492e-06,2.609000075608492,300,13,10,5
cached_depth4,8,0,3,cm_wrapper_generic,5.772333436956008e-06,5.772333436956008,300,13,10,5
cached_depth4,8,0,3,cm_wrapper_liveness,4.412333170572917e-06,4.412333170572917,300,13,10,5
cached_depth4,8,0,3,raw_recursive,6.1556665847698845e-06,6.155666584769884,300,13,10,5
cached_depth4,8,0,3,raw_flat_retained,2.691999931509296e-06,2.691999931509296,300,13,10,5
cached_depth4,8,0,3,raw_flat_liveness,3.1663333841909967e-06,3.1663333841909966,300,13,10,5
cached_depth4,8,0,4,cm_flat_retained,1.0866667920102677e-06,1.0866667920102677,300,3,1,1
cached_depth4,8,0,4,cm_flat_liveness,9.316667759170135e-07,0.9316667759170135,300,3,1,1
cached_depth4,8,0,4,cm_wrapper_generic,3.218333392093579e-06,3.2183333920935793,300,3,1,1
cached_depth4,8,0,4,cm_wrapper_liveness,2.6643334422260524e-06,2.6643334422260523,300,3,1,1
cached_depth4,8,0,4,raw_recursive,1.255999862526854e-06,1.2559998625268538,300,3,1,1
cached_depth4,8,0,4,raw_flat_retained,1.4049998329331477e-06,1.4049998329331477,300,3,1,1
cached_depth4,8,0,4,raw_flat_liveness,1.4676665887236595e-06,1.4676665887236595,300,3,1,1
cached_depth4,8,0,4,cm_recursive,1.9923333699504533e-06,1.9923333699504533,300,3,1,1
cached_depth4,12,0,0,cm_flat_retained,9.078666723022859e-06,9.078666723022858,150,15,13,5
cached_depth4,12,0,0,cm_flat_liveness,1.006266645466288e-05,10.06266645466288,150,15,13,5
cached_depth4,12,0,0,cm_wrapper_generic,1.2471333611756563e-05,12.471333611756563,150,15,13,5
cached_depth4,12,0,0,cm_wrapper_liveness,9.589333397646746e-06,9.589333397646746,150,15,13,5
cached_depth4,12,0,0,raw_recursive,9.817333581546942e-06,9.817333581546942,150,15,13,5
cached_depth4,12,0,0,raw_flat_retained,7.596000408132871e-06,7.596000408132871,150,15,13,5
cached_depth4,12,0,0,raw_flat_liveness,7.77933280915022e-06,7.77933280915022,150,15,13,5
cached_depth4,12,0,0,cm_recursive,2.4918667040765286e-05,24.918667040765285,150,15,13,5
cached_depth4,12,0,1,cm_flat_liveness,8.013333038737377e-06,8.013333038737377,150,21,16,6
cached_depth4,12,0,1,cm_wrapper_generic,1.0330000271399817e-05,10.330000271399816,150,21,16,6
cached_depth4,12,0,1,cm_wrapper_liveness,9.382666709522406e-06,9.382666709522406,150,21,16,6
cached_depth4,12,0,1,raw_recursive,1.0157333842168251e-05,10.157333842168251,150,21,16,6
cached_depth4,12,0,1,raw_flat_retained,1.180999989931782e-05,11.80999989931782,150,21,16,6
cached_depth4,12,0,1,raw_flat_liveness,1.3951333239674567e-05,13.951333239674568,150,21,16,6
cached_depth4,12,0,1,cm_recursive,3.656933316960931e-05,36.56933316960931,150,21,16,6
cached_depth4,12,0,1,cm_flat_retained,1.5382000710815192e-05,15.382000710815191,150,21,16,6
cached_depth4,12,0,2,cm_wrapper_generic,2.195799956098199e-05,21.95799956098199,150,20,14,5
cached_depth4,12,0,2,cm_wrapper_liveness,1.5814000119765598e-05,15.814000119765598,150,20,14,5
cached_depth4,12,0,2,raw_recursive,1.2331333321829637e-05,12.331333321829637,150,20,14,5
cached_depth4,12,0,2,raw_flat_retained,1.0656666321059068e-05,10.656666321059069,150,20,14,5
cached_depth4,12,0,2,raw_flat_liveness,9.956666423628727e-06,9.956666423628727,150,20,14,5
cached_depth4,12,0,2,cm_recursive,2.544333382199208e-05,25.44333382199208,150,20,14,5
cached_depth4,12,0,2,cm_flat_retained,8.269333435843389e-06,8.26933343584339,150,20,14,5
cached_depth4,12,0,2,cm_flat_liveness,8.194000304987033e-06,8.194000304987034,150,20,14,5
cached_depth4,12,0,3,cm_wrapper_liveness,6.803333138426145e-06,6.8033331384261455,150,8,8,4
cached_depth4,12,0,3,raw_recursive,6.206666585057974e-06,6.206666585057974,150,8,8,4
cached_depth4,12,0,3,raw_flat_retained,7.68666621297598e-06,7.68666621297598,150,8,8,4
cached_depth4,12,0,3,raw_flat_liveness,7.380000315606594e-06,7.380000315606594,150,8,8,4
cached_depth4,12,0,3,cm_recursive,1.2736666637162367e-05,12.736666637162367,150,8,8,4
cached_depth4,12,0,3,cm_flat_retained,5.793333208809296e-06,5.793333208809297,150,8,8,4
cached_depth4,12,0,3,cm_flat_liveness,6.384000492592653e-06,6.384000492592652,150,8,8,4
cached_depth4,12,0,3,cm_wrapper_generic,8.022000547498465e-06,8.022000547498465,150,8,8,4
cached_depth4,12,0,4,raw_recursive,7.125333261986574e-06,7.125333261986573,150,19,16,9
cached_depth4,12,0,4,raw_flat_retained,4.510000192870696e-06,4.510000192870696,150,19,16,9
cached_depth4,12,0,4,raw_flat_liveness,4.4719999035199485e-06,4.471999903519949,150,19,16,9
cached_depth4,12,0,4,cm_recursive,2.2544000142564376e-05,22.544000142564375,150,19,16,9
cached_depth4,12,0,4,cm_flat_retained,4.866666470964749e-06,4.866666470964749,150,19,16,9
cached_depth4,12,0,4,cm_flat_liveness,4.5746665758391225e-06,4.574666575839123,150,19,16,9
cached_depth4,12,0,4,cm_wrapper_generic,8.423999728014073e-06,8.423999728014072,150,19,16,9
cached_depth4,12,0,4,cm_wrapper_liveness,1.3095999602228403e-05,13.095999602228403,150,19,16,9
cached_depth4,16,0,0,raw_recursive,2.1020002895966174e-05,21.020002895966172,20,9,8,4
cached_depth4,16,0,0,raw_flat_retained,1.635500229895115e-05,16.35500229895115,20,9,8,4
cached_depth4,16,0,0,raw_flat_liveness,1.443499932065606e-05,14.434999320656061,20,9,8,4
cached_depth4,16,0,0,cm_recursive,3.3064995659515264e-05,33.06499565951526,20,9,8,4
cached_depth4,16,0,0,cm_flat_retained,1.59399991389364e-05,15.939999138936399,20,9,8,4
cached_depth4,16,0,0,cm_flat_liveness,2.7514999965205787e-05,27.51499996520579,20,9,8,4
cached_depth4,16,0,0,cm_wrapper_generic,2.2325001191347836e-05,22.325001191347837,20,9,8,4
cached_depth4,16,0,0,cm_wrapper_liveness,1.6994995530694722e-05,16.994995530694723,20,9,8,4
cached_depth4,16,0,1,raw_flat_retained,4.140999517403543e-05,41.40999517403543,20,18,15,6
cached_depth4,16,0,1,raw_flat_liveness,4.880999913439155e-05,48.809999134391546,20,18,15,6
cached_depth4,16,0,1,cm_recursive,0.00010946500115096569,109.46500115096569,20,18,15,6
cached_depth4,16,0,1,cm_flat_retained,6.96500006597489e-05,69.65000065974891,20,18,15,6
cached_depth4,16,0,1,cm_flat_liveness,4.072499577887356e-05,40.72499577887356,20,18,15,6
cached_depth4,16,0,1,cm_wrapper_generic,4.474000306800008e-05,44.74000306800008,20,18,15,6
cached_depth4,16,0,1,cm_wrapper_liveness,4.5214995043352244e-05,45.214995043352246,20,18,15,6
cached_depth4,16,0,1,raw_recursive,4.5645004138350484e-05,45.64500413835049,20,18,15,6
cached_depth4,16,0,2,raw_flat_liveness,2.4635001318529247e-05,24.63500131852925,20,14,11,5
cached_depth4,16,0,2,cm_recursive,4.9314997158944604e-05,49.31499715894461,20,14,11,5
cached_depth4,16,0,2,cm_flat_retained,3.74549999833107e-05,37.4549999833107,20,14,11,5
cached_depth4,16,0,2,cm_flat_liveness,3.802500432357192e-05,38.02500432357192,20,14,11,5
cached_depth4,16,0,2,cm_wrapper_generic,4.1490001603960994e-05,41.49000160396099,20,14,11,5
cached_depth4,16,0,2,cm_wrapper_liveness,3.194499877281487e-05,31.94499877281487,20,14,11,5
cached_depth4,16,0,2,raw_recursive,3.092999686487019e-05,30.929996864870194,20,14,11,5
cached_depth4,16,0,2,raw_flat_retained,4.3320003896951675e-05,43.320003896951675,20,14,11,5
cached_depth4,16,0,3,cm_recursive,3.4585001412779095e-05,34.58500141277909,20,9,8,4
cached_depth4,16,0,3,cm_flat_retained,1.759000006131828e-05,17.59000006131828,20,9,8,4
cached_depth4,16,0,3,cm_flat_liveness,1.558000221848488e-05,15.58000221848488,20,9,8,4
cached_depth4,16,0,3,cm_wrapper_generic,1.9459996838122607e-05,19.459996838122606,20,9,8,4
cached_depth4,16,0,3,cm_wrapper_liveness,1.8324999837204813e-05,18.324999837204814,20,9,8,4
cached_depth4,16,0,3,raw_recursive,2.2814999101683498e-05,22.814999101683497,20,9,8,4
cached_depth4,16,0,3,raw_flat_retained,1.638500252738595e-05,16.38500252738595,20,9,8,4
cached_depth4,16,0,3,raw_flat_liveness,1.6360002337023617e-05,16.360002337023616,20,9,8,4
cached_depth4,16,0,4,cm_flat_retained,1.780001912266016e-06,1.780001912266016,20,5,1,1
cached_depth4,16,0,4,cm_flat_liveness,1.1200027074664831e-06,1.1200027074664831,20,5,1,1
cached_depth4,16,0,4,cm_wrapper_generic,6.554997526109219e-06,6.554997526109219,20,5,1,1
cached_depth4,16,0,4,cm_wrapper_liveness,2.924998989328742e-06,2.924998989328742,20,5,1,1
cached_depth4,16,0,4,raw_recursive,2.2834999253973364e-05,22.834999253973365,20,5,1,1
cached_depth4,16,0,4,raw_flat_retained,2.006000140681863e-05,20.06000140681863,20,5,1,1
cached_depth4,16,0,4,raw_flat_liveness,4.250499769113958e-05,42.50499769113958,20,5,1,1
cached_depth4,16,0,4,cm_recursive,1.326499623246491e-05,13.26499623246491,20,5,1,1
cached_depth4,4,1,0,cm_flat_liveness,5.612000124529004e-06,5.612000124529004,500,22,10,4
cached_depth4,4,1,0,cm_wrapper_generic,6.212800042703748e-06,6.212800042703748,500,22,10,4
cached_depth4,4,1,0,cm_wrapper_liveness,8.145999861881137e-06,8.145999861881137,500,22,10,4
cached_depth4,4,1,0,raw_recursive,1.2963799992576242e-05,12.963799992576241,500,22,10,4
cached_depth4,4,1,0,raw_flat_retained,5.654199980199337e-06,5.654199980199337,500,22,10,4
cached_depth4,4,1,0,raw_flat_liveness,5.418799817562103e-06,5.418799817562103,500,22,10,4
cached_depth4,4,1,0,cm_recursive,1.1634599883109332e-05,11.634599883109331,500,22,10,4
cached_depth4,4,1,0,cm_flat_retained,2.919399878010154e-06,2.9193998780101538,500,22,10,4
cached_depth4,4,1,1,cm_wrapper_generic,4.336200188845396e-06,4.336200188845396,500,7,1,1
cached_depth4,4,1,1,cm_wrapper_liveness,5.466199945658446e-06,5.466199945658445,500,7,1,1
cached_depth4,4,1,1,raw_recursive,3.357799956575036e-06,3.357799956575036,500,7,1,1
cached_depth4,4,1,1,raw_flat_retained,3.1876000575721266e-06,3.1876000575721264,500,7,1,1
cached_depth4,4,1,1,raw_flat_liveness,2.722600009292364e-06,2.722600009292364,500,7,1,1
cached_depth4,4,1,1,cm_recursive,1.8521999008953571e-06,1.8521999008953571,500,7,1,1
cached_depth4,4,1,1,cm_flat_retained,1.0011999402195215e-06,1.0011999402195215,500,7,1,1
cached_depth4,4,1,1,cm_flat_liveness,9.991999249905348e-07,0.9991999249905348,500,7,1,1
cached_depth4,4,1,2,cm_wrapper_liveness,6.047199945896864e-06,6.047199945896864,500,3,1,1
cached_depth4,4,1,2,raw_recursive,1.835000002756715e-06,1.8350000027567148,500,3,1,1
cached_depth4,4,1,2,raw_flat_retained,1.3672001659870148e-06,1.3672001659870148,500,3,1,1
cached_depth4,4,1,2,raw_flat_liveness,1.3991999439895153e-06,1.3991999439895153,500,3,1,1
cached_depth4,4,1,2,cm_recursive,3.0217999592423437e-06,3.021799959242344,500,3,1,1
cached_depth4,4,1,2,cm_flat_retained,1.8253999296575786e-06,1.8253999296575785,500,3,1,1
cached_depth4,4,1,2,cm_flat_liveness,1.8629999831318856e-06,1.8629999831318855,500,3,1,1
cached_depth4,4,1,2,cm_wrapper_generic,5.4336001630872484e-06,5.433600163087249,500,3,1,1
cached_depth4,4,1,3,raw_recursive,6.658999947831035e-06,6.658999947831035,500,15,13,4
cached_depth4,4,1,3,raw_flat_retained,4.536000080406666e-06,4.536000080406666,500,15,13,4
cached_depth4,4,1,3,raw_flat_liveness,4.847999894991517e-06,4.847999894991517,500,15,13,4
cached_depth4,4,1,3,cm_recursive,1.4826600207015872e-05,14.826600207015872,500,15,13,4
cached_depth4,4,1,3,cm_flat_retained,5.540400044992566e-06,5.540400044992566,500,15,13,4
cached_depth4,4,1,3,cm_flat_liveness,6.691599963232875e-06,6.691599963232875,500,15,13,4
cached_depth4,4,1,3,cm_wrapper_generic,9.419800015166402e-06,9.419800015166402,500,15,13,4
cached_depth4,4,1,3,cm_wrapper_liveness,7.712800055742264e-06,7.712800055742265,500,15,13,4
cached_depth4,4,1,4,raw_flat_retained,5.800599930807948e-06,5.800599930807948,500,19,11,4
cached_depth4,4,1,4,raw_flat_liveness,3.75579996034503e-06,3.75579996034503,500,19,11,4
cached_depth4,4,1,4,cm_recursive,1.5290600014850496e-05,15.290600014850495,500,19,11,4
cached_depth4,4,1,4,cm_flat_retained,5.66979986615479e-06,5.66979986615479,500,19,11,4
cached_depth4,4,1,4,cm_flat_liveness,4.560199799016118e-06,4.560199799016118,500,19,11,4
cached_depth4,4,1,4,cm_wrapper_generic,1.26504001673311e-05,12.6504001673311,500,19,11,4
cached_depth4,4,1,4,cm_wrapper_liveness,9.250999893993139e-06,9.25099989399314,500,19,11,4
cached_depth4,4,1,4,raw_recursive,8.117000106722116e-06,8.117000106722116,500,19,11,4
cached_depth4,8,1,0,raw_flat_retained,8.73900018632412e-06,8.73900018632412,300,23,15,7
cached_depth4,8,1,0,raw_flat_liveness,7.946666640539964e-06,7.946666640539964,300,23,15,7
cached_depth4,8,1,0,cm_recursive,2.4492333177477122e-05,24.49233317747712,300,23,15,7
cached_depth4,8,1,0,cm_flat_retained,6.663666960472862e-06,6.663666960472862,300,23,15,7
cached_depth4,8,1,0,cm_flat_liveness,6.368333318581184e-06,6.3683333185811835,300,23,15,7
cached_depth4,8,1,0,cm_wrapper_generic,1.6419333405792713e-05,16.419333405792713,300,23,15,7
cached_depth4,8,1,0,cm_wrapper_liveness,1.2456666833410661e-05,12.456666833410662,300,23,15,7
cached_depth4,8,1,0,raw_recursive,1.2448333436623215e-05,12.448333436623216,300,23,15,7
cached_depth4,8,1,1,raw_flat_liveness,4.9293336148063344e-06,4.9293336148063345,300,12,12,5
cached_depth4,8,1,1,cm_recursive,1.0286333272233605e-05,10.286333272233605,300,12,12,5
cached_depth4,8,1,1,cm_flat_retained,3.21066666704913e-06,3.21066666704913,300,12,12,5
cached_depth4,8,1,1,cm_flat_liveness,3.3310001405576865e-06,3.3310001405576863,300,12,12,5
cached_depth4,8,1,1,cm_wrapper_generic,8.495666552335024e-06,8.495666552335024,300,12,12,5
cached_depth4,8,1,1,cm_wrapper_liveness,6.231666387369235e-06,6.231666387369235,300,12,12,5
cached_depth4,8,1,1,raw_recursive,5.927999736741185e-06,5.927999736741185,300,12,12,5
cached_depth4,8,1,1,raw_flat_retained,2.5723335177948077e-06,2.572333517794808,300,12,12,5
cached_depth4,8,1,2,cm_recursive,7.027333291868369e-06,7.027333291868369,300,10,10,4
cached_depth4,8,1,2,cm_flat_retained,3.8719999914368e-06,3.8719999914367995,300,10,10,4
cached_depth4,8,1,2,cm_flat_liveness,2.8836665054162345e-06,2.8836665054162345,300,10,10,4
cached_depth4,8,1,2,cm_wrapper_generic,5.365666778137287e-06,5.365666778137287,300,10,10,4
cached_depth4,8,1,2,cm_wrapper_liveness,5.074999838446577e-06,5.074999838446577,300,10,10,4
cached_depth4,8,1,2,raw_recursive,5.212999725093444e-06,5.212999725093444,300,10,10,4
cached_depth4,8,1,2,raw_flat_retained,2.5909999385476113e-06,2.5909999385476112,300,10,10,4
cached_depth4,8,1,2,raw_flat_liveness,5.076666517804066e-06,5.076666517804066,300,10,10,4
cached_depth4,8,1,3,cm_flat_retained,5.718000077952941e-06,5.718000077952941,300,13,10,5
cached_depth4,8,1,3,cm_flat_liveness,4.81166682826976e-06,4.81166682826976,300,13,10,5
cached_depth4,8,1,3,cm_wrapper_generic,1.0422333143651486e-05,10.422333143651485,300,13,10,5
cached_depth4,8,1,3,cm_wrapper_liveness,7.062333170324564e-06,7.062333170324564,300,13,10,5
cached_depth4,8,1,3,raw_recursive,4.756999745344122e-06,4.756999745344122,300,13,10,5
cached_depth4,8,1,3,raw_flat_retained,3.951333152751128e-06,3.951333152751128,300,13,10,5
cached_depth4,8,1,3,raw_flat_liveness,3.906666534021497e-06,3.906666534021497,300,13,10,5
cached_depth4,8,1,3,cm_recursive,1.3948999888574084e-05,13.948999888574084,300,13,10,5
cached_depth4,8,1,4,cm_flat_liveness,2.7006666641682386e-06,2.7006666641682386,300,3,1,1
cached_depth4,8,1,4,cm_wrapper_generic,6.795999749253194e-06,6.795999749253194,300,3,1,1
cached_depth4,8,1,4,cm_wrapper_liveness,4.401999758556485e-06,4.401999758556485,300,3,1,1
cached_depth4,8,1,4,raw_recursive,2.3116668065388996e-06,2.3116668065388994,300,3,1,1
cached_depth4,8,1,4,raw_flat_retained,3.203999949619174e-06,3.203999949619174,300,3,1,1
cached_depth4,8,1,4,raw_flat_liveness,3.1093333382159473e-06,3.109333338215947,300,3,1,1
cached_depth4,8,1,4,cm_recursive,2.5020000369598468e-06,2.502000036959847,300,3,1,1
cached_depth4,8,1,4,cm_flat_retained,1.4766666572540998e-06,1.4766666572540998,300,3,1,1
cached_depth4,12,1,0,cm_flat_liveness,8.043999938915173e-06,8.043999938915173,150,15,13,5
cached_depth4,12,1,0,cm_wrapper_generic,1.3486666915317377e-05,13.486666915317377,150,15,13,5
cached_depth4,12,1,0,cm_wrapper_liveness,9.592000084618728e-06,9.592000084618727,150,15,13,5
cached_depth4,12,1,0,raw_recursive,1.0121999463687341e-05,10.121999463687342,150,15,13,5
cached_depth4,12,1,0,raw_flat_retained,7.655333417157333e-06,7.655333417157332,150,15,13,5
cached_depth4,12,1,0,raw_flat_liveness,1.0985333162049453e-05,10.985333162049452,150,15,13,5
cached_depth4,12,1,0,cm_recursive,2.2105333240081867e-05,22.105333240081865,150,15,13,5
cached_depth4,12,1,0,cm_flat_retained,9.400666070481142e-06,9.400666070481142,150,15,13,5
cached_depth4,12,1,1,cm_wrapper_generic,2.0764667230347792e-05,20.764667230347793,150,21,16,6
cached_depth4,12,1,1,cm_wrapper_liveness,2.0373999917258818e-05,20.373999917258818,150,21,16,6
cached_depth4,12,1,1,raw_recursive,2.1353333722800015e-05,21.353333722800016,150,21,16,6
cached_depth4,12,1,1,raw_flat_retained,1.3515999695907036e-05,13.515999695907036,150,21,16,6
cached_depth4,12,1,1,raw_flat_liveness,9.019332937896251e-06,9.019332937896252,150,21,16,6
cached_depth4,12,1,1,cm_recursive,2.2492666418353716e-05,22.492666418353714,150,21,16,6
cached_depth4,12,1,1,cm_flat_retained,8.265333405385415e-06,8.265333405385416,150,21,16,6
cached_depth4,12,1,1,cm_flat_liveness,7.5853328841427965e-06,7.5853328841427965,150,21,16,6
cached_depth4,12,1,2,cm_wrapper_liveness,1.7513999870667856e-05,17.513999870667856,150,20,14,5
cached_depth4,12,1,2,raw_recursive,1.628333314632376e-05,16.28333314632376,150,20,14,5
cached_depth4,12,1,2,raw_flat_retained,1.2825333202878634e-05,12.825333202878634,150,20,14,5
cached_depth4,12,1,2,raw_flat_liveness,1.0106666789700588e-05,10.106666789700588,150,20,14,5
cached_depth4,12,1,2,cm_recursive,2.5686000008136034e-05,25.686000008136034,150,20,14,5
cached_depth4,12,1,2,cm_flat_retained,9.463999886065721e-06,9.463999886065722,150,20,14,5
cached_depth4,12,1,2,cm_flat_liveness,8.526667176435391e-06,8.526667176435392,150,20,14,5
cached_depth4,12,1,2,cm_wrapper_generic,1.781066646799445e-05,17.81066646799445,150,20,14,5
cached_depth4,12,1,3,raw_recursive,6.008666629592578e-06,6.008666629592578,150,8,8,4
cached_depth4,12,1,3,raw_flat_retained,1.3830666430294514e-05,13.830666430294514,150,8,8,4
cached_depth4,12,1,3,raw_flat_liveness,7.916000516464313e-06,7.916000516464313,150,8,8,4
cached_depth4,12,1,3,cm_recursive,1.157600044583281e-05,11.57600044583281,150,8,8,4
cached_depth4,12,1,3,cm_flat_retained,5.147999618202448e-06,5.147999618202448,150,8,8,4
cached_depth4,12,1,3,cm_flat_liveness,4.997333356489738e-06,4.997333356489738,150,8,8,4
cached_depth4,12,1,3,cm_wrapper_generic,8.18533357232809e-06,8.18533357232809,150,8,8,4
cached_depth4,12,1,3,cm_wrapper_liveness,9.410000250985225e-06,9.410000250985226,150,8,8,4
cached_depth4,12,1,4,raw_flat_retained,5.024000226209561e-06,5.024000226209561,150,19,16,9
cached_depth4,12,1,4,raw_flat_liveness,4.398000116149584e-06,4.398000116149585,150,19,16,9
cached_depth4,12,1,4,cm_recursive,1.5012666893502076e-05,15.012666893502075,150,19,16,9
cached_depth4,12,1,4,cm_flat_retained,7.550666729609171e-06,7.550666729609171,150,19,16,9
cached_depth4,12,1,4,cm_flat_liveness,8.249999955296517e-06,8.249999955296516,150,19,16,9
cached_depth4,12,1,4,cm_wrapper_generic,1.3960666644076506e-05,13.960666644076506,150,19,16,9
cached_depth4,12,1,4,cm_wrapper_liveness,9.696666772166888e-06,9.696666772166889,150,19,16,9
cached_depth4,12,1,4,raw_recursive,1.0517332702875137e-05,10.517332702875137,150,19,16,9
cached_depth4,16,1,0,raw_flat_retained,3.143500071018934e-05,31.43500071018934,20,9,8,4
cached_depth4,16,1,0,raw_flat_liveness,3.05499997921288e-05,30.5499997921288,20,9,8,4
cached_depth4,16,1,0,cm_recursive,5.8594997972249986e-05,58.594997972249985,20,9,8,4
cached_depth4,16,1,0,cm_flat_retained,3.3544999314472077e-05,33.54499931447208,20,9,8,4
cached_depth4,16,1,0,cm_flat_liveness,3.128500538878143e-05,31.285005388781432,20,9,8,4
cached_depth4,16,1,0,cm_wrapper_generic,3.0715001048520205e-05,30.715001048520204,20,9,8,4
cached_depth4,16,1,0,cm_wrapper_liveness,2.9469997389242054e-05,29.469997389242053,20,9,8,4
cached_depth4,16,1,0,raw_recursive,2.9890000587329268e-05,29.89000058732927,20,9,8,4
cached_depth4,16,1,1,raw_flat_liveness,5.373000167310238e-05,53.73000167310238,20,18,15,6
cached_depth4,16,1,1,cm_recursive,9.339000098407269e-05,93.39000098407269,20,18,15,6
cached_depth4,16,1,1,cm_flat_retained,4.3180002830922606e-05,43.180002830922604,20,18,15,6
cached_depth4,16,1,1,cm_flat_liveness,6.148999673314393e-05,61.48999673314393,20,18,15,6
cached_depth4,16,1,1,cm_wrapper_generic,5.805499968118966e-05,58.054999681189656,20,18,15,6
cached_depth4,16,1,1,cm_wrapper_liveness,7.394999847747386e-05,73.94999847747386,20,18,15,6
cached_depth4,16,1,1,raw_recursive,8.881999528966844e-05,88.81999528966844,20,18,15,6
cached_depth4,16,1,1,raw_flat_retained,4.99950023368001e-05,49.9950023368001,20,18,15,6
cached_depth4,16,1,2,cm_recursive,6.221499643288553e-05,62.21499643288553,20,14,11,5
cached_depth4,16,1,2,cm_flat_retained,3.936499706469476e-05,39.36499706469476,20,14,11,5
cached_depth4,16,1,2,cm_flat_liveness,3.067500074394047e-05,30.675000743940473,20,14,11,5
cached_depth4,16,1,2,cm_wrapper_generic,3.473000251688063e-05,34.73000251688063,20,14,11,5
cached_depth4,16,1,2,cm_wrapper_liveness,3.96900053601712e-05,39.6900053601712,20,14,11,5
cached_depth4,16,1,2,raw_recursive,5.020000389777124e-05,50.20000389777124,20,14,11,5
cached_depth4,16,1,2,raw_flat_retained,5.125500028952956e-05,51.25500028952956,20,14,11,5
cached_depth4,16,1,2,raw_flat_liveness,4.623999702744186e-05,46.23999702744186,20,14,11,5
cached_depth4,16,1,3,cm_flat_retained,2.1219998598098754e-05,21.219998598098755,20,9,8,4
cached_depth4,16,1,3,cm_flat_liveness,1.539000077173114e-05,15.390000771731138,20,9,8,4
cached_depth4,16,1,3,cm_wrapper_generic,3.2275001285597685e-05,32.27500128559768,20,9,8,4
cached_depth4,16,1,3,cm_wrapper_liveness,3.724000416696072e-05,37.240004166960716,20,9,8,4
cached_depth4,16,1,3,raw_recursive,3.458000137470663e-05,34.580001374706626,20,9,8,4
cached_depth4,16,1,3,raw_flat_retained,3.229999565519392e-05,32.299995655193925,20,9,8,4
cached_depth4,16,1,3,raw_flat_liveness,2.4069997016340496e-05,24.069997016340494,20,9,8,4
cached_depth4,16,1,3,cm_recursive,4.147000145167112e-05,41.47000145167112,20,9,8,4
cached_depth4,16,1,4,cm_flat_liveness,3.160000778734684e-06,3.160000778734684,20,5,1,1
cached_depth4,16,1,4,cm_wrapper_generic,7.93000217527151e-06,7.930002175271511,20,5,1,1
cached_depth4,16,1,4,cm_wrapper_liveness,6.044999463483691e-06,6.044999463483691,20,5,1,1
cached_depth4,16,1,4,raw_recursive,4.355999990366399e-05,43.55999990366399,20,5,1,1
cached_depth4,16,1,4,raw_flat_retained,4.0270003955811263e-05,40.27000395581126,20,5,1,1
cached_depth4,16,1,4,raw_flat_liveness,2.1330005256459118e-05,21.330005256459117,20,5,1,1
cached_depth4,16,1,4,cm_recursive,8.56500118970871e-06,8.56500118970871,20,5,1,1
cached_depth4,16,1,4,cm_flat_retained,1.1650030501186847e-06,1.1650030501186848,20,5,1,1
cached_depth4,4,2,0,cm_wrapper_generic,9.156999876722693e-06,9.156999876722693,500,22,10,4
cached_depth4,4,2,0,cm_wrapper_liveness,6.71299989335239e-06,6.712999893352389,500,22,10,4
cached_depth4,4,2,0,raw_recursive,1.093419990502298e-05,10.934199905022979,500,22,10,4
cached_depth4,4,2,0,raw_flat_retained,3.564800135791302e-06,3.5648001357913017,500,22,10,4
cached_depth4,4,2,0,raw_flat_liveness,3.4820002038031815e-06,3.4820002038031816,500,22,10,4
cached_depth4,4,2,0,cm_recursive,1.013280008919537e-05,10.13280008919537,500,22,10,4
cached_depth4,4,2,0,cm_flat_retained,3.2481998205184937e-06,3.2481998205184937,500,22,10,4
cached_depth4,4,2,0,cm_flat_liveness,5.233800038695335e-06,5.233800038695335,500,22,10,4
cached_depth4,4,2,1,cm_wrapper_liveness,7.291799876838923e-06,7.2917998768389225,500,7,1,1
cached_depth4,4,2,1,raw_recursive,5.6962000671774146e-06,5.696200067177415,500,7,1,1
cached_depth4,4,2,1,raw_flat_retained,4.669999936595559e-06,4.669999936595559,500,7,1,1
cached_depth4,4,2,1,raw_flat_liveness,3.7628000136464832e-06,3.7628000136464834,500,7,1,1
cached_depth4,4,2,1,cm_recursive,4.911400144919753e-06,4.911400144919753,500,7,1,1
cached_depth4,4,2,1,cm_flat_retained,2.45220004580915e-06,2.4522000458091497,500,7,1,1
cached_depth4,4,2,1,cm_flat_liveness,1.2315998319536447e-06,1.2315998319536448,500,7,1,1
cached_depth4,4,2,1,cm_wrapper_generic,3.8487999700009826e-06,3.8487999700009827,500,7,1,1
cached_depth4,4,2,2,raw_recursive,1.835000002756715e-06,1.8350000027567148,500,3,1,1
cached_depth4,4,2,2,raw_flat_retained,2.97220004722476e-06,2.97220004722476,500,3,1,1
cached_depth4,4,2,2,raw_flat_liveness,3.109999932348728e-06,3.109999932348728,500,3,1,1
cached_depth4,4,2,2,cm_recursive,3.1306000892072918e-06,3.1306000892072916,500,3,1,1
cached_depth4,4,2,2,cm_flat_retained,1.6244000289589166e-06,1.6244000289589167,500,3,1,1
cached_depth4,4,2,2,cm_flat_liveness,1.517399912700057e-06,1.517399912700057,500,3,1,1
cached_depth4,4,2,2,cm_wrapper_generic,4.031999967992306e-06,4.031999967992306,500,3,1,1
cached_depth4,4,2,2,cm_wrapper_liveness,2.8705999720841646e-06,2.8705999720841646,500,3,1,1
cached_depth4,4,2,3,raw_flat_retained,3.6090000066906214e-06,3.6090000066906214,500,15,13,4
cached_depth4,4,2,3,raw_flat_liveness,4.175999900326133e-06,4.175999900326133,500,15,13,4
cached_depth4,4,2,3,cm_recursive,1.571379997767508e-05,15.71379997767508,500,15,13,4
cached_depth4,4,2,3,cm_flat_retained,6.716399919241667e-06,6.716399919241667,500,15,13,4
cached_depth4,4,2,3,cm_flat_liveness,5.693600047379732e-06,5.693600047379732,500,15,13,4
cached_depth4,4,2,3,cm_wrapper_generic,6.956399884074926e-06,6.956399884074926,500,15,13,4
cached_depth4,4,2,3,cm_wrapper_liveness,1.0467800078913569e-05,10.46780007891357,500,15,13,4
cached_depth4,4,2,3,raw_recursive,7.544200168922544e-06,7.5442001689225435,500,15,13,4
cached_depth4,4,2,4,raw_flat_liveness,4.978999961167574e-06,4.978999961167574,500,19,11,4
cached_depth4,4,2,4,cm_recursive,1.2326000025495887e-05,12.326000025495887,500,19,11,4
cached_depth4,4,2,4,cm_flat_retained,4.241199931129813e-06,4.241199931129813,500,19,11,4
cached_depth4,4,2,4,cm_flat_liveness,4.123599966987967e-06,4.1235999669879675,500,19,11,4
cached_depth4,4,2,4,cm_wrapper_generic,8.00100015476346e-06,8.00100015476346,500,19,11,4
cached_depth4,4,2,4,cm_wrapper_liveness,6.4340000972151756e-06,6.434000097215176,500,19,11,4
cached_depth4,4,2,4,raw_recursive,6.306399824097752e-06,6.306399824097753,500,19,11,4
cached_depth4,4,2,4,raw_flat_retained,5.675399908795953e-06,5.675399908795953,500,19,11,4
cached_depth4,8,2,0,raw_flat_liveness,3.868666632721821e-06,3.8686666327218213,300,23,15,7
cached_depth4,8,2,0,cm_recursive,1.3764333367968598e-05,13.764333367968598,300,23,15,7
cached_depth4,8,2,0,cm_flat_retained,6.090000194186965e-06,6.090000194186965,300,23,15,7
cached_depth4,8,2,0,cm_flat_liveness,4.566666902974248e-06,4.566666902974248,300,23,15,7
cached_depth4,8,2,0,cm_wrapper_generic,1.0013333521783352e-05,10.013333521783352,300,23,15,7
cached_depth4,8,2,0,cm_wrapper_liveness,7.51466645548741e-06,7.51466645548741,300,23,15,7
cached_depth4,8,2,0,raw_recursive,1.2176666641607881e-05,12.17666664160788,300,23,15,7
cached_depth4,8,2,0,raw_flat_retained,5.992000224068761e-06,5.992000224068761,300,23,15,7
cached_depth4,8,2,1,cm_recursive,1.4294333135088286e-05,14.294333135088285,300,12,12,5
cached_depth4,8,2,1,cm_flat_retained,4.9290002789348365e-06,4.929000278934836,300,12,12,5
cached_depth4,8,2,1,cm_flat_liveness,3.1889998354017734e-06,3.1889998354017735,300,12,12,5
cached_depth4,8,2,1,cm_wrapper_generic,7.234666651735703e-06,7.234666651735703,300,12,12,5
cached_depth4,8,2,1,cm_wrapper_liveness,9.122333334137997e-06,9.122333334137997,300,12,12,5
cached_depth4,8,2,1,raw_recursive,1.0735000250861048e-05,10.735000250861049,300,12,12,5
cached_depth4,8,2,1,raw_flat_retained,4.466333193704486e-06,4.466333193704486,300,12,12,5
cached_depth4,8,2,1,raw_flat_liveness,5.100000028808911e-06,5.100000028808911,300,12,12,5
cached_depth4,8,2,2,cm_flat_retained,4.033666724960009e-06,4.0336667249600096,300,10,10,4
cached_depth4,8,2,2,cm_flat_liveness,6.222000035146872e-06,6.2220000351468725,300,10,10,4
cached_depth4,8,2,2,cm_wrapper_generic,1.0711000068113207e-05,10.711000068113208,300,10,10,4
cached_depth4,8,2,2,cm_wrapper_liveness,1.0477666510269046e-05,10.477666510269046,300,10,10,4
cached_depth4,8,2,2,raw_recursive,7.198333429793517e-06,7.198333429793517,300,10,10,4
cached_depth4,8,2,2,raw_flat_retained,5.088666609177987e-06,5.088666609177986,300,10,10,4
cached_depth4,8,2,2,raw_flat_liveness,4.7713331878185275e-06,4.771333187818527,300,10,10,4
cached_depth4,8,2,2,cm_recursive,1.1016333398098746e-05,11.016333398098746,300,10,10,4
cached_depth4,8,2,3,cm_flat_liveness,3.169000071162979e-06,3.169000071162979,300,13,10,5
cached_depth4,8,2,3,cm_wrapper_generic,5.741333200906714e-06,5.7413332009067135,300,13,10,5
cached_depth4,8,2,3,cm_wrapper_liveness,5.249666670958201e-06,5.249666670958201,300,13,10,5
cached_depth4,8,2,3,raw_recursive,4.383333337803682e-06,4.383333337803682,300,13,10,5
cached_depth4,8,2,3,raw_flat_retained,3.7260000438739858e-06,3.7260000438739858,300,13,10,5
cached_depth4,8,2,3,raw_flat_liveness,2.9170000925660134e-06,2.9170000925660133,300,13,10,5
cached_depth4,8,2,3,cm_recursive,1.0304666745165983e-05,10.304666745165983,300,13,10,5
cached_depth4,8,2,3,cm_flat_retained,3.405333263799548e-06,3.405333263799548,300,13,10,5
cached_depth4,8,2,4,cm_wrapper_generic,6.987000039468209e-06,6.987000039468209,300,3,1,1
cached_depth4,8,2,4,cm_wrapper_liveness,5.611333375175794e-06,5.611333375175794,300,3,1,1
cached_depth4,8,2,4,raw_recursive,2.354333410039544e-06,2.354333410039544,300,3,1,1
cached_depth4,8,2,4,raw_flat_retained,2.987999857092897e-06,2.987999857092897,300,3,1,1
cached_depth4,8,2,4,raw_flat_liveness,3.08366686416169e-06,3.08366686416169,300,3,1,1
cached_depth4,8,2,4,cm_recursive,3.5823330593605838e-06,3.5823330593605838,300,3,1,1
cached_depth4,8,2,4,cm_flat_retained,1.69366675739487e-06,1.69366675739487,300,3,1,1
cached_depth4,8,2,4,cm_flat_liveness,2.033000346273184e-06,2.033000346273184,300,3,1,1
cached_depth4,12,2,0,cm_wrapper_generic,1.1811999914546808e-05,11.811999914546808,150,15,13,5
cached_depth4,12,2,0,cm_wrapper_liveness,9.590666741132736e-06,9.590666741132736,150,15,13,5
cached_depth4,12,2,0,raw_recursive,1.5512666820238034e-05,15.512666820238033,150,15,13,5
cached_depth4,12,2,0,raw_flat_retained,1.419066684320569e-05,14.19066684320569,150,15,13,5
cached_depth4,12,2,0,raw_flat_liveness,1.593533360088865e-05,15.935333600888649,150,15,13,5
cached_depth4,12,2,0,cm_recursive,1.887066677833597e-05,18.87066677833597,150,15,13,5
cached_depth4,12,2,0,cm_flat_retained,7.67666691293319e-06,7.67666691293319,150,15,13,5
cached_depth4,12,2,0,cm_flat_liveness,7.635333264867465e-06,7.635333264867465,150,15,13,5
cached_depth4,12,2,1,cm_wrapper_liveness,1.6781333057830732e-05,16.781333057830732,150,21,16,6
cached_depth4,12,2,1,raw_recursive,1.741733324403564e-05,17.41733324403564,150,21,16,6
cached_depth4,12,2,1,raw_flat_retained,1.0071333963423968e-05,10.071333963423967,150,21,16,6
cached_depth4,12,2,1,raw_flat_liveness,9.87133321662744e-06,9.87133321662744,150,21,16,6
cached_depth4,12,2,1,cm_recursive,2.304000003884236e-05,23.040000038842358,150,21,16,6
cached_depth4,12,2,1,cm_flat_retained,7.800667081028223e-06,7.800667081028223,150,21,16,6
cached_depth4,12,2,1,cm_flat_liveness,9.706666848311821e-06,9.706666848311821,150,21,16,6
cached_depth4,12,2,1,cm_wrapper_generic,1.054200033346812e-05,10.54200033346812,150,21,16,6
cached_depth4,12,2,2,raw_recursive,1.2418666544059913e-05,12.418666544059914,150,20,14,5
cached_depth4,12,2,2,raw_flat_retained,1.02873332798481e-05,10.287333279848099,150,20,14,5
cached_depth4,12,2,2,raw_flat_liveness,9.650667198002339e-06,9.650667198002338,150,20,14,5
cached_depth4,12,2,2,cm_recursive,2.2072666324675084e-05,22.072666324675083,150,20,14,5
cached_depth4,12,2,2,cm_flat_retained,8.759333286434413e-06,8.759333286434412,150,20,14,5
cached_depth4,12,2,2,cm_flat_liveness,1.3608666292081276e-05,13.608666292081276,150,20,14,5
cached_depth4,12,2,2,cm_wrapper_generic,1.2795999646186829e-05,12.795999646186829,150,20,14,5
cached_depth4,12,2,2,cm_wrapper_liveness,1.022000020990769e-05,10.22000020990769,150,20,14,5
cached_depth4,12,2,3,raw_flat_retained,6.5073339889446895e-06,6.50733398894469,150,8,8,4
cached_depth4,12,2,3,raw_flat_liveness,4.588666682442029e-06,4.588666682442029,150,8,8,4
cached_depth4,12,2,3,cm_recursive,1.0688666564722856e-05,10.688666564722856,150,8,8,4
cached_depth4,12,2,3,cm_flat_retained,4.665333156784376e-06,4.665333156784376,150,8,8,4
cached_depth4,12,2,3,cm_flat_liveness,5.9959998664756615e-06,5.995999866475661,150,8,8,4
cached_depth4,12,2,3,cm_wrapper_generic,1.026133308187127e-05,10.261333081871271,150,8,8,4
cached_depth4,12,2,3,cm_wrapper_liveness,8.353999971101682e-06,8.353999971101683,150,8,8,4
cached_depth4,12,2,3,raw_recursive,1.478600005308787e-05,14.78600005308787,150,8,8,4
cached_depth4,12,2,4,raw_flat_liveness,7.3773336286346116e-06,7.377333628634611,150,19,16,9
cached_depth4,12,2,4,cm_recursive,2.2903999779373406e-05,22.903999779373407,150,19,16,9
cached_depth4,12,2,4,cm_flat_retained,4.8893333102266e-06,4.8893333102266,150,19,16,9
cached_depth4,12,2,4,cm_flat_liveness,4.5673331866661704e-06,4.56733318666617,150,19,16,9
cached_depth4,12,2,4,cm_wrapper_generic,7.205999766786893e-06,7.205999766786893,150,19,16,9
cached_depth4,12,2,4,cm_wrapper_liveness,9.998666743437448e-06,9.998666743437449,150,19,16,9
cached_depth4,12,2,4,raw_recursive,1.217333289484183e-05,12.17333289484183,150,19,16,9
cached_depth4,12,2,4,raw_flat_retained,3.862666587034862e-06,3.8626665870348615,150,19,16,9
cached_depth4,16,2,0,raw_flat_liveness,2.828500000759959e-05,28.285000007599592,20,9,8,4
cached_depth4,16,2,0,cm_recursive,3.5154999932274225e-05,35.15499993227422,20,9,8,4
cached_depth4,16,2,0,cm_flat_retained,1.5445001190528272e-05,15.445001190528272,20,9,8,4
cached_depth4,16,2,0,cm_flat_liveness,1.59699993673712e-05,15.969999367371202,20,9,8,4
cached_depth4,16,2,0,cm_wrapper_generic,1.812499831430614e-05,18.12499831430614,20,9,8,4
cached_depth4,16,2,0,cm_wrapper_liveness,3.6554998951032756e-05,36.55499895103276,20,9,8,4
cached_depth4,16,2,0,raw_recursive,3.4109997795894745e-05,34.10999779589474,20,9,8,4
cached_depth4,16,2,0,raw_flat_retained,1.700500142760575e-05,17.005001427605748,20,9,8,4
cached_depth4,16,2,1,cm_recursive,0.00013927000109106302,139.27000109106302,20,18,15,6
cached_depth4,16,2,1,cm_flat_retained,7.731499499641359e-05,77.31499499641359,20,18,15,6
cached_depth4,16,2,1,cm_flat_liveness,8.069000323303044e-05,80.69000323303044,20,18,15,6
cached_depth4,16,2,1,cm_wrapper_generic,8.022999973036348e-05,80.22999973036349,20,18,15,6
cached_depth4,16,2,1,cm_wrapper_liveness,4.754000110551715e-05,47.54000110551715,20,18,15,6
cached_depth4,16,2,1,raw_recursive,4.6025001211091876e-05,46.025001211091876,20,18,15,6
cached_depth4,16,2,1,raw_flat_retained,5.4584996541962026e-05,54.58499654196203,20,18,15,6
cached_depth4,16,2,1,raw_flat_liveness,5.9210002655163406e-05,59.21000265516341,20,18,15,6
cached_depth4,16,2,2,cm_flat_retained,3.019000287167728e-05,30.19000287167728,20,14,11,5
cached_depth4,16,2,2,cm_flat_liveness,2.933000214397907e-05,29.330002143979073,20,14,11,5
cached_depth4,16,2,2,cm_wrapper_generic,4.006000235676765e-05,40.060002356767654,20,14,11,5
cached_depth4,16,2,2,cm_wrapper_liveness,2.5954999728128314e-05,25.954999728128314,20,14,11,5
cached_depth4,16,2,2,raw_recursive,2.7744995895773174e-05,27.744995895773172,20,14,11,5
cached_depth4,16,2,2,raw_flat_retained,2.3260002490133046e-05,23.260002490133047,20,14,11,5
cached_depth4,16,2,2,raw_flat_liveness,2.263499773107469e-05,22.63499773107469,20,14,11,5
cached_depth4,16,2,2,cm_recursive,7.098999922163784e-05,70.98999922163785,20,14,11,5
cached_depth4,16,2,3,cm_flat_liveness,3.331499756313861e-05,33.314997563138604,20,9,8,4
cached_depth4,16,2,3,cm_wrapper_generic,3.911999519914389e-05,39.11999519914389,20,9,8,4
cached_depth4,16,2,3,cm_wrapper_liveness,3.5515002673491834e-05,35.515002673491836,20,9,8,4
cached_depth4,16,2,3,raw_recursive,3.5595003282651305e-05,35.595003282651305,20,9,8,4
cached_depth4,16,2,3,raw_flat_retained,3.0094996327534317e-05,30.094996327534318,20,9,8,4
cached_depth4,16,2,3,raw_flat_liveness,2.9915000777691602e-05,29.915000777691603,20,9,8,4
cached_depth4,16,2,3,cm_recursive,7.848499808460474e-05,78.48499808460474,20,9,8,4
cached_depth4,16,2,3,cm_flat_retained,2.364999963901937e-05,23.64999963901937,20,9,8,4
cached_depth4,16,2,4,cm_wrapper_generic,8.03999719209969e-06,8.03999719209969,20,5,1,1
cached_depth4,16,2,4,cm_wrapper_liveness,2.954999217763543e-06,2.954999217763543,20,5,1,1
cached_depth4,16,2,4,raw_recursive,2.4369999300688507e-05,24.369999300688505,20,5,1,1
cached_depth4,16,2,4,raw_flat_retained,1.9544997485354543e-05,19.544997485354543,20,5,1,1
cached_depth4,16,2,4,raw_flat_liveness,1.9890000112354754e-05,19.890000112354755,20,5,1,1
cached_depth4,16,2,4,cm_recursive,8.869997691363096e-06,8.869997691363096,20,5,1,1
cached_depth4,16,2,4,cm_flat_retained,1.3000040780752898e-06,1.3000040780752897,20,5,1,1
cached_depth4,16,2,4,cm_flat_liveness,1.0500021744519473e-06,1.0500021744519472,20,5,1,1
cached_depth4,4,3,0,cm_wrapper_liveness,4.6677999198436734e-06,4.667799919843674,500,22,10,4
cached_depth4,4,3,0,raw_recursive,6.563999922946096e-06,6.5639999229460955,500,22,10,4
cached_depth4,4,3,0,raw_flat_retained,3.928200108930469e-06,3.928200108930469,500,22,10,4
cached_depth4,4,3,0,raw_flat_liveness,3.3005999866873024e-06,3.3005999866873026,500,22,10,4
cached_depth4,4,3,0,cm_recursive,6.617200095206499e-06,6.617200095206499,500,22,10,4
cached_depth4,4,3,0,cm_flat_retained,2.814600011333823e-06,2.814600011333823,500,22,10,4
cached_depth4,4,3,0,cm_flat_liveness,2.459000097587705e-06,2.4590000975877047,500,22,10,4
cached_depth4,4,3,0,cm_wrapper_generic,5.755399819463492e-06,5.755399819463491,500,22,10,4
cached_depth4,4,3,1,raw_recursive,3.2418000046163796e-06,3.2418000046163797,500,7,1,1
cached_depth4,4,3,1,raw_flat_retained,2.2044000215828417e-06,2.204400021582842,500,7,1,1
cached_depth4,4,3,1,raw_flat_liveness,2.3917998187243937e-06,2.391799818724394,500,7,1,1
cached_depth4,4,3,1,cm_recursive,2.364400075748563e-06,2.364400075748563,500,7,1,1
cached_depth4,4,3,1,cm_flat_retained,8.730001281946898e-07,0.8730001281946898,500,7,1,1
cached_depth4,4,3,1,cm_flat_liveness,1.7277998849749565e-06,1.7277998849749565,500,7,1,1
cached_depth4,4,3,1,cm_wrapper_generic,4.385200096294284e-06,4.385200096294284,500,7,1,1
cached_depth4,4,3,1,cm_wrapper_liveness,2.71620019339025e-06,2.71620019339025,500,7,1,1
cached_depth4,4,3,2,raw_flat_retained,1.3786000199615956e-06,1.3786000199615955,500,3,1,1
cached_depth4,4,3,2,raw_flat_liveness,1.3150000013411044e-06,1.3150000013411045,500,3,1,1
cached_depth4,4,3,2,cm_recursive,1.640800153836608e-06,1.640800153836608,500,3,1,1
cached_depth4,4,3,2,cm_flat_retained,9.029998909682035e-07,0.9029998909682035,500,3,1,1
cached_depth4,4,3,2,cm_flat_liveness,9.129999671131372e-07,0.9129999671131372,500,3,1,1
cached_depth4,4,3,2,cm_wrapper_generic,7.595800096169114e-06,7.595800096169114,500,3,1,1
cached_depth4,4,3,2,cm_wrapper_liveness,5.46839996241033e-06,5.468399962410331,500,3,1,1
cached_depth4,4,3,2,raw_recursive,2.061199862509966e-06,2.061199862509966,500,3,1,1
cached_depth4,4,3,3,raw_flat_liveness,2.7663998771458864e-06,2.7663998771458864,500,15,13,4
cached_depth4,4,3,3,cm_recursive,1.0679800063371658e-05,10.679800063371658,500,15,13,4
cached_depth4,4,3,3,cm_flat_retained,3.6496000830084087e-06,3.6496000830084085,500,15,13,4
cached_depth4,4,3,3,cm_flat_liveness,3.859799820929766e-06,3.8597998209297657,500,15,13,4
cached_depth4,4,3,3,cm_wrapper_generic,5.695000058040023e-06,5.695000058040023,500,15,13,4
cached_depth4,4,3,3,cm_wrapper_liveness,5.244399886578322e-06,5.2443998865783215,500,15,13,4
cached_depth4,4,3,3,raw_recursive,5.573600064963102e-06,5.573600064963102,500,15,13,4
cached_depth4,4,3,3,raw_flat_retained,4.9428001511842014e-06,4.942800151184201,500,15,13,4
cached_depth4,4,3,4,cm_recursive,7.755399914458394e-06,7.755399914458394,500,19,11,4
cached_depth4,4,3,4,cm_flat_retained,3.817800199612975e-06,3.8178001996129756,500,19,11,4
cached_depth4,4,3,4,cm_flat_liveness,3.2802000641822817e-06,3.2802000641822815,500,19,11,4
cached_depth4,4,3,4,cm_wrapper_generic,5.907599814236164e-06,5.907599814236164,500,19,11,4
cached_depth4,4,3,4,cm_wrapper_liveness,6.364000029861927e-06,6.364000029861927,500,19,11,4
cached_depth4,4,3,4,raw_recursive,6.099599879235029e-06,6.099599879235029,500,19,11,4
cached_depth4,4,3,4,raw_flat_retained,2.7707999106496574e-06,2.7707999106496572,500,19,11,4
cached_depth4,4,3,4,raw_flat_liveness,2.8121999930590393e-06,2.812199993059039,500,19,11,4
cached_depth4,8,3,0,cm_recursive,1.5122000283251206e-05,15.122000283251205,300,23,15,7
cached_depth4,8,3,0,cm_flat_retained,3.671000013127923e-06,3.671000013127923,300,23,15,7
cached_depth4,8,3,0,cm_flat_liveness,3.7486664950847625e-06,3.7486664950847626,300,23,15,7
cached_depth4,8,3,0,cm_wrapper_generic,8.701999904587865e-06,8.701999904587865,300,23,15,7
cached_depth4,8,3,0,cm_wrapper_liveness,1.099466656645139e-05,10.99466656645139,300,23,15,7
cached_depth4,8,3,0,raw_recursive,1.4482000066588322e-05,14.482000066588322,300,23,15,7
cached_depth4,8,3,0,raw_flat_retained,6.062666652724147e-06,6.062666652724147,300,23,15,7
cached_depth4,8,3,0,raw_flat_liveness,5.619000100220243e-06,5.6190001002202425,300,23,15,7
cached_depth4,8,3,1,cm_flat_retained,4.480333300307393e-06,4.480333300307393,300,12,12,5
cached_depth4,8,3,1,cm_flat_liveness,4.4553331099450584e-06,4.455333109945059,300,12,12,5
cached_depth4,8,3,1,cm_wrapper_generic,5.817666727428635e-06,5.817666727428635,300,12,12,5
cached_depth4,8,3,1,cm_wrapper_liveness,6.052999912450711e-06,6.052999912450711,300,12,12,5
cached_depth4,8,3,1,raw_recursive,4.647333019723495e-06,4.6473330197234946,300,12,12,5
cached_depth4,8,3,1,raw_flat_retained,2.4849999075134596e-06,2.4849999075134597,300,12,12,5
cached_depth4,8,3,1,raw_flat_liveness,3.0273334899296365e-06,3.0273334899296365,300,12,12,5
cached_depth4,8,3,1,cm_recursive,1.0247333363319437e-05,10.247333363319438,300,12,12,5
cached_depth4,8,3,2,cm_flat_liveness,4.203666855270664e-06,4.203666855270664,300,10,10,4
cached_depth4,8,3,2,cm_wrapper_generic,6.380999693647027e-06,6.380999693647027,300,10,10,4
cached_depth4,8,3,2,cm_wrapper_liveness,6.377666722983122e-06,6.377666722983122,300,10,10,4
cached_depth4,8,3,2,raw_recursive,3.387666462610165e-06,3.387666462610165,300,10,10,4
cached_depth4,8,3,2,raw_flat_retained,3.353999927639961e-06,3.3539999276399612,300,10,10,4
cached_depth4,8,3,2,raw_flat_liveness,4.666666500270367e-06,4.666666500270367,300,10,10,4
cached_depth4,8,3,2,cm_recursive,1.1101999940971534e-05,11.101999940971535,300,10,10,4
cached_depth4,8,3,2,cm_flat_retained,2.6319998626907665e-06,2.6319998626907664,300,10,10,4
cached_depth4,8,3,3,cm_wrapper_generic,7.5193331576883795e-06,7.519333157688379,300,13,10,5
cached_depth4,8,3,3,cm_wrapper_liveness,6.062333316852649e-06,6.06233331685265,300,13,10,5
cached_depth4,8,3,3,raw_recursive,4.132666702692708e-06,4.132666702692708,300,13,10,5
cached_depth4,8,3,3,raw_flat_retained,2.7030000152687233e-06,2.7030000152687235,300,13,10,5
cached_depth4,8,3,3,raw_flat_liveness,2.9610000395526487e-06,2.9610000395526486,300,13,10,5
cached_depth4,8,3,3,cm_recursive,8.193666581064462e-06,8.193666581064463,300,13,10,5
cached_depth4,8,3,3,cm_flat_retained,2.7999999777724344e-06,2.7999999777724343,300,13,10,5
cached_depth4,8,3,3,cm_flat_liveness,2.70500003049771e-06,2.70500003049771,300,13,10,5
cached_depth4,8,3,4,cm_wrapper_liveness,6.0609999733666576e-06,6.060999973366657,300,3,1,1
cached_depth4,8,3,4,raw_recursive,1.4336667178819576e-06,1.4336667178819575,300,3,1,1
cached_depth4,8,3,4,raw_flat_retained,1.9563330958286922e-06,1.9563330958286922,300,3,1,1
cached_depth4,8,3,4,raw_flat_liveness,2.5476666633039714e-06,2.5476666633039713,300,3,1,1
cached_depth4,8,3,4,cm_recursive,2.6046667092790208e-06,2.6046667092790208,300,3,1,1
cached_depth4,8,3,4,cm_flat_retained,9.479998455693325e-07,0.9479998455693325,300,3,1,1
cached_depth4,8,3,4,cm_flat_liveness,9.153333182136218e-07,0.9153333182136218,300,3,1,1
cached_depth4,8,3,4,cm_wrapper_generic,6.868666581188639e-06,6.868666581188639,300,3,1,1
cached_depth4,12,3,0,cm_wrapper_liveness,1.6400666596988835e-05,16.400666596988835,150,15,13,5
cached_depth4,12,3,0,raw_recursive,1.461733365431428e-05,14.61733365431428,150,15,13,5
cached_depth4,12,3,0,raw_flat_retained,8.996666874736547e-06,8.996666874736547,150,15,13,5
cached_depth4,12,3,0,raw_flat_liveness,8.856667360911766e-06,8.856667360911766,150,15,13,5
cached_depth4,12,3,0,cm_recursive,2.0008000234762827e-05,20.00800023476283,150,15,13,5
cached_depth4,12,3,0,cm_flat_retained,7.773999435206254e-06,7.773999435206254,150,15,13,5
cached_depth4,12,3,0,cm_flat_liveness,8.337333177526792e-06,8.337333177526792,150,15,13,5
cached_depth4,12,3,0,cm_wrapper_generic,1.4167333332200844e-05,14.167333332200844,150,15,13,5
cached_depth4,12,3,1,raw_recursive,1.0776666458696127e-05,10.776666458696127,150,21,16,6
cached_depth4,12,3,1,raw_flat_retained,1.3447333282480637e-05,13.447333282480637,150,21,16,6
cached_depth4,12,3,1,raw_flat_liveness,1.5285333308080832e-05,15.285333308080833,150,21,16,6
cached_depth4,12,3,1,cm_recursive,2.2540000112106404e-05,22.540000112106405,150,21,16,6
cached_depth4,12,3,1,cm_flat_retained,8.049333312859139e-06,8.049333312859138,150,21,16,6
cached_depth4,12,3,1,cm_flat_liveness,8.286666125059128e-06,8.286666125059128,150,21,16,6
cached_depth4,12,3,1,cm_wrapper_generic,1.662200006345908e-05,16.62200006345908,150,21,16,6
cached_depth4,12,3,1,cm_wrapper_liveness,2.0345999704053005e-05,20.345999704053003,150,21,16,6
cached_depth4,12,3,2,raw_flat_retained,1.0275333188474179e-05,10.275333188474178,150,20,14,5
cached_depth4,12,3,2,raw_flat_liveness,1.0118666881074507e-05,10.118666881074507,150,20,14,5
cached_depth4,12,3,2,cm_recursive,3.109000002344449e-05,31.090000023444492,150,20,14,5
cached_depth4,12,3,2,cm_flat_retained,1.4822666998952628e-05,14.822666998952627,150,20,14,5
cached_depth4,12,3,2,cm_flat_liveness,1.6221333450327316e-05,16.221333450327318,150,20,14,5
cached_depth4,12,3,2,cm_wrapper_generic,1.8539333250373602e-05,18.539333250373602,150,20,14,5
cached_depth4,12,3,2,cm_wrapper_liveness,1.877000012124578e-05,18.770000121245783,150,20,14,5
cached_depth4,12,3,2,raw_recursive,1.8286666988084715e-05,18.286666988084715,150,20,14,5
cached_depth4,12,3,3,raw_flat_liveness,7.652000058442353e-06,7.652000058442353,150,8,8,4
cached_depth4,12,3,3,cm_recursive,1.284933260952433e-05,12.84933260952433,150,8,8,4
cached_depth4,12,3,3,cm_flat_retained,5.2539996492366e-06,5.2539996492366,150,8,8,4
cached_depth4,12,3,3,cm_flat_liveness,5.451333709061146e-06,5.451333709061146,150,8,8,4
cached_depth4,12,3,3,cm_wrapper_generic,8.177333511412143e-06,8.177333511412144,150,8,8,4
cached_depth4,12,3,3,cm_wrapper_liveness,1.0928000168253979e-05,10.928000168253979,150,8,8,4
cached_depth4,12,3,3,raw_recursive,9.106666936228673e-06,9.106666936228674,150,8,8,4
cached_depth4,12,3,3,raw_flat_retained,4.926000256091356e-06,4.926000256091356,150,8,8,4
cached_depth4,12,3,4,cm_recursive,2.737933381771048e-05,27.37933381771048,150,19,16,9
cached_depth4,12,3,4,cm_flat_retained,6.3680003707607585e-06,6.368000370760758,150,19,16,9
cached_depth4,12,3,4,cm_flat_liveness,8.712667040526868e-06,8.712667040526867,150,19,16,9
cached_depth4,12,3,4,cm_wrapper_generic,1.560000004246831e-05,15.600000042468311,150,19,16,9
cached_depth4,12,3,4,cm_wrapper_liveness,1.4566666601846615e-05,14.566666601846615,150,19,16,9
cached_depth4,12,3,4,raw_recursive,1.6780667162189882e-05,16.780667162189882,150,19,16,9
cached_depth4,12,3,4,raw_flat_retained,8.08066688477993e-06,8.08066688477993,150,19,16,9
cached_depth4,12,3,4,raw_flat_liveness,8.096000334868828e-06,8.096000334868828,150,19,16,9
cached_depth4,16,3,0,cm_recursive,7.374499691650271e-05,73.74499691650271,20,9,8,4
cached_depth4,16,3,0,cm_flat_retained,3.375500091351569e-05,33.75500091351569,20,9,8,4
cached_depth4,16,3,0,cm_flat_liveness,1.999000087380409e-05,19.990000873804092,20,9,8,4
cached_depth4,16,3,0,cm_wrapper_generic,2.064500004053116e-05,20.64500004053116,20,9,8,4
cached_depth4,16,3,0,cm_wrapper_liveness,1.9064999651163817e-05,19.064999651163816,20,9,8,4
cached_depth4,16,3,0,raw_recursive,2.621500170789659e-05,26.21500170789659,20,9,8,4
cached_depth4,16,3,0,raw_flat_retained,1.680999994277954e-05,16.80999994277954,20,9,8,4
cached_depth4,16,3,0,raw_flat_liveness,2.351000439375639e-05,23.51000439375639,20,9,8,4
cached_depth4,16,3,1,cm_flat_retained,4.630000330507755e-05,46.30000330507755,20,18,15,6
cached_depth4,16,3,1,cm_flat_liveness,6.108999950811267e-05,61.08999950811267,20,18,15,6
cached_depth4,16,3,1,cm_wrapper_generic,5.726999952457845e-05,57.26999952457845,20,18,15,6
cached_depth4,16,3,1,cm_wrapper_liveness,5.683500203303993e-05,56.83500203303993,20,18,15,6
cached_depth4,16,3,1,raw_recursive,9.172999998554587e-05,91.72999998554587,20,18,15,6
cached_depth4,16,3,1,raw_flat_retained,4.6509999083355066e-05,46.50999908335507,20,18,15,6
cached_depth4,16,3,1,raw_flat_liveness,3.902000025846064e-05,39.02000025846064,20,18,15,6
cached_depth4,16,3,1,cm_recursive,0.0001461950014345348,146.1950014345348,20,18,15,6
cached_depth4,16,3,2,cm_flat_liveness,2.5444995844736696e-05,25.444995844736695,20,14,11,5
cached_depth4,16,3,2,cm_wrapper_generic,2.9749999521300195e-05,29.749999521300197,20,14,11,5
cached_depth4,16,3,2,cm_wrapper_liveness,3.037999849766493e-05,30.37999849766493,20,14,11,5
cached_depth4,16,3,2,raw_recursive,6.882000016048551e-05,68.8200001604855,20,14,11,5
cached_depth4,16,3,2,raw_flat_retained,2.433000481687486e-05,24.33000481687486,20,14,11,5
cached_depth4,16,3,2,raw_flat_liveness,2.3260002490133046e-05,23.260002490133047,20,14,11,5
cached_depth4,16,3,2,cm_recursive,5.814000032842159e-05,58.14000032842159,20,14,11,5
cached_depth4,16,3,2,cm_flat_retained,2.5255000218749045e-05,25.255000218749046,20,14,11,5
cached_depth4,16,3,3,cm_wrapper_generic,4.209000035189092e-05,42.09000035189092,20,9,8,4
cached_depth4,16,3,3,cm_wrapper_liveness,3.583500511012971e-05,35.835005110129714,20,9,8,4
cached_depth4,16,3,3,raw_recursive,1.9965000683441757e-05,19.965000683441758,20,9,8,4
cached_depth4,16,3,3,raw_flat_retained,2.853000187315047e-05,28.530001873150468,20,9,8,4
cached_depth4,16,3,3,raw_flat_liveness,3.449000068940222e-05,34.49000068940222,20,9,8,4
cached_depth4,16,3,3,cm_recursive,7.732000085525215e-05,77.32000085525215,20,9,8,4
cached_depth4,16,3,3,cm_flat_retained,3.8954999763518575e-05,38.95499976351857,20,9,8,4
cached_depth4,16,3,3,cm_flat_liveness,2.896999940276146e-05,28.96999940276146,20,9,8,4
cached_depth4,16,3,4,cm_wrapper_liveness,5.6799966841936115e-06,5.679996684193611,20,5,1,1
cached_depth4,16,3,4,raw_recursive,4.254999803379178e-05,42.54999803379178,20,5,1,1
cached_depth4,16,3,4,raw_flat_retained,4.409999819472432e-05,44.09999819472432,20,5,1,1
cached_depth4,16,3,4,raw_flat_liveness,4.256499814800918e-05,42.56499814800918,20,5,1,1
cached_depth4,16,3,4,cm_recursive,1.3474997831508518e-05,13.474997831508517,20,5,1,1
cached_depth4,16,3,4,cm_flat_retained,2.3900007363408805e-06,2.3900007363408804,20,5,1,1
cached_depth4,16,3,4,cm_flat_liveness,2.2549997083842754e-06,2.2549997083842754,20,5,1,1
cached_depth4,16,3,4,cm_wrapper_generic,8.520000847056508e-06,8.520000847056508,20,5,1,1
cached_depth4,4,4,0,raw_recursive,1.0079400148242713e-05,10.079400148242712,500,22,10,4
cached_depth4,4,4,0,raw_flat_retained,6.079599959775806e-06,6.0795999597758055,500,22,10,4
cached_depth4,4,4,0,raw_flat_liveness,5.927000194787979e-06,5.927000194787979,500,22,10,4
cached_depth4,4,4,0,cm_recursive,1.1506000068038702e-05,11.506000068038702,500,22,10,4
cached_depth4,4,4,0,cm_flat_retained,3.091400023549795e-06,3.091400023549795,500,22,10,4
cached_depth4,4,4,0,cm_flat_liveness,3.1009998638182877e-06,3.100999863818288,500,22,10,4
cached_depth4,4,4,0,cm_wrapper_generic,9.012599941343069e-06,9.012599941343069,500,22,10,4
cached_depth4,4,4,0,cm_wrapper_liveness,6.658799946308136e-06,6.658799946308136,500,22,10,4
cached_depth4,4,4,1,raw_flat_retained,4.1632000356912615e-06,4.163200035691261,500,7,1,1
cached_depth4,4,4,1,raw_flat_liveness,2.503999974578619e-06,2.503999974578619,500,7,1,1
cached_depth4,4,4,1,cm_recursive,2.118400065228343e-06,2.118400065228343,500,7,1,1
cached_depth4,4,4,1,cm_flat_retained,1.3805998023599387e-06,1.3805998023599386,500,7,1,1
cached_depth4,4,4,1,cm_flat_liveness,1.811400055885315e-06,1.811400055885315,500,7,1,1
cached_depth4,4,4,1,cm_wrapper_generic,6.261799950152635e-06,6.261799950152636,500,7,1,1
cached_depth4,4,4,1,cm_wrapper_liveness,5.2118001040071246e-06,5.211800104007125,500,7,1,1
cached_depth4,4,4,1,raw_recursive,5.167199997231365e-06,5.167199997231364,500,7,1,1
cached_depth4,4,4,2,raw_flat_liveness,1.5209999401122333e-06,1.5209999401122332,500,3,1,1
cached_depth4,4,4,2,cm_recursive,1.905200071632862e-06,1.905200071632862,500,3,1,1
cached_depth4,4,4,2,cm_flat_retained,9.84999816864729e-07,0.984999816864729,500,3,1,1
cached_depth4,4,4,2,cm_flat_liveness,1.382600050419569e-06,1.382600050419569,500,3,1,1
cached_depth4,4,4,2,cm_wrapper_generic,7.452599937096238e-06,7.452599937096238,500,3,1,1
cached_depth4,4,4,2,cm_wrapper_liveness,5.184199893847108e-06,5.184199893847108,500,3,1,1
cached_depth4,4,4,2,raw_recursive,2.659799996763468e-06,2.659799996763468,500,3,1,1
cached_depth4,4,4,2,raw_flat_retained,2.44760001078248e-06,2.4476000107824802,500,3,1,1
cached_depth4,4,4,3,cm_recursive,1.583079993724823e-05,15.83079993724823,500,15,13,4
cached_depth4,4,4,3,cm_flat_retained,3.7086000666022302e-06,3.70860006660223,500,15,13,4
cached_depth4,4,4,3,cm_flat_liveness,3.753999946638942e-06,3.7539999466389418,500,15,13,4
cached_depth4,4,4,3,cm_wrapper_generic,8.110599825158715e-06,8.110599825158715,500,15,13,4
cached_depth4,4,4,3,cm_wrapper_liveness,9.171599987894297e-06,9.171599987894297,500,15,13,4
cached_depth4,4,4,3,raw_recursive,6.8938001058995725e-06,6.893800105899572,500,15,13,4
cached_depth4,4,4,3,raw_flat_retained,5.483200075104833e-06,5.483200075104833,500,15,13,4
cached_depth4,4,4,3,raw_flat_liveness,4.598200088366866e-06,4.598200088366866,500,15,13,4
cached_depth4,4,4,4,cm_flat_retained,5.295600043609738e-06,5.295600043609738,500,19,11,4
cached_depth4,4,4,4,cm_flat_liveness,4.23259986564517e-06,4.23259986564517,500,19,11,4
cached_depth4,4,4,4,cm_wrapper_generic,6.328199990093708e-06,6.328199990093708,500,19,11,4
cached_depth4,4,4,4,cm_wrapper_liveness,9.130799910053611e-06,9.13079991005361,500,19,11,4
cached_depth4,4,4,4,raw_recursive,7.259599864482879e-06,7.25959986448288,500,19,11,4
cached_depth4,4,4,4,raw_flat_retained,3.5182000137865544e-06,3.5182000137865543,500,19,11,4
cached_depth4,4,4,4,raw_flat_liveness,2.916199853643775e-06,2.916199853643775,500,19,11,4
cached_depth4,4,4,4,cm_recursive,9.767800103873014e-06,9.767800103873014,500,19,11,4
cached_depth4,8,4,0,cm_flat_retained,5.352000007405877e-06,5.352000007405877,300,23,15,7
cached_depth4,8,4,0,cm_flat_liveness,3.916999946037928e-06,3.916999946037928,300,23,15,7
cached_depth4,8,4,0,cm_wrapper_generic,7.01400024505953e-06,7.01400024505953,300,23,15,7
cached_depth4,8,4,0,cm_wrapper_liveness,5.991999836017688e-06,5.991999836017688,300,23,15,7
cached_depth4,8,4,0,raw_recursive,1.0763333411887288e-05,10.763333411887288,300,23,15,7
cached_depth4,8,4,0,raw_flat_retained,7.2693331943204e-06,7.2693331943204,300,23,15,7
cached_depth4,8,4,0,raw_flat_liveness,4.380333314960201e-06,4.380333314960201,300,23,15,7
cached_depth4,8,4,0,cm_recursive,1.4288666813323895e-05,14.288666813323895,300,23,15,7
cached_depth4,8,4,1,cm_flat_liveness,4.4063335129370294e-06,4.40633351293703,300,12,12,5
cached_depth4,8,4,1,cm_wrapper_generic,7.410333103810747e-06,7.410333103810747,300,12,12,5
cached_depth4,8,4,1,cm_wrapper_liveness,9.336666747306785e-06,9.336666747306785,300,12,12,5
cached_depth4,8,4,1,raw_recursive,3.799000211680929e-06,3.7990002116809287,300,12,12,5
cached_depth4,8,4,1,raw_flat_retained,2.4733335400621098e-06,2.47333354006211,300,12,12,5
cached_depth4,8,4,1,raw_flat_liveness,2.6289998398472867e-06,2.6289998398472867,300,12,12,5
cached_depth4,8,4,1,cm_recursive,9.160999907180667e-06,9.160999907180667,300,12,12,5
cached_depth4,8,4,1,cm_flat_retained,3.042666551967462e-06,3.042666551967462,300,12,12,5
cached_depth4,8,4,2,cm_wrapper_generic,8.56500002555549e-06,8.565000025555491,300,10,10,4
cached_depth4,8,4,2,cm_wrapper_liveness,5.003333402176698e-06,5.003333402176698,300,10,10,4
cached_depth4,8,4,2,raw_recursive,3.3486669417470696e-06,3.3486669417470694,300,10,10,4
cached_depth4,8,4,2,raw_flat_retained,2.3680001807709536e-06,2.3680001807709536,300,10,10,4
cached_depth4,8,4,2,raw_flat_liveness,2.3623330829044183e-06,2.3623330829044185,300,10,10,4
cached_depth4,8,4,2,cm_recursive,9.651333481694261e-06,9.65133348169426,300,10,10,4
cached_depth4,8,4,2,cm_flat_retained,3.1600000026325384e-06,3.1600000026325383,300,10,10,4
cached_depth4,8,4,2,cm_flat_liveness,4.237333390240868e-06,4.237333390240868,300,10,10,4
cached_depth4,8,4,3,cm_wrapper_liveness,6.988666330774625e-06,6.988666330774626,300,13,10,5
cached_depth4,8,4,3,raw_recursive,8.222333466013273e-06,8.222333466013273,300,13,10,5
cached_depth4,8,4,3,raw_flat_retained,5.61800009260575e-06,5.61800009260575,300,13,10,5
cached_depth4,8,4,3,raw_flat_liveness,4.545999690890312e-06,4.545999690890312,300,13,10,5
cached_depth4,8,4,3,cm_recursive,1.1177333459878962e-05,11.177333459878962,300,13,10,5
cached_depth4,8,4,3,cm_flat_retained,2.8380002671231827e-06,2.8380002671231828,300,13,10,5
cached_depth4,8,4,3,cm_flat_liveness,3.1416669177512328e-06,3.1416669177512326,300,13,10,5
cached_depth4,8,4,3,cm_wrapper_generic,5.33533360188206e-06,5.33533360188206,300,13,10,5
cached_depth4,8,4,4,raw_recursive,1.7856666818261147e-06,1.7856666818261147,300,3,1,1
cached_depth4,8,4,4,raw_flat_retained,2.168666881819566e-06,2.168666881819566,300,3,1,1
cached_depth4,8,4,4,raw_flat_liveness,1.506999833509326e-06,1.506999833509326,300,3,1,1
cached_depth4,8,4,4,cm_recursive,2.4353332507113615e-06,2.4353332507113614,300,3,1,1
cached_depth4,8,4,4,cm_flat_retained,9.603332728147508e-07,0.9603332728147508,300,3,1,1
cached_depth4,8,4,4,cm_flat_liveness,1.025000043834249e-06,1.025000043834249,300,3,1,1
cached_depth4,8,4,4,cm_wrapper_generic,4.117333252603809e-06,4.117333252603809,300,3,1,1
cached_depth4,8,4,4,cm_wrapper_liveness,3.1219997132817905e-06,3.1219997132817907,300,3,1,1
cached_depth4,12,4,0,raw_recursive,1.3168000150471925e-05,13.168000150471926,150,15,13,5
cached_depth4,12,4,0,raw_flat_retained,1.0124666926761469e-05,10.124666926761469,150,15,13,5
cached_depth4,12,4,0,raw_flat_liveness,8.407999606182178e-06,8.407999606182178,150,15,13,5
cached_depth4,12,4,0,cm_recursive,2.2942000068724155e-05,22.942000068724155,150,15,13,5
cached_depth4,12,4,0,cm_flat_retained,7.75266671553254e-06,7.75266671553254,150,15,13,5
cached_depth4,12,4,0,cm_flat_liveness,1.1970000341534615e-05,11.970000341534615,150,15,13,5
cached_depth4,12,4,0,cm_wrapper_generic,1.4215333697696527e-05,14.215333697696527,150,15,13,5
cached_depth4,12,4,0,cm_wrapper_liveness,1.0685999877750873e-05,10.685999877750874,150,15,13,5
cached_depth4,12,4,1,raw_flat_retained,8.979333409418663e-06,8.979333409418663,150,21,16,6
cached_depth4,12,4,1,raw_flat_liveness,7.003999780863524e-06,7.0039997808635235,150,21,16,6
cached_depth4,12,4,1,cm_recursive,1.920799957588315e-05,19.20799957588315,150,21,16,6
cached_depth4,12,4,1,cm_flat_retained,9.744666361560424e-06,9.744666361560423,150,21,16,6
cached_depth4,12,4,1,cm_flat_liveness,1.0733332795401414e-05,10.733332795401413,150,21,16,6
cached_depth4,12,4,1,cm_wrapper_generic,1.6502666597565014e-05,16.502666597565014,150,21,16,6
cached_depth4,12,4,1,cm_wrapper_liveness,1.4217332936823369e-05,14.217332936823368,150,21,16,6
cached_depth4,12,4,1,raw_recursive,1.6475333056102195e-05,16.475333056102194,150,21,16,6
cached_depth4,12,4,2,raw_flat_liveness,2.087199982876579e-05,20.87199982876579,150,20,14,5
cached_depth4,12,4,2,cm_recursive,2.0878000650554896e-05,20.878000650554895,150,20,14,5
cached_depth4,12,4,2,cm_flat_retained,1.3506667067607245e-05,13.506667067607244,150,20,14,5
cached_depth4,12,4,2,cm_flat_liveness,1.3014666425685088e-05,13.014666425685087,150,20,14,5
cached_depth4,12,4,2,cm_wrapper_generic,1.6110666717092196e-05,16.110666717092197,150,20,14,5
cached_depth4,12,4,2,cm_wrapper_liveness,2.3017999871323507e-05,23.017999871323507,150,20,14,5
cached_depth4,12,4,2,raw_recursive,2.5369999930262567e-05,25.369999930262566,150,20,14,5
cached_depth4,12,4,2,raw_flat_retained,1.022066610554854e-05,10.22066610554854,150,20,14,5
cached_depth4,12,4,3,cm_recursive,1.9312667039533456e-05,19.312667039533455,150,8,8,4
cached_depth4,12,4,3,cm_flat_retained,1.0124666926761469e-05,10.124666926761469,150,8,8,4
cached_depth4,12,4,3,cm_flat_liveness,5.820666750272115e-06,5.820666750272115,150,8,8,4
cached_depth4,12,4,3,cm_wrapper_generic,1.9094666931778193e-05,19.094666931778193,150,8,8,4
cached_depth4,12,4,3,cm_wrapper_liveness,9.645333047956228e-06,9.645333047956228,150,8,8,4
cached_depth4,12,4,3,raw_recursive,8.655333270629248e-06,8.655333270629248,150,8,8,4
cached_depth4,12,4,3,raw_flat_retained,4.898000042885542e-06,4.898000042885542,150,8,8,4
cached_depth4,12,4,3,raw_flat_liveness,5.367333069443703e-06,5.367333069443703,150,8,8,4
cached_depth4,12,4,4,cm_flat_retained,8.451999941219886e-06,8.451999941219885,150,19,16,9
cached_depth4,12,4,4,cm_flat_liveness,8.405332919210195e-06,8.405332919210196,150,19,16,9
cached_depth4,12,4,4,cm_wrapper_generic,1.3774000108242034e-05,13.774000108242035,150,19,16,9
cached_depth4,12,4,4,cm_wrapper_liveness,7.773333539565404e-06,7.773333539565404,150,19,16,9
cached_depth4,12,4,4,raw_recursive,7.618666471292575e-06,7.618666471292575,150,19,16,9
cached_depth4,12,4,4,raw_flat_retained,4.800666744510332e-06,4.800666744510332,150,19,16,9
cached_depth4,12,4,4,raw_flat_liveness,4.4606672599911686e-06,4.460667259991169,150,19,16,9
cached_depth4,12,4,4,cm_recursive,1.892733310038845e-05,18.92733310038845,150,19,16,9
cached_depth4,16,4,0,cm_flat_retained,3.273999900557101e-05,32.73999900557101,20,9,8,4
cached_depth4,16,4,0,cm_flat_liveness,3.351999912410974e-05,33.519999124109745,20,9,8,4
cached_depth4,16,4,0,cm_wrapper_generic,2.2170000011101366e-05,22.170000011101365,20,9,8,4
cached_depth4,16,4,0,cm_wrapper_liveness,2.0634999964386223e-05,20.634999964386225,20,9,8,4
cached_depth4,16,4,0,raw_recursive,1.9115000031888486e-05,19.115000031888485,20,9,8,4
cached_depth4,16,4,0,raw_flat_retained,1.725500333122909e-05,17.25500333122909,20,9,8,4
cached_depth4,16,4,0,raw_flat_liveness,3.037499845959246e-05,30.37499845959246,20,9,8,4
cached_depth4,16,4,0,cm_recursive,4.2704999214038256e-05,42.70499921403825,20,9,8,4
cached_depth4,16,4,1,cm_flat_liveness,8.229999803006649e-05,82.29999803006649,20,18,15,6
cached_depth4,16,4,1,cm_wrapper_generic,4.827999509871006e-05,48.27999509871006,20,18,15,6
cached_depth4,16,4,1,cm_wrapper_liveness,4.02799982111901e-05,40.279998211190104,20,18,15,6
cached_depth4,16,4,1,raw_recursive,4.4725002953782675e-05,44.72500295378268,20,18,15,6
cached_depth4,16,4,1,raw_flat_retained,5.529500194825232e-05,55.29500194825232,20,18,15,6
cached_depth4,16,4,1,raw_flat_liveness,7.814000127837062e-05,78.14000127837062,20,18,15,6
cached_depth4,16,4,1,cm_recursive,0.00014845500118099153,148.45500118099153,20,18,15,6
cached_depth4,16,4,1,cm_flat_retained,7.023499929346145e-05,70.23499929346144,20,18,15,6
cached_depth4,16,4,2,cm_wrapper_generic,5.8895000256598e-05,58.895000256597996,20,14,11,5
cached_depth4,16,4,2,cm_wrapper_liveness,3.071000101044774e-05,30.710001010447744,20,14,11,5
cached_depth4,16,4,2,raw_recursive,3.168499679304659e-05,31.684996793046594,20,14,11,5
cached_depth4,16,4,2,raw_flat_retained,2.3944996064528824e-05,23.944996064528823,20,14,11,5
cached_depth4,16,4,2,raw_flat_liveness,2.698000171221793e-05,26.980001712217927,20,14,11,5
cached_depth4,16,4,2,cm_recursive,6.026499904692173e-05,60.26499904692173,20,14,11,5
cached_depth4,16,4,2,cm_flat_retained,2.7074996614828707e-05,27.074996614828706,20,14,11,5
cached_depth4,16,4,2,cm_flat_liveness,2.5420001475140452e-05,25.420001475140452,20,14,11,5
cached_depth4,16,4,3,cm_wrapper_liveness,3.8335000863298776e-05,38.335000863298774,20,9,8,4
cached_depth4,16,4,3,raw_recursive,3.217000048607588e-05,32.17000048607588,20,9,8,4
cached_depth4,16,4,3,raw_flat_retained,2.0650000078603625e-05,20.650000078603625,20,9,8,4
cached_depth4,16,4,3,raw_flat_liveness,1.4720001490786672e-05,14.720001490786672,20,9,8,4
cached_depth4,16,4,3,cm_recursive,2.9434997122734786e-05,29.434997122734785,20,9,8,4
cached_depth4,16,4,3,cm_flat_retained,1.5834998339414597e-05,15.834998339414597,20,9,8,4
cached_depth4,16,4,3,cm_flat_liveness,1.5264999819919468e-05,15.264999819919467,20,9,8,4
cached_depth4,16,4,3,cm_wrapper_generic,1.9799999427050353e-05,19.799999427050352,20,9,8,4
cached_depth4,16,4,4,raw_recursive,2.3004994727671146e-05,23.004994727671146,20,5,1,1
cached_depth4,16,4,4,raw_flat_retained,1.983499969355762e-05,19.83499969355762,20,5,1,1
cached_depth4,16,4,4,raw_flat_liveness,1.9589997828006743e-05,19.589997828006744,20,5,1,1
cached_depth4,16,4,4,cm_recursive,7.539999205619097e-06,7.539999205619097,20,5,1,1
cached_depth4,16,4,4,cm_flat_retained,1.1100026313215495e-06,1.1100026313215494,20,5,1,1
cached_depth4,16,4,4,cm_flat_liveness,1.014996087178588e-06,1.014996087178588,20,5,1,1
cached_depth4,16,4,4,cm_wrapper_generic,4.175002686679363e-06,4.175002686679363,20,5,1,1
cached_depth4,16,4,4,cm_wrapper_liveness,4.334998084232211e-06,4.334998084232211,20,5,1,1
