seed_base,trial,n,live_k,output_k,repr,reps,rounds,ok,cm_us,bitset_us,ratio
13700000,0,24,8,8,3,150,5,True,7.254000132282575,7.055332728972037,1.0281584740142344
13700000,1,24,3,3,3,150,5,True,4.6473330197234946,6.160000339150429,0.7544371369895805
13700000,2,24,5,5,3,150,5,True,8.60000029206276,7.9953329016764965,1.0756275439462282
13700000,3,24,8,8,3,150,5,True,8.50266699368755,7.455333446462949,1.1404811139227433
13700000,4,24,7,7,3,150,5,True,7.585333660244942,8.772666721294323,0.8646554008295665
13700000,5,24,6,6,3,150,5,True,7.679333599905172,5.161999724805355,1.4876664101710582
13700000,6,24,9,9,3,150,5,True,6.250666920095682,5.379333936919768,1.1619778569974488
13700000,7,24,3,3,3,150,5,True,3.9506664810081324,5.30666671693325,0.744472319771241
13700000,8,24,5,5,3,150,5,True,10.028000300129255,9.498666040599346,1.0557272207768353
13700000,9,24,5,5,3,150,5,True,7.304666408648093,6.627333350479603,1.1022029559022368
13700000,10,24,5,5,3,150,5,True,8.61866632476449,6.31799999003609,1.364144719587956
13700000,11,24,6,6,3,150,5,True,7.305999752134085,5.4619996808469296,1.337605305572121
13700000,12,24,3,3,3,150,5,True,6.0973331953088445,4.664667261143526,1.3071314316670264
13700000,13,24,2,2,3,150,5,True,3.6860001273453236,4.022000357508659,0.9164594230987428
13700000,14,24,7,7,3,150,5,True,6.529333380361399,8.047999969373146,0.8112988823569746
13700000,15,24,5,5,3,150,5,True,6.193999821941058,11.379333057751259,0.5443201100192679
13700000,16,24,7,7,3,150,5,True,10.915333405137062,9.658000587175291,1.1301856224394276
13700000,17,24,7,7,3,150,5,True,5.596666596829891,4.750666363785664,1.1780803298445222
13700000,18,24,6,6,3,150,5,True,9.64600049580137,6.085999775677919,1.5849492033093122
13700000,19,24,4,4,3,150,5,True,5.696666582177082,5.38133317604661,1.0585976366477519
13700000,20,24,11,11,3,150,5,True,9.581333336730799,7.382667002578576,1.297814642511207
13700000,21,24,3,3,3,150,5,True,5.567999711881082,5.414666763196388,1.0283180766962245
13700000,22,24,10,10,3,150,5,True,9.136666388561329,7.140000040332476,1.2796451452311026
13700000,23,24,1,1,3,150,5,True,3.1406665220856667,5.944000246624152,0.5283759070954587
13700000,24,24,7,7,3,150,5,True,6.470667043079932,5.5213334659735365,1.171939185154615
13700000,25,24,8,8,3,150,5,True,4.8399996012449265,4.463333170861006,1.0843912869518677
13700000,26,24,3,3,3,150,5,True,8.294000290334225,8.205333724617958,1.0108059670321812
13700000,27,24,7,7,3,150,5,True,12.085333000868559,10.658666336288055,1.1338503917439777
13700000,28,24,7,7,3,150,5,True,13.702000336100658,11.828000036378702,1.1584376305341733
13700000,29,24,3,3,3,150,5,True,5.973333027213812,6.630000037451586,0.9009552026352354
13700000,30,24,5,5,3,150,5,True,6.424666692813237,8.023999786625305,0.8006813140152502
13700000,31,24,5,5,3,150,5,True,6.424000021070242,7.747333341588577,0.829188539827694
13700000,32,24,2,2,3,150,5,True,3.405999547491471,3.952666496237119,0.8616966674860964
13700000,33,24,5,5,3,150,5,True,4.739332944154739,6.255999517937501,0.7575660660723994
13700000,34,24,6,6,3,150,5,True,4.841333720833063,4.302666833003362,1.1251937249005401
13700000,35,24,6,6,3,150,5,True,5.995333194732666,4.760666439930597,1.2593474611970648
13700000,36,24,3,3,3,150,5,True,7.5333332642912865,6.027333438396454,1.2498617077165548
13700000,37,24,6,6,3,150,5,True,9.8619998122255,7.7640001351634655,1.2702214889925247
13700000,38,24,7,7,3,150,5,True,5.637333573152621,7.617333127806584,0.7400665664173066
13700000,39,24,9,9,3,150,5,True,10.348000408460697,9.132666358103355,1.1330754899722122
13700000,40,24,1,1,3,150,5,True,3.646000598867734,4.831332868585984,0.7546572960382321
13700000,41,24,6,6,3,150,5,True,5.640000260124603,4.386000024775663,1.2859097647663784
13700000,42,24,9,9,3,150,5,True,7.811333828916152,5.528666855146487,1.4128783725944332
13700000,43,24,10,10,3,150,5,True,8.186000244071087,6.823999962459008,1.1995897258360015
13700000,44,24,7,7,3,150,5,True,8.527999743819237,5.095333326607943,1.6736882942055693
13700000,45,24,3,3,3,150,5,True,3.903333563357591,4.21933364123106,0.925106638928589
13700000,46,24,8,8,3,150,5,True,9.832666255533695,6.507333212842544,1.511013180657238
13700000,47,24,9,9,3,150,5,True,9.28800009811918,9.780666635682186,0.9496285318870146
13700000,48,24,12,12,3,150,5,True,12.433333322405815,10.873999757071337,1.1434001839406376
13700000,49,24,4,4,3,150,5,True,5.1680005465944605,6.980000374217828,0.7404011847454351
13700000,50,24,6,6,3,150,5,True,4.661999798069397,4.934000317007303,0.9448722129181202
13700000,51,24,8,8,3,150,5,True,7.053333489845197,5.052000439415376,1.396146650110232
13700000,52,24,6,6,3,150,5,True,5.47999981790781,6.1620003543794155,0.8893215681192068
13700000,53,24,11,11,3,150,5,True,9.958666438857714,9.612000236908596,1.036065979338824
13700000,54,24,4,4,3,150,5,True,4.858666410048802,4.6659998285273705,1.0412915963570104
13700000,55,24,2,2,3,150,5,True,3.709333638350169,4.361333170284827,0.8505045346278652
13700000,56,24,6,6,3,150,5,True,5.492666581024726,5.368666412929693,1.0230970148930087
13700000,57,24,6,6,3,150,5,True,8.576666781057915,5.138666989902655,1.6690450651717341
13700000,58,24,7,7,3,150,5,True,6.497999808440606,5.045999617626269,1.2877527350066238
13700000,59,24,7,7,3,150,5,True,5.78000055005153,4.944666288793087,1.1689364281572852
13700000,60,24,5,5,3,150,5,True,6.028666781882445,5.291333266844352,1.139347396554711
13700000,61,24,7,7,3,150,5,True,6.025333423167467,5.902666598558426,1.0207815946506278
13700000,62,24,7,7,3,150,5,True,6.697999779134989,5.555999620507161,1.2055435991054988
13700000,63,24,9,9,3,150,5,True,13.13200065245231,9.932666240880888,1.3221022768693864
13700000,64,24,8,8,3,150,5,True,6.725333320597808,5.9013332550724344,1.1396294752236051
13700000,65,24,5,5,3,150,5,True,4.868000590552886,6.354666935900847,0.7660512564476034
13700000,66,24,5,5,3,150,5,True,6.757333564261596,4.980000667273998,1.3568941082010921
13700000,67,24,7,7,3,150,5,True,8.014666382223368,6.983999628573656,1.1475754307650508
13700000,68,24,6,6,3,150,5,True,8.015333830068508,5.640000260124603,1.4211584149628085
13700000,69,24,4,4,3,150,5,True,4.10400020579497,4.732000331083934,0.8672865424028592
13700000,70,24,4,4,3,150,5,True,3.9293337613344193,4.1679999170204,0.9427384451925331
13700000,71,24,7,7,3,150,5,True,7.09266634657979,6.2413327395915985,1.1364025349245999
13700000,72,24,8,8,3,150,5,True,8.377332706004381,6.50199983889858,1.2884240100847923
13700000,73,24,3,3,3,150,5,True,8.17266603310903,6.422000005841255,1.2726044885822831
13700000,74,24,4,4,3,150,5,True,8.748666538546482,5.833332737286885,1.4997715598537131
13700000,75,24,7,7,3,150,5,True,11.264667070160309,7.597333751618862,1.4827132041895619
13700000,76,24,5,5,3,150,5,True,6.950000145783028,4.650667154540618,1.494409278246775
13700000,77,24,5,5,3,150,5,True,9.301333532979092,9.021999624868235,1.0309614187237275
13700000,78,24,7,7,3,150,5,True,7.366000209003687,5.64200027535359,1.3055653756667092
13700000,79,24,6,6,3,150,5,True,6.142000202089548,6.028666005780299,1.018799216310969
13700000,80,24,3,3,3,150,5,True,4.4793332926929,7.838667370378971,0.5714406647256854
13700000,81,24,7,7,3,150,5,True,6.2599995483954745,6.272667087614536,0.9979805178495645
13700000,82,24,3,3,3,150,5,True,8.491999469697475,6.412666601439317,1.3242540112394825
13700000,83,24,7,7,3,150,5,True,6.094666508336862,4.7420004072288675,1.28525221108078
13700000,84,24,5,5,3,150,5,True,9.45666649689277,9.76400061820944,0.9685237503218195
13700000,85,24,4,4,3,150,5,True,4.711333507051071,4.229999613016844,1.1137905290943844
13700000,86,24,10,10,3,150,5,True,15.59399999678135,11.566000369687874,1.3482621043009855
13700000,87,24,4,4,3,150,5,True,9.283333395918211,8.689999425162872,1.0682777917150688
13700000,88,24,8,8,3,150,5,True,7.0586660876870155,7.287333719432354,0.968621221347998
13700000,89,24,11,11,3,150,5,True,8.698000262180964,8.849999867379665,0.9828249031100035
13700000,90,24,7,7,3,150,5,True,8.688666857779026,9.68133332207799,0.897465934569651
13700000,91,24,5,5,3,150,5,True,4.896000027656555,5.421999376267195,0.9029879363481655
13700000,92,24,7,7,3,150,5,True,7.7073330370088415,10.419333508859077,0.7397145921527181
13700000,93,24,6,6,3,150,5,True,10.072666530807812,9.076666707793871,1.109731893334665
13700000,94,24,6,6,3,150,5,True,7.177999553581079,5.105333402752876,1.4059805672457335
13700000,95,24,10,10,3,150,5,True,8.851333210865658,7.894000348945459,1.1212734760073941
13700000,96,24,6,6,3,150,5,True,6.259333652754625,5.1686664422353115,1.2110152053162149
13700000,97,24,5,5,3,150,5,True,5.1359995268285275,5.83666687210401,0.8799541997806525
13700000,98,24,2,2,3,150,5,True,3.9446664353211722,4.099333503594002,0.962270191450091
13700000,99,24,9,9,3,150,5,True,9.302000204722086,8.731999744971594,1.0652771961060503
13700000,100,24,5,5,3,150,5,True,10.951333679258823,9.732666270186503,1.1252141371378768
13700000,101,24,10,10,3,150,5,True,9.012000324825445,6.872666999697685,1.3112813883201186
13700000,102,24,10,10,3,150,5,True,15.779999860872824,11.865999549627304,1.3298500303220098
13700000,103,24,7,7,3,150,5,True,8.348000701516867,9.147999808192253,0.9125492868988729
13700000,104,24,7,7,3,150,5,True,6.176000460982323,5.710000017036994,1.0816112859115443
13700000,105,24,5,5,3,150,5,True,9.649999750157198,7.539333309978247,1.2799539897493988
13700000,106,24,6,6,3,150,5,True,6.324666707466046,5.095999998350938,1.241104142369055
13700000,107,24,6,6,3,150,5,True,5.629333512236674,5.522666809459527,1.0193143469373243
13700000,108,24,2,2,3,150,5,True,3.747999823341767,5.71666673446695,0.6556267834793151
13700000,109,24,6,6,3,150,5,True,6.065333727747202,6.631333380937576,0.9146476853633394
13700000,110,24,7,7,3,150,5,True,8.70533287525177,8.41000039751331,1.0351168209011958
13700000,111,24,2,2,3,150,5,True,3.965333259354035,4.92466613650322,0.8051983930365758
13700000,112,24,7,7,3,150,5,True,8.337999849269789,5.806666643669208,1.435935685813891
13700000,113,24,7,7,3,150,5,True,5.6220001230637235,5.5759997727970285,1.008249704472929
13700000,114,24,8,8,3,150,5,True,9.417999535799026,7.892667005459467,1.1932594558068224
13700000,115,24,5,5,3,150,5,True,5.897999896357457,5.856000352650881,1.0071720527966779
13700000,116,24,7,7,3,150,5,True,5.952000307540099,5.646666201452414,1.0540733408341276
13700000,117,24,8,8,3,150,5,True,5.791333969682455,4.707999372233948,1.2301050853654776
13700000,118,24,4,4,3,150,5,True,7.258666058381398,6.394666464378437,1.1351125346123807
13700000,119,24,4,4,3,150,5,True,4.029999642322461,4.623332836975654,0.8716654812502488
13700000,120,24,2,2,3,150,5,True,6.401999853551388,5.95333365102609,1.0753638597843358
13700000,121,24,4,4,3,150,5,True,6.754666877289613,7.581333629786968,0.8909602461960793
13700000,122,24,7,7,3,150,5,True,9.321999580909809,8.153333328664303,1.1433360081252755
13700000,123,24,7,7,3,150,5,True,8.419333801915249,7.480000300953786,1.1255793399957066
13700000,124,24,5,5,3,150,5,True,8.763333316892385,9.165999945253134,0.9560695362463666
13700000,125,24,7,7,3,150,5,True,6.733333381513755,4.812000164141258,1.399279541112687
13700000,126,24,3,3,3,150,5,True,3.3666666907568774,7.5333332642912865,0.4469026621608786
13700000,127,24,4,4,3,150,5,True,4.401333474864562,7.357999371985594,0.5981698628056338
13700000,128,24,6,6,3,150,5,True,4.822666912029187,4.3213328657050925,1.1160137536043047
13700000,129,24,5,5,3,150,5,True,5.261333038409552,4.974667293330033,1.0576251090125919
13700000,130,24,6,6,3,150,5,True,9.741333778947592,5.832666841646036,1.6701337558650087
13700000,131,24,8,8,3,150,5,True,5.682667251676321,4.737333705027898,1.1995497057015654
13700000,132,24,8,8,3,150,5,True,11.848666860411564,10.065333141634861,1.1771758265407046
13700000,133,24,5,5,3,150,5,True,9.683333337306976,9.247333121796448,1.0471487519448015
13700000,134,24,7,7,3,150,5,True,7.168666149179141,7.788666989654303,0.920397053655175
13700000,135,24,7,7,3,150,5,True,5.82600012421608,6.128666767229636,0.9506146027335123
13700000,136,24,6,6,3,150,5,True,5.694666566948095,5.2233327490588035,1.0902362228357407
13700000,137,24,11,11,3,150,5,True,10.458000469952822,5.777999758720398,1.809969004268159
13700000,138,24,2,2,3,150,5,True,3.4206663258373737,6.186667208870252,0.5529093792103329
13700000,139,24,6,6,3,150,5,True,5.028666152308384,5.683333147317171,0.8848093226212115
13700000,140,24,6,6,3,150,5,True,8.27800016850233,6.2273334090908365,1.3293009422649305
13700000,141,24,2,2,3,150,5,True,4.971999830255906,4.059999870757261,1.2246305390469239
13700000,142,24,1,1,3,150,5,True,3.299333620816469,4.141999719043573,0.7965557326445971
13700000,143,24,4,4,3,150,5,True,4.218666969488065,4.359999826798837,0.9675842057510952
13700000,144,24,8,8,3,150,5,True,6.122000049799681,5.169999785721302,1.1841393237012598
13700000,145,24,6,6,3,150,5,True,5.640000260124603,6.940000069638093,0.8126801446010242
13700000,146,24,8,8,3,150,5,True,11.68066713338097,9.498000144958496,1.2298027958634035
13700000,147,24,8,8,3,150,5,True,9.07400002082189,6.4453335168461,1.4078402610361858
13700000,148,24,8,8,3,150,5,True,7.046000100672245,7.524666531632344,0.9363870240697216
13700000,149,24,9,9,3,150,5,True,6.608666541675727,5.315333449592194,1.24332115837112
13700000,150,24,5,5,3,150,5,True,7.093333018322786,7.509333857645592,0.9446021648246128
13700000,151,24,6,6,3,150,5,True,8.574666765828926,6.915333215147257,1.2399499053851935
13700000,152,24,7,7,3,150,5,True,7.57200022538503,9.887333338459332,0.7658283549449864
13700000,153,24,4,4,3,150,5,True,7.435999965916078,7.152666803449392,1.0396122411755637
13700000,154,24,8,8,3,150,5,True,7.228666606048742,5.775999743491411,1.2515005067640879
13700000,155,24,4,4,3,150,5,True,6.531333395590385,9.563999871412912,0.6829081433922579
13700000,156,24,6,6,3,150,5,True,7.372000254690647,4.886666623254617,1.5085948813468983
13700000,157,24,7,7,3,150,5,True,6.042000216742356,5.370666428158681,1.1250000903172532
13700000,158,24,10,10,3,150,5,True,7.607333827763796,5.784666476150354,1.3150859879524828
13700000,159,24,9,9,3,150,5,True,6.670667013774315,5.631999423106512,1.184422531438203
13700000,160,24,5,5,3,150,5,True,9.294666815549135,5.414000091453394,1.7167836458336616
13700000,161,24,8,8,3,150,5,True,6.432000081986189,7.1420000555614624,0.9005880750417528
13700000,162,24,5,5,3,150,5,True,7.880000242342551,7.75600007424752,1.0159876440056714
13700000,163,24,6,6,3,150,5,True,8.674666751176119,5.794666552295287,1.4970087878033385
13700000,164,24,10,10,3,150,5,True,9.558666497468948,9.110000294943651,1.049249855982367
13700000,165,24,6,6,3,150,5,True,6.894666391114393,7.263332760582368,0.9492428088289301
13700000,166,24,6,6,3,150,5,True,5.436666930715243,6.638000098367532,0.8190218213543369
13700000,167,24,6,6,3,150,5,True,10.036667032788198,9.22733296950658,1.0877105081128222
13700000,168,24,8,8,3,150,5,True,10.871999741842348,9.142667210350433,1.189149675002294
13700000,169,24,9,9,3,150,5,True,8.94199979181091,7.309999782592058,1.2232558218545062
13700000,170,24,6,6,3,150,5,True,5.048666304598252,5.6186659882466,0.8985524882880205
13700000,171,24,3,3,3,150,5,True,7.136000009874502,7.946666640539964,0.8979865813761658
13700000,172,24,7,7,3,150,5,True,10.47866651788354,11.089999849597614,0.9448752623981094
13700000,173,24,7,7,3,150,5,True,7.525999875118335,6.936666710923116,1.0849591293275198
13700000,174,24,2,2,3,150,5,True,5.166666427006324,4.4626664991180105,1.1577532015953802
13700000,175,24,5,5,3,150,5,True,7.880000242342551,7.937333236138026,0.9927767939067441
13700000,176,24,4,4,3,150,5,True,4.7420004072288675,3.9273337461054325,1.2074350472330764
13700000,177,24,4,4,3,150,5,True,7.035333352784316,6.808667288472256,1.0332908122410136
13700000,178,24,7,7,3,150,5,True,6.192666478455067,5.690666536490122,1.0882146122507763
13700000,179,24,8,8,3,150,5,True,12.082000418255728,6.907333930333456,1.7491553962952044
13700000,180,24,6,6,3,150,5,True,10.664666381975016,9.639333778371414,1.1063696544987607
13700000,181,24,4,4,3,150,5,True,9.471333275238672,7.2480000865956145,1.30675126408385
13700000,182,24,1,1,3,150,5,True,6.728666679312785,6.465999564776818,1.0406228166124278
13700000,183,24,3,3,3,150,5,True,5.459333769977093,7.546666699151198,0.7234099487381792
13700000,184,24,7,7,3,150,5,True,6.8873330019414425,6.575332954525948,1.0474500758476022
13700000,185,24,7,7,3,150,5,True,5.440000289430221,4.661999798069397,1.166881279506491
13700000,186,24,5,5,3,150,5,True,4.969333143283923,5.779999773949385,0.8597462521851371
13700000,187,24,10,10,3,150,5,True,9.220000356435776,7.635999936610461,1.2074385061517479
13700000,188,24,5,5,3,150,5,True,5.225999436030785,4.663333141555389,1.1206575377301322
13700000,189,24,7,7,3,150,5,True,6.619333289563656,9.011332876980305,0.7345565167693364
13700000,190,24,7,7,3,150,5,True,8.931999715665976,9.24133307610949,0.9665271927874566
13700000,191,24,8,8,3,150,5,True,12.245332666983208,5.6819998038311805,2.155109660286611
13700000,192,24,7,7,3,150,5,True,6.424000021070242,5.5839998337129755,1.1504298374591326
13700000,193,24,6,6,3,150,5,True,5.468666398276885,4.95266712581118,1.1041861403881834
13700000,194,24,1,1,3,150,5,True,4.618666134774685,8.162000061323244,0.5658743077767013
13700000,195,24,8,8,3,150,5,True,11.50666658456127,11.275333818048239,1.020516711101071
13700000,196,24,6,6,3,150,5,True,5.371333099901676,5.263333053638538,1.0205193259029044
13700000,197,24,3,3,3,150,5,True,4.451333079487085,6.120000034570694,0.7273420023435241
13700000,198,24,5,5,3,150,5,True,5.651333679755529,4.858667186150948,1.1631448426564353
13700000,199,24,8,8,3,150,5,True,8.843999821692705,8.806666204084951,1.0042392452197673
13700000,200,24,2,2,3,150,5,True,3.5206670872867107,6.518666632473469,0.5400900653130677
13700000,201,24,10,10,3,150,5,True,11.549333576112986,12.81666647021969,0.9011183682550037
13700000,202,24,1,1,3,150,5,True,4.239333017418781,7.503333811958631,0.5649932581517613
13700000,203,24,7,7,3,150,5,True,11.097333238770565,8.899999472002188,1.2468914491153396
13700000,204,24,2,2,3,150,5,True,3.8946668306986494,4.407999416192372,0.8835452238019715
13700000,205,24,7,7,3,150,5,True,7.09266634657979,7.162666879594326,0.9902270293744974
13700000,206,24,9,9,3,150,5,True,7.342666697998841,5.8473328438897925,1.2557292177529464
13700000,207,24,6,6,3,150,5,True,5.552667037894329,4.547333034376304,1.2210821147072448
13700000,208,24,5,5,3,150,5,True,8.61200038343668,8.996000202993551,0.9573143829599859
13700000,209,24,5,5,3,30,5,True,7.913331501185894,7.326668128371239,1.080072327903444
13700000,210,24,5,5,3,150,5,True,5.8933331941564875,5.484667296210925,1.0745106085519334
13700000,211,24,4,4,3,150,5,True,7.547333370894194,8.80333362147212,0.8573267463686223
13700000,212,24,6,6,3,150,5,True,6.348666890213886,5.709333345293999,1.1119804198237728
13700000,213,24,4,4,3,150,5,True,5.018000180522601,4.359999826798837,1.1509175183171685
13700000,214,24,6,6,3,150,5,True,7.6746668977042045,5.96533374240001,1.2865444297197837
13700000,215,24,6,6,3,150,5,True,7.270000254114469,5.046667065471411,1.4405547581798672
13700000,216,24,7,7,3,150,5,True,6.116666675855717,6.469999595234792,0.9453890353193674
13700000,217,24,4,4,3,150,5,True,4.824000255515178,5.2393328708906965,0.92072795800338
13700000,218,24,6,6,3,150,5,True,5.637333573152621,5.012666806578636,1.1246176517765296
13700000,219,24,2,2,3,150,5,True,6.3059998986621695,7.661333462844293,0.82309429934682
13700000,220,24,5,5,3,150,5,True,7.799333737542232,8.695332799106836,0.8969563233213294
13700000,221,24,8,8,3,150,5,True,11.31666669001182,9.779333292196194,1.1572022705313052
13700000,222,24,7,7,3,150,5,True,7.233333308249712,4.560666469236215,1.5860254980367146
13700000,223,24,6,6,3,150,5,True,9.776666605224213,5.788666506608328,1.6889324327223192
13700000,224,24,4,4,3,150,5,True,6.113999988883734,5.43400024374326,1.1251379673608644
13700000,225,24,2,2,3,150,5,True,3.5439998221894102,3.7559998842577142,0.9435569572414402
13700000,226,24,5,5,3,150,5,True,6.90266645203034,5.56066632270813,1.2413380072531732
13700000,227,24,8,8,3,150,5,True,8.400000321368378,7.929333951324225,1.0593576172896022
13700000,228,24,2,2,3,150,5,True,3.699333562205235,3.7706666626036167,0.9810820985302565
13700000,229,24,9,9,3,150,5,True,6.858666893094778,6.0513328450421495,1.1334142524839097
13700000,230,24,6,6,3,150,5,True,4.784666622678439,4.380666650831699,1.092223399780953
13700000,231,24,7,7,3,150,5,True,10.515333463748297,9.305333563437065,1.1300329420823363
13700000,232,24,6,6,3,150,5,True,9.52199955160419,9.052667301148176,1.0518446370382448
13700000,233,24,8,8,3,150,5,True,6.801999794940153,4.922666897376378,1.381771291200995
13700000,234,24,8,8,3,150,5,True,7.331333278367917,7.388000376522541,0.9923298463364052
13700000,235,24,7,7,3,150,5,True,10.13933370510737,9.407332787911098,1.0778117383215071
13700000,236,24,9,9,3,150,5,True,10.058000528564056,8.174666048338016,1.230386717829157
13700000,237,24,5,5,3,150,5,True,9.944666332254808,9.490666755785545,1.0478364258435797
13700000,238,24,5,5,3,150,5,True,5.897999896357457,7.453999326874813,0.7912530760624942
13700000,239,24,4,4,3,150,5,True,7.017999887466431,4.839333705604076,1.450199617219908
13700000,240,24,5,5,3,150,5,True,5.377333145588636,8.816667056332033,0.6099054337916384
13700000,241,24,3,3,3,150,5,True,8.54200062652429,8.164000076552233,1.0463008998563963
13700000,242,24,3,3,3,150,5,True,5.991333940376838,4.7719998595615225,1.2555184653604232
13700000,243,24,6,6,3,150,5,True,7.303999736905098,6.0533336363732815,1.206607825647807
13700000,244,24,12,12,3,150,5,True,20.80333341533939,12.837333294252554,1.6205338708977295
13700000,245,24,6,6,3,150,5,True,7.442000011603038,9.390666770438353,0.7924889886445888
13700000,246,24,11,11,3,150,5,True,8.447999910761911,7.207333110272884,1.1721395114540576
13700000,247,24,5,5,3,150,5,True,8.00466708218058,5.838666887332996,1.3709751278235665
13700000,248,24,6,6,3,150,5,True,5.565333024909099,5.13266616811355,1.0842967071350698
13700000,249,24,7,7,3,150,5,True,5.765332995603482,5.023999450107415,1.1475584447924685
13700000,250,24,5,5,3,150,5,True,6.193333150198062,5.653333694984516,1.0955187654485385
13700000,251,24,7,7,3,150,5,True,10.783333176126082,8.043999938915173,1.3405436670826654
13700000,252,24,8,8,3,150,5,True,8.656666614115238,5.410666732738415,1.599926042706751
13700000,253,24,7,7,3,150,5,True,6.669333670288324,9.229999656478565,0.7225713887873331
13700000,254,24,5,5,3,150,5,True,5.535333572576444,4.754666394243637,1.1641896851644402
13700000,255,24,7,7,3,150,5,True,6.142000202089548,5.1360003029306736,1.1958722429562236
13700000,256,24,7,7,3,150,5,True,9.541333032151064,8.825333788990974,1.0811299901260678
13700000,257,24,2,2,3,150,5,True,3.527333028614521,4.165333230048418,0.8468309337578542
13700000,258,24,9,9,3,150,5,True,7.279333658516407,8.582666826744873,0.8481435671990569
13700000,259,24,6,6,3,150,5,True,6.01133331656456,4.88466660802563,1.230653757758572
13700000,260,24,4,4,3,150,5,True,5.245332916577657,6.320000005265077,0.8299577392733964
13700000,261,24,3,3,3,150,5,True,3.6979994426170983,5.173333144436279,0.7148195059879634
13700000,262,24,6,6,3,150,5,True,5.326666869223118,5.019333524008592,1.0612299110518324
13700000,263,24,2,2,3,150,5,True,3.210000383357207,3.858666556576888,0.8318936959934864
13700000,264,24,6,6,3,150,5,True,7.379333643863598,6.316666646550099,1.1682322428545258
13700000,265,24,5,5,3,150,5,True,5.601999970773855,4.9753339650730295,1.1259545610606316
13700000,266,24,1,1,3,150,5,True,3.2220004747311277,5.177333174894253,0.6223282075712535
13700000,267,24,5,5,3,150,5,True,9.830666240304708,7.884000272800525,1.2469134830220772
13700000,268,24,4,4,3,150,5,True,8.553333270053068,8.088000273952881,1.0575337512782703
13700000,269,24,7,7,3,150,5,True,5.773333056519429,6.9686661784847574,0.8284703139237992
13700000,270,24,1,1,3,150,5,True,6.1026665692528095,6.422000005841255,0.9502750799909702
13700000,271,24,7,7,3,150,5,True,6.325333379209042,6.18466641753912,1.0227444703033626
13700000,272,24,6,6,3,150,5,True,5.6573329493403435,5.357999665041765,1.055866611237693
13700000,273,24,9,9,3,150,5,True,5.972667131572962,4.918000195175409,1.2144503648926626
13700000,274,24,4,4,3,150,5,True,6.830000008145968,4.941333706180254,1.3822179221782795
13700000,275,24,7,7,3,150,5,True,6.4286659471690655,5.317332688719034,1.2090020172722644
13700000,276,24,2,2,3,150,5,True,3.5906668441991014,4.4273328967392445,0.8110225564568789
13700000,277,24,6,6,3,150,5,True,7.231999964763721,5.826666795959076,1.2411898977609763
13700000,278,24,6,6,3,150,5,True,5.4533337242901325,5.444000319888194,1.0017144386211443
13700000,279,24,14,14,3,150,5,True,27.720666645715635,23.168666909138363,1.196472233574295
13700000,280,24,7,7,3,150,5,True,6.122000049799681,7.932667310039203,0.7717454685200237
13700000,281,24,11,11,3,150,5,True,9.471333275238672,7.833333996435006,1.209106273209993
13700000,282,24,2,2,3,150,5,True,6.0666670712331925,4.809333477169275,1.2614361428735799
13700000,283,24,6,6,3,150,5,True,5.754000352074702,5.325333525737127,1.0804957706903886
13700000,284,24,5,5,3,150,5,True,4.94133293007811,5.406666702280441,0.9139333349314723
13700000,285,24,6,6,3,150,5,True,7.495999646683534,5.434666915486257,1.3792932967655192
13700000,286,24,5,5,3,150,5,True,5.453332948187986,5.747333634644747,0.9488457247923571
13700000,287,24,8,8,3,150,5,True,6.446000188589096,5.662666323284308,1.1383330432315601
13700000,288,24,5,5,3,150,5,True,7.307333095620076,4.557999782264233,1.603188557413683
13700000,289,24,9,9,3,150,5,True,6.3413335010409355,5.533333557347457,1.1460240802979558
13700000,290,24,5,5,3,150,5,True,5.313333434363207,4.440000435958305,1.1966966019489604
13700000,291,24,1,1,3,150,5,True,6.042666112383206,4.276666635026534,1.4129383064120253
13700000,292,24,9,9,3,150,5,True,7.535333279520273,6.194666493684053,1.2164227545103734
13700000,293,24,10,10,3,150,5,True,9.794666742285091,7.585333660244942,1.2912637968214054
13700000,294,24,3,3,3,150,5,True,4.571333217124144,4.255333139250676,1.0742597741546298
13700000,295,24,8,8,3,150,5,True,8.356666658073664,5.470666413505872,1.527540892905276
13700000,296,24,9,9,3,150,5,True,7.091999674836794,5.428666869799296,1.3063980245851765
13700000,297,24,8,8,3,150,5,True,5.850000306963921,5.900666583329439,0.9914134656398549
13700000,298,24,5,5,3,150,5,True,9.176000021398067,6.80399981016914,1.3486185005008051
13700000,299,24,8,8,3,150,5,True,6.190667239328225,7.255333475768566,0.853257436064638
28900000,0,24,9,9,3,150,5,True,6.607999869932731,5.9233334225912895,1.1155880310114163
28900000,1,24,8,8,3,150,5,True,6.7053331683079405,5.422666824112336,1.2365379223543889
28900000,2,24,6,6,3,150,5,True,9.709999430924654,8.536000580837328,1.1375350011951573
28900000,3,24,3,3,3,150,5,True,5.8146667045851546,5.8613329504927,0.9920382878260443
28900000,4,24,5,5,3,150,5,True,8.637333133568365,9.156666540851196,0.9432835732342226
28900000,5,24,8,8,3,150,5,True,10.049333019802967,6.384666388233503,1.5739793450012032
28900000,6,24,3,3,3,150,5,True,4.726000285396974,4.212666147698958,1.121854929799839
28900000,7,24,6,6,3,150,5,True,10.016666880498331,8.728000490615766,1.1476473782589864
28900000,8,24,2,2,3,150,5,True,3.424666356295347,4.126666268954675,0.8298869191481406
28900000,9,24,3,3,3,150,5,True,4.373333261658748,4.129332955926657,1.0590895208345668
28900000,10,24,9,9,3,150,5,True,7.068000268191099,7.562666820983091,0.9345909895938416
28900000,11,24,2,2,3,150,5,True,4.8266661663850146,6.827999992916982,0.7068931123889794
28900000,12,24,5,5,3,150,5,True,4.641332974036534,4.85599972307682,0.9557935005597014
28900000,13,24,7,7,3,150,5,True,7.963333434114854,4.777999905248483,1.6666667208108108
28900000,14,24,7,7,3,150,5,True,8.839999791234732,4.905333432058493,1.802120062514299
28900000,15,24,6,6,3,150,5,True,8.61800042912364,9.72866623972853,0.8858357576222203
28900000,16,24,0,0,3,150,5,True,3.9840000681579117,7.694000378251077,0.5178060660641032
28900000,17,24,5,5,3,150,5,True,9.5426671517392,5.356000425914924,1.781677817941753
28900000,18,24,8,8,3,150,5,True,7.329999934881926,4.077333336075147,1.7977436061035434
28900000,19,24,5,5,3,150,5,True,6.0206667209664975,5.489333222309749,1.0967938139549087
28900000,20,24,4,4,3,150,5,True,4.2233336716890335,4.418666940182447,0.9557936203072711
28900000,21,24,5,5,3,150,5,True,8.63666646182537,4.958000499755144,1.7419656295419699
28900000,22,24,9,9,3,150,5,True,11.945333487043778,9.968666515002647,1.1982880026196367
28900000,23,24,5,5,3,150,5,True,5.362666367242733,5.58933320765694,0.9594465328880927
28900000,24,24,1,1,3,150,5,True,4.525332866857449,8.100667037069798,0.5586370660772607
28900000,25,24,2,2,3,150,5,True,5.081999891748032,4.284000024199486,1.1862744778339867
28900000,26,24,7,7,3,150,5,True,6.2846664028863115,5.5406661704182625,1.1342799240351789
28900000,27,24,6,6,3,150,5,True,5.441999528557062,6.783999657879273,0.8021815747346706
28900000,28,24,6,6,3,150,5,True,9.720666954914728,8.827333028117815,1.1012008863777276
28900000,29,24,7,7,3,150,5,True,5.905999957273404,5.149333737790585,1.1469444899113261
28900000,30,24,5,5,3,150,5,True,5.094666654864947,4.965333888928096,1.026047143823549
28900000,31,24,8,8,3,150,5,True,10.57399980102976,10.269333142787218,1.0296676185304718
28900000,32,24,4,4,3,150,5,True,7.476000270495812,7.691332915176948,0.9720032084092695
28900000,33,24,5,5,3,150,5,True,5.73333352804184,5.368667189031839,1.0679249292552557
28900000,34,24,10,10,3,150,5,True,14.009333681315184,12.054666876792908,1.1621502132327945
28900000,35,24,5,5,3,150,5,True,8.672000064204136,8.580666035413742,1.01064416543115
28900000,36,24,9,9,3,150,5,True,7.2199998733898,5.268000531941652,1.3705389415989087
28900000,37,24,1,1,3,150,5,True,4.095333473136027,4.107332788407803,0.9970785626853415
28900000,38,24,4,4,3,150,5,True,4.607999386886755,4.697333400448163,0.9809819729736695
28900000,39,24,6,6,3,150,5,True,8.771333377808332,9.913332760334015,0.8848016696165857
28900000,40,24,6,6,3,150,5,True,8.056000030289095,6.113999988883734,1.3176316723808046
28900000,41,24,4,4,3,150,5,True,7.776000226537386,8.05800004551808,0.965003745670423
28900000,42,24,8,8,3,150,5,True,6.308666585634152,5.2539996492366,1.2007360119543964
28900000,43,24,2,2,3,150,5,True,3.2293330878019333,4.115333625425895,0.7847074822439774
28900000,44,24,4,4,3,150,5,True,4.483999994893869,4.496000086267789,0.9973309405819248
28900000,45,24,5,5,3,150,5,True,8.681333468606075,5.336000273625056,1.626936473657326
28900000,46,24,4,4,3,150,5,True,3.6706666772564254,4.1253337015708285,0.8897866070467761
28900000,47,24,2,2,3,150,5,True,3.3900002017617226,4.117999536295732,0.823215294679497
28900000,48,24,4,4,3,150,5,True,4.98199990640084,3.9086669373015566,1.2746033331354358
28900000,49,24,4,4,3,150,5,True,4.375333276887734,4.404000161836545,0.9934907166450112
28900000,50,24,5,5,3,150,5,True,5.699333269149065,5.326666869223118,1.0699624003294015
28900000,51,24,7,7,3,150,5,True,7.312667245666186,6.619334065665801,1.1047436453761525
28900000,52,24,6,6,3,150,5,True,6.277333789815505,4.592000041157007,1.3670151858783213
28900000,53,24,4,4,3,150,5,True,5.321333495279154,4.075999992589156,1.3055283378199756
28900000,54,24,7,7,3,150,5,True,5.750666217257579,5.073333159089088,1.1335084917407838
28900000,55,24,8,8,3,150,5,True,11.001999955624342,8.611333711693684,1.2776185808110392
28900000,56,24,4,4,3,150,5,True,7.720666471868754,7.588000347216924,1.0174836740354776
28900000,57,24,1,1,3,150,5,True,5.84400026127696,7.284667032460371,0.8022329964068611
28900000,58,24,4,4,3,150,5,True,6.130000110715628,5.008000104377667,1.2240415301423777
28900000,59,24,3,3,3,150,5,True,8.460000002135834,7.047333444158236,1.2004540538873754
28900000,60,24,6,6,3,150,5,True,5.8613329504927,5.331332795321941,1.0994123187424756
28900000,61,24,11,11,3,150,5,True,15.10333347444733,13.181999480972689,1.1457543672527035
28900000,62,24,5,5,3,150,5,True,8.82533301288883,7.741999967644611,1.1399293528509025
28900000,63,24,8,8,3,150,5,True,6.836666725575924,5.204000044614077,1.3137330259348459
28900000,64,24,7,7,3,150,5,True,10.8260001676778,7.558666790525118,1.432263184461091
28900000,65,24,8,8,3,150,5,True,12.71066643918554,10.266667231917381,1.2380518577314132
28900000,66,24,7,7,3,150,5,True,7.611333082119624,6.856666877865791,1.1100631280031983
28900000,67,24,7,7,3,150,5,True,12.111999870588383,8.198667007188003,1.4773133071473021
28900000,68,24,2,2,3,150,5,True,3.7126662209630013,6.50199983889858,0.5710037393036781
28900000,69,24,6,6,3,150,5,True,9.327333730955917,8.49800029148658,1.0975915993201573
28900000,70,24,2,2,3,150,5,True,3.8160003411273165,3.650666524966558,1.0452886657902212
28900000,71,24,5,5,3,150,5,True,5.529332750787337,4.846666318674883,1.1408527815257357
28900000,72,24,4,4,3,150,5,True,8.207333739846945,8.073999391247828,1.0165140399618622
28900000,73,24,10,10,3,150,5,True,9.54333304738005,7.267333567142487,1.3131821952590634
28900000,74,24,3,3,3,150,5,True,4.97733320419987,4.750666363785664,1.047712641355345
28900000,75,24,3,3,3,150,5,True,5.074667278677225,5.441333632916212,0.93261461638358
28900000,76,24,1,1,3,150,5,True,5.823333437244098,7.765332702547312,0.7499142226493184
28900000,77,24,6,6,3,150,5,True,6.441332710285981,8.36200003201763,0.7703100556831475
28900000,78,24,5,5,3,150,5,True,4.534667047361532,5.841999469945828,0.7762183257102523
28900000,79,24,3,3,3,150,5,True,3.877333365380764,5.55400038138032,0.6981154301644361
28900000,80,24,9,9,3,150,5,True,7.754000059018533,6.224000050375859,1.2458226215069326
28900000,81,24,6,6,3,150,5,True,8.778666766981285,9.972666545460621,0.8802727662620161
28900000,82,24,3,3,3,150,5,True,4.1773333214223385,3.961999900639057,1.054349678491549
28900000,83,24,4,4,3,150,5,True,3.785332664847374,4.051999809841314,0.9341887567846693
28900000,84,24,3,3,3,150,5,True,6.1513336064914865,4.7613331116735935,1.2919351497188805
28900000,85,24,9,9,3,150,5,True,6.4333334254721795,5.051332991570234,1.27359123546364
28900000,86,24,6,6,3,150,5,True,5.636000229666631,5.292666610330343,1.0648696856639641
28900000,87,24,6,6,3,150,5,True,5.415332658837239,5.269999771068493,1.027577399256562
28900000,88,24,2,2,3,150,5,True,4.348667183270058,4.453999766459067,0.9763510128621428
28900000,89,24,5,5,3,150,5,True,5.181333981454372,6.522666662931442,0.7943582355511262
28900000,90,24,6,6,3,150,5,True,6.911999856432279,5.5026666571696605,1.2561182217764069
28900000,91,24,6,6,3,150,5,True,7.2673327910403405,5.3120000908772145,1.3680972640646596
28900000,92,24,3,3,3,150,5,True,5.680666460345189,6.228000080833833,0.9121172746652624
28900000,93,24,8,8,3,150,5,True,6.696666435648997,8.421333817144236,0.7952025867940132
28900000,94,24,7,7,3,150,5,True,11.034666871031126,9.95933311060071,1.1079724664782857
28900000,95,24,8,8,3,150,5,True,8.06533343469103,5.8793338636557255,1.3718107564104323
28900000,96,24,10,10,3,150,5,True,12.134000038107235,7.512000544617573,1.6152821030878883
28900000,97,24,1,1,3,150,5,True,2.939999879648288,4.748667124658823,0.6191210717595872
28900000,98,24,7,7,3,150,5,True,6.351332801083724,4.995333341260752,1.2714532478989153
28900000,99,24,7,7,3,150,5,True,6.255999517937501,5.603999986002842,1.1163453842903575
28900000,100,24,4,4,3,150,5,True,5.359999680270752,4.2366663304468,1.2651455796155382
28900000,101,24,7,7,3,150,5,True,12.042000113675991,10.109333476672571,1.1911764649433194
28900000,102,24,4,4,3,150,5,True,5.5726671901841955,4.437333748986324,1.2558593753416067
28900000,103,24,3,3,3,150,5,True,3.7406664341688156,5.6519995753963785,0.6618306290135346
28900000,104,24,4,4,3,150,5,True,9.33533301576972,8.602666979034742,1.0851673136389601
28900000,105,24,8,8,3,150,5,True,8.262666718413431,6.648666846255462,1.2427554139018075
28900000,106,24,7,7,3,150,5,True,7.024666604896386,10.361333067218464,0.6779693847620114
28900000,107,24,6,6,3,150,5,True,8.741333149373531,6.291333120316267,1.3894246230811733
28900000,108,24,4,4,3,150,5,True,5.493999924510717,6.96466692412893,0.7888388611201032
28900000,109,24,2,2,3,150,5,True,3.91933290908734,4.522666955987612,0.866597728116701
28900000,110,24,6,6,3,150,5,True,8.661333316316208,8.398000306139389,1.0313566326002999
28900000,111,24,1,1,3,150,5,True,4.541999660432339,6.749332727243503,0.6729553637352441
28900000,112,24,8,8,3,150,5,True,7.829999861617883,9.14666646470626,0.8560495664547377
28900000,113,24,10,10,3,150,5,True,8.860666615267593,9.579333321501812,0.9249773776405612
28900000,114,24,10,10,3,150,5,True,15.325999508301418,9.159999899566174,1.6731440694696156
28900000,115,24,6,6,3,150,5,True,4.781999935706456,5.269999771068493,0.9074004067246677
28900000,116,24,5,5,3,150,5,True,7.152666803449392,5.728000154097875,1.248719729578271
28900000,117,24,4,4,3,150,5,True,5.327999436606963,5.343333662798007,0.9971302136159294
28900000,118,24,5,5,3,150,5,True,4.941999601821104,5.235332840432723,0.9439704699677941
28900000,119,24,4,4,3,150,5,True,9.119999594986439,9.220666252076626,0.9890824963903757
28900000,120,24,10,10,3,150,5,True,6.5479994130631285,6.092667269210021,1.0747344510595842
28900000,121,24,7,7,3,150,5,True,9.021333729227385,4.563999827951193,1.9766288495407582
28900000,122,24,3,3,3,150,5,True,6.664000296344359,7.879333570599557,0.8457568443618106
28900000,123,24,12,12,3,150,5,True,12.956000088403622,13.203332976748545,0.9812673899249165
28900000,124,24,8,8,3,150,5,True,5.720666764924924,4.843332959959904,1.181142575209672
28900000,125,24,7,7,3,150,5,True,8.295332857718071,9.232666343450546,0.8984764042299223
28900000,126,24,7,7,3,150,5,True,5.997333209961653,6.3846671643356485,0.9393337280700208
28900000,127,24,8,8,3,150,5,True,7.2673327910403405,5.738666901985804,1.2663799650970435
28900000,128,24,2,2,3,150,5,True,6.8899996889134245,7.801332976669073,0.8831823624909856
28900000,129,24,8,8,3,150,5,True,6.43933347115914,6.453999473402898,0.9977276102509464
28900000,130,24,6,6,3,150,5,True,4.765999813874562,4.94800042361021,0.9632173415209906
28900000,131,24,7,7,3,150,5,True,5.481333161393802,5.0053334174056845,1.0950985087892173
28900000,132,24,4,4,3,150,5,True,4.731999554981788,4.747333781172832,0.9967699287857414
28900000,133,24,2,2,3,150,5,True,3.2720000793536506,3.7406664341688156,0.8747104658853915
28900000,134,24,3,3,3,150,5,True,5.316666793078184,4.1853333823382854,1.27030903093981
28900000,135,24,2,2,3,150,5,True,3.3906668735047183,4.265999887138605,0.7948117588392597
28900000,136,24,6,6,3,150,5,True,4.835332899043958,5.092666639635961,0.9494697456556085
28900000,137,24,2,2,3,150,5,True,4.276666635026534,4.248000526179871,1.0067481415480055
28900000,138,24,5,5,3,150,5,True,9.495333457986513,8.170000122239191,1.1622195001123308
28900000,139,24,5,5,3,150,5,True,9.091999381780624,8.253333314011496,1.1016154365588682
28900000,140,24,7,7,3,150,5,True,5.471999756991863,4.685333309074243,1.1678997834356966
28900000,141,24,7,7,3,150,5,True,5.555332948764165,5.712666704008977,0.9724587896692101
28900000,142,24,5,5,3,150,5,True,6.584666358927886,5.739332797626654,1.147287775619284
28900000,143,24,6,6,3,150,5,True,4.38800004000465,5.093333311378956,0.8615183361751471
28900000,144,24,11,11,3,150,5,True,11.605333226422468,11.116666719317436,1.0439580064279408
28900000,145,24,6,6,3,150,5,True,8.455333299934864,7.77933280915022,1.0868969752765325
28900000,146,24,5,5,3,150,5,True,5.778000534822543,4.279999993741512,1.350000126932594
28900000,147,24,0,0,3,150,5,True,5.398666641364495,7.035333352784316,0.7673647246903957
28900000,148,24,2,2,3,150,5,True,4.10400020579497,4.015332863976558,1.0220821896520431
28900000,149,24,2,2,3,150,5,True,3.8173336846133075,4.976666532456875,0.7670463069440923
28900000,150,24,6,6,3,150,5,True,10.272666501502197,9.237333821753662,1.1120813320950202
28900000,151,24,9,9,3,150,5,True,7.098667168368896,7.394666317850351,0.9599712635082766
28900000,152,24,6,6,3,150,5,True,6.38666640346249,4.920666882147391,1.2979269998206693
28900000,153,24,8,8,3,150,5,True,6.885333762814601,5.767333010832469,1.1938505631428342
28900000,154,24,8,8,3,150,5,True,8.766666675607365,6.122666721542676,1.4318379677211146
28900000,155,24,11,11,3,150,5,True,10.4613338286678,9.810000192373991,1.0663948647829933
28900000,156,24,4,4,3,150,5,True,5.018000180522601,4.513332775483528,1.1118170164142187
28900000,157,24,7,7,3,150,5,True,6.640666785339515,5.273999801526466,1.2591329228752512
28900000,158,24,8,8,3,150,5,True,12.703333826114735,11.552666934827963,1.0996018406639805
28900000,159,24,6,6,3,150,5,True,5.148666289945443,6.407333227495353,0.8035583771187866
28900000,160,24,4,4,3,150,5,True,4.56733318666617,4.539333749562502,1.0061681820831894
28900000,161,24,6,6,3,150,5,True,8.596666157245636,6.189999791483085,1.3887991028810567
28900000,162,24,7,7,3,150,5,True,6.315999974807103,6.707333183536927,0.9416559162901961
28900000,163,24,9,9,3,150,5,True,13.927999728669723,10.180666577070951,1.3680832805229641
28900000,164,24,9,9,3,150,5,True,9.631332941353321,7.781333600481351,1.2377483649791765
28900000,165,24,6,6,3,150,5,True,5.623333466549714,4.6579997676114235,1.207242109724987
28900000,166,24,6,6,3,150,5,True,5.151999648660421,4.49133338406682,1.1470980237043504
28900000,167,24,3,3,3,150,5,True,7.945999968796968,6.062000369032225,1.3107884336974258
28900000,168,24,7,7,3,150,5,True,10.31133346259594,8.997332770377398,1.1460433581543996
28900000,169,24,4,4,3,150,5,True,4.269999917596579,4.822666912029187,0.8854022049389125
28900000,170,24,4,4,3,150,5,True,4.075999992589156,4.797333385795355,0.8496386773239425
28900000,171,24,3,3,3,150,5,True,3.9013335481286044,4.285333367685476,0.9103920776729976
28900000,172,24,6,6,3,150,5,True,5.47333387658,5.481333161393802,0.9985406315255306
28900000,173,24,3,3,3,150,5,True,3.9706666332980003,4.340666346251965,0.9147596973737804
28900000,174,24,9,9,3,150,5,True,8.174000152697165,7.170000268767278,1.1400278725655477
28900000,175,24,8,8,3,150,5,True,12.11533322930336,7.198666377613942,1.6829969043959345
28900000,176,24,4,4,3,150,5,True,9.025999655326208,7.990666975577673,1.1295677423315076
28900000,177,24,10,10,3,150,5,True,8.267333420614401,7.1126664988696575,1.1623395279292572
28900000,178,24,5,5,3,150,5,True,6.976000343759854,7.945333297053972,0.877999711647901
28900000,179,24,5,5,3,150,5,True,6.486666388809681,5.449999589473009,1.1902141059494855
28900000,180,24,4,4,3,150,5,True,4.879333234081666,4.604666804273923,1.0596495775878518
28900000,181,24,9,9,3,150,5,True,11.099999925742546,9.608666878193617,1.1552070715380334
28900000,182,24,6,6,3,150,5,True,10.622666062166294,11.078666429966688,0.9588397781733947
28900000,183,24,5,5,3,150,5,True,9.419332879285019,7.01133394613862,1.3434437657148772
28900000,184,24,1,1,3,150,5,True,6.97133286545674,10.366666441162426,0.6724758537398293
28900000,185,24,8,8,3,150,5,True,17.790666315704584,17.256000234435003,1.0309843575571258
28900000,186,24,7,7,3,30,5,True,17.65999865407745,16.273333070178825,1.0852109139485209
28900000,187,24,5,5,3,150,5,True,25.611333549022675,16.006000029544037,1.6001083032455965
28900000,188,24,2,2,3,150,5,True,10.242000377426544,11.59933318073551,0.8829818247170225
28900000,189,24,8,8,3,30,5,True,21.67000202462077,18.82999980201324,1.1508232741618982
28900000,190,24,5,5,3,150,5,True,13.003333006054163,10.156667170425257,1.2802755852744674
28900000,191,24,8,8,3,150,5,True,11.792000538359087,8.492000245799622,1.388601059472618
28900000,192,24,5,5,3,150,5,True,9.265999930600325,7.242000040908654,1.2794807895965876
28900000,193,24,7,7,3,150,5,True,8.361333360274633,8.651999911914269,0.9664046978041029
28900000,194,24,7,7,3,150,5,True,8.06266674771905,8.374666019032398,0.9627448699919143
28900000,195,24,5,5,3,150,5,True,10.466000530868769,9.795332637925942,1.068468107999325
28900000,196,24,4,4,3,150,5,True,9.95933311060071,10.23066695779562,0.9734783813885998
28900000,197,24,3,3,3,150,5,True,11.723333348830542,9.180666723599035,1.2769588202886775
28900000,198,24,10,10,3,150,5,True,15.409332700073719,12.575332851459583,1.2253618160321857
28900000,199,24,9,9,3,150,5,True,11.211333330720663,6.533333410819372,1.7160203874111797
28900000,200,24,4,4,3,150,5,True,8.368000077704588,6.373332968602578,1.3129707986274193
28900000,201,24,3,3,3,150,5,True,4.05133313809832,3.916666998217503,1.0343828413143379
28900000,202,24,9,9,3,150,5,True,11.101333269228538,8.60000029206276,1.2908526618858778
28900000,203,24,3,3,3,150,5,True,6.630000037451586,5.763333756476641,1.150375861887404
28900000,204,24,6,6,3,150,5,True,4.969999815026919,4.3566664680838585,1.1407804227007572
28900000,205,24,5,5,3,150,5,True,7.055332728972037,6.82066660374403,1.0344051599148965
28900000,206,24,6,6,3,150,5,True,5.053333006799221,5.617999316503604,0.8994897866851636
28900000,207,24,5,5,3,150,5,True,4.579999949783087,5.1326669442156945,0.8923236203635927
28900000,208,24,5,5,3,150,5,True,6.766000296920538,6.277333789815505,1.077846188121756
28900000,209,24,8,8,3,150,5,True,5.480667265752952,8.075999406476816,0.6786364126472754
28900000,210,24,3,3,3,150,5,True,7.614000545193752,7.990000303834677,0.9529412084677307
28900000,211,24,9,9,3,150,5,True,6.893333047628403,5.906000733375549,1.1671744313666124
28900000,212,24,3,3,3,150,5,True,4.612000193446875,4.649333034952481,0.9919702802047201
28900000,213,24,1,1,3,150,5,True,4.486666681865851,6.565333654483159,0.6833874587321418
28900000,214,24,6,6,3,150,5,True,7.448000057289998,5.626000153521697,1.323853511206854
28900000,215,24,8,8,3,150,5,True,9.984666636834541,8.72333301231265,1.1445930841733964
28900000,216,24,10,10,3,150,5,True,10.862000441799562,11.03466609492898,0.9843524351671351
28900000,217,24,7,7,3,150,5,True,13.581333526720602,8.359333345045645,1.624690985049651
28900000,218,24,2,2,3,150,5,True,7.801333752771219,8.900000248104334,0.8765543298083474
28900000,219,24,3,3,3,150,5,True,4.709333491822084,8.508666263272366,0.5534749332160211
28900000,220,24,5,5,3,150,5,True,7.599999662488699,9.447999764233828,0.8044030326142806
28900000,221,24,5,5,3,150,5,True,9.594000099847714,9.962666469315687,0.9629952111110575
28900000,222,24,8,8,3,150,5,True,7.021333246181409,5.9913331642746925,1.171915006838283
28900000,223,24,6,6,3,150,5,True,9.28866599376003,9.666667319834232,0.9608964171862404
28900000,224,24,5,5,3,150,5,True,6.171332982679208,8.380000169078508,0.7364359019288453
28900000,225,24,7,7,3,150,5,True,8.731999744971594,7.4899996009965735,1.1658211228488942
28900000,226,24,5,5,3,150,5,True,9.899332653731108,10.237999570866426,0.9669205966662628
28900000,227,24,6,6,3,150,5,True,5.581333146740993,9.349333122372627,0.5969766050356102
28900000,228,24,9,9,3,150,5,True,8.522666369875273,6.528000036875406,1.3055555027163577
28900000,229,24,4,4,3,150,5,True,5.34600034976999,5.692666551719109,0.9391030198590448
28900000,230,24,6,6,3,150,5,True,12.901333005477985,7.714667202283938,1.6723123197924243
28900000,231,24,7,7,3,150,5,True,10.732666899760563,11.636000126600266,0.9223673756435724
28900000,232,24,6,6,3,150,5,True,10.945999529212713,10.331333614885807,1.05949531176123
28900000,233,24,7,7,3,150,5,True,9.107332831869522,7.052000146359205,1.2914538631385934
28900000,234,24,2,2,3,150,5,True,8.08599948262175,5.940000216166179,1.361279324639596
28900000,235,24,4,4,3,150,5,True,7.920667218665282,6.151332830389341,1.2876343122802465
28900000,236,24,5,5,3,150,5,True,5.79133319358031,7.4980004380146665,0.7723836830174617
28900000,237,24,5,5,3,150,5,True,4.824000255515178,4.896000027656555,0.9852941642698806
28900000,238,24,2,2,3,150,5,True,4.607333491245906,4.256666482736667,1.082380663350395
28900000,239,24,10,10,3,150,5,True,14.176000064859787,8.991999396433432,1.5765125685487176
28900000,240,24,5,5,3,150,5,True,5.279333175470431,4.630666226148605,1.1400806963064865
28900000,241,24,7,7,3,150,5,True,8.08400024349491,10.749332917233309,0.7520466903145828
28900000,242,24,6,6,3,150,5,True,7.317333171765009,6.611999900390704,1.106674725045387
28900000,243,24,5,5,3,150,5,True,4.648667139311631,6.839332636445761,0.6796960151549865
28900000,244,24,7,7,3,150,5,True,10.361999738961458,4.998666699975729,2.072952721375036
28900000,245,24,7,7,3,150,5,True,9.332000433156887,7.488000361869733,1.2462606813799235
28900000,246,24,9,9,3,150,5,True,9.6946667569379,8.039333236714205,1.2059043295610739
28900000,247,24,7,7,3,150,5,True,5.841333574304978,6.194666493684053,0.942961752704633
28900000,248,24,4,4,3,150,5,True,7.58266697327296,7.456000118205945,1.0169885800776373
28900000,249,24,3,3,3,150,5,True,6.142666097730398,5.543333633492391,1.1081176966540291
28900000,250,24,5,5,3,150,5,True,5.92000006387631,5.188667370627323,1.1409480779957122
28900000,251,24,7,7,3,150,5,True,9.365999915947516,7.713333082695803,1.2142610484382332
28900000,252,24,5,5,3,150,5,True,5.911333331217368,6.336000127096971,0.9329755701766098
28900000,253,24,1,1,3,150,5,True,3.119999698052804,4.026667059709628,0.7748342864676262
28900000,254,24,7,7,3,150,5,True,7.726666517555714,7.380000315606594,1.0469737380926691
28900000,255,24,6,6,3,150,5,True,8.572000078856945,4.938000347465277,1.7359253697211738
28900000,256,24,10,10,3,150,5,True,11.470666310439507,8.664666675031185,1.3238439216010838
28900000,257,24,7,7,3,150,5,True,9.98666665206353,9.399333503097296,1.0624866804409796
28900000,258,24,3,3,3,150,5,True,7.7693335091074305,9.016000355283419,0.861727285154172
28900000,259,24,9,9,3,150,5,True,8.018666412681341,6.285999746372302,1.2756389971712891
28900000,260,24,12,12,3,150,5,True,12.783333659172058,10.849333678682646,1.1782597934368486
28900000,261,24,0,0,3,150,5,True,2.851999985675017,5.746666962901751,0.4962876749403473
28900000,262,24,5,5,3,150,5,True,5.2659997406105195,4.952000454068184,1.0634085738591517
28900000,263,24,3,3,3,150,5,True,4.893333340684572,4.496666758010785,1.0882134710043008
28900000,264,24,7,7,3,150,5,True,8.025999801854294,6.4826663583517075,1.2380707810936913
28900000,265,24,8,8,3,150,5,True,12.563333536187807,8.139333222061396,1.543533504947961
28900000,266,24,7,7,3,150,5,True,6.762666938205561,5.423333495855331,1.2469576033584855
28900000,267,24,2,2,3,150,5,True,3.7646666169166565,5.140000333388647,0.7324253643452053
28900000,268,24,7,7,3,150,5,True,6.347333546727896,7.0339992331961785,0.9023790501386977
28900000,269,24,2,2,3,150,5,True,3.3513340167701244,3.8279996563990917,0.8754791843222486
28900000,270,24,10,10,3,150,5,True,9.181333395342032,8.216000472505886,1.1174942633056737
28900000,271,24,4,4,3,150,5,True,5.045332945883274,6.726666664083798,0.7500494967027581
28900000,272,24,3,3,3,150,5,True,5.610666703432798,4.311332789560159,1.301376390386509
28900000,273,24,8,8,3,150,5,True,6.483333806196848,5.834000185132027,1.1113016113231622
28900000,274,24,4,4,3,150,5,True,7.383333674321572,6.611334004749854,1.1167691223914995
28900000,275,24,2,2,3,150,5,True,3.872666663179795,3.9253329547743,0.9865829746925167
28900000,276,24,6,6,3,150,5,True,6.187333104511102,5.15000040953358,1.2014238082500406
28900000,277,24,5,5,3,150,5,True,5.068667232990265,5.964667070657015,0.8497820872392707
28900000,278,24,2,2,3,150,5,True,3.9186662373443446,5.973999698956808,0.6559535377995801
28900000,279,24,6,6,3,150,5,True,6.160000339150429,7.682666182518006,0.8018050235174319
28900000,280,24,6,6,3,150,5,True,8.512666293730339,7.823333144187927,1.088112462659797
28900000,281,24,3,3,3,150,5,True,6.150000263005495,4.284000024199486,1.4355742829751017
28900000,282,24,5,5,3,150,5,True,5.987999805559714,6.044000231971343,0.9907345426435625
28900000,283,24,6,6,3,150,5,True,9.25333316748341,4.894000012427568,1.8907505402505063
28900000,284,24,7,7,3,150,5,True,7.464666850864887,5.02266688272357,1.4861958846088412
28900000,285,24,6,6,3,150,5,True,9.073333349078894,8.407332934439182,1.079216610051394
28900000,286,24,8,8,3,150,5,True,6.763333609948555,7.793999587496122,0.8677616073779295
28900000,287,24,6,6,3,150,5,True,7.7886662135521565,6.797333092739184,1.1458414803699852
28900000,288,24,7,7,3,150,5,True,8.626666385680437,5.787999834865332,1.4904399847622236
28900000,289,24,6,6,3,150,5,True,6.013333331793547,5.674666414658229,1.0596804979162313
28900000,290,24,2,2,3,150,5,True,6.461333638677995,8.338000625371933,0.7749260199161684
28900000,291,24,6,6,3,150,5,True,8.640666492283344,5.091333296149969,1.6971323599689214
28900000,292,24,6,6,3,150,5,True,6.332000096638997,4.44400046641628,1.4248423564512434
28900000,293,24,5,5,3,150,5,True,6.19000056758523,4.370667350788911,1.416259822763205
28900000,294,24,6,6,3,150,5,True,4.964666441082954,6.082666416962941,0.8161990319307694
28900000,295,24,7,7,3,150,5,True,10.420000180602074,9.413999505341053,1.106862197590967
28900000,296,24,7,7,3,150,5,True,6.128000095486641,6.917333230376244,0.8858905435662133
28900000,297,24,2,2,3,150,5,True,4.0713332903881865,4.244000495721897,0.9593149893578559
28900000,298,24,8,8,3,150,5,True,9.840000420808792,7.580000286300977,1.2981530407844735
28900000,299,24,7,7,3,150,5,True,5.077999861290058,5.79733323926727,0.8759199534874195
