cm_time_s,cm_tt_extract_time_s,cm_eval_repeat,bitset_cached_exec_only_time_s,cm_hybrid_no_reinflate_cached_exec_only_time_s,cm_no_reinflate_time_s,cm_persistent_cache_no_reinflate_time_s,cm_cached_exec_s_per_eval,cm_ok,correctness_reference,tt_ref_available,tt_ref_source,cm_nodes,pair_attempts,pair_collapses,pairable_ratio,pair_nodes_total,cm_hybrid_time_s,cm_hybrid_tt_extract_time_s,cm_hybrid_ok,cm_partial_hybrid_time_s,cm_partial_hybrid_tt_extract_time_s,cm_partial_hybrid_ok,cm_hybrid_no_reinflate_time_s,cm_hybrid_no_reinflate_tt_extract_time_s,cm_hybrid_no_reinflate_ok,cm_hybrid_no_reinflate_declined,cm_parallel_time_s,cm_parallel_tt_extract_time_s,cm_parallel_ok,bitset_time_s,bitset_extract_time_s,bitset_ok,bitset_baseline_kind,cm_time_excludes_tt_extract,cm_hybrid_time_excludes_tt_extract,cm_partial_hybrid_time_excludes_tt_extract,cm_hybrid_no_reinflate_time_excludes_tt_extract,cm_parallel_time_excludes_tt_extract,bitset_time_excludes_tt_extract,numba_compile_time_s,numba_time_s,numba_ok,bdd_time_s,bdd_nodes,custom_tt_robdd_time_s,custom_tt_robdd_nodes,custom_tt_robdd_ok,dd_time_s,dd_nodes,robdd_build_time_s,robdd_reorder_time_s,robdd_total_build_plus_reorder_time_s,robdd_node_count,robdd_backend,robdd_backend_module,robdd_backend_class,robdd_is_cudd,robdd_is_autoref,robdd_cudd_available,robdd_backend_preference,robdd_order_policy,robdd_order_seed,robdd_order_sweeps,robdd_order_used,robdd_best_time_s,robdd_median_time_s,robdd_worst_time_s,robdd_best_nodes,robdd_median_nodes,robdd_worst_nodes,robdd_dynamic_reordering_requested,robdd_dynamic_reordering_available,robdd_dynamic_reordering_used,robdd_reorder_method,robdd_nodes_before_reorder,robdd_nodes_after_reorder,robdd_status,robdd_error,robdd_tt_extract_time_s,robdd_tt_extract_elements,robdd_tt_extract_ok,robdd_total_build_plus_extract_time_s,robdd_tt_extract_status,robdd_extract_method,robdd_tt_extract_error,robdd_ok,robdd_correctness_mode,robdd_timeout_or_error,robdd_nodes_per_expr_node,robdd_nodes_per_used_var,robdd_log2_nodes,ratio_robdd_build_over_bitset,ratio_robdd_build_extract_over_bitset,ratio_robdd_build_over_cm_no_reinflate,ratio_robdd_build_extract_over_cm_no_reinflate,ratio_robdd_build_over_cm_cached_exec,ratio_robdd_build_extract_over_cm_cached_exec,sympy_time_s,sympy_ok,bdd_sop_time_s,bdd_sop_ok,espresso_time_s,espresso_ok,cm_layout,cm_compare_hybrid,cm_compare_no_reinflate,cm_use_persistent_cache,cm_exec_target,cm_report_ir_breakdown,cm_compile_once_per_expression,cm_reuse_compiled_ir,cm_hybrid_threshold,sampled_correctness_samples,sampled_correctness_mismatches,sampled_correctness_mismatch_rate,cm_live_vars_max,cm_materializations,cm_final_repr,cm_final_cm_materialized,cm_subtree_cache_hits,cm_hybrid_subtree_cache_hits,cm_partial_hybrid_subtree_cache_hits,cm_parallel_subtree_cache_hits,cm_hybrid_no_reinflate_subtree_cache_hits,cm_subtree_cache_misses,cm_hybrid_subtree_cache_misses,cm_partial_hybrid_subtree_cache_misses,cm_parallel_subtree_cache_misses,cm_hybrid_no_reinflate_subtree_cache_misses,cm_canonical_rewrites,cm_hybrid_canonical_rewrites,cm_partial_hybrid_canonical_rewrites,cm_parallel_canonical_rewrites,cm_hybrid_no_reinflate_canonical_rewrites,cm_pruned_branches,cm_hybrid_pruned_branches,cm_partial_hybrid_pruned_branches,cm_parallel_pruned_branches,cm_hybrid_no_reinflate_pruned_branches,cm_hybrid_materializations,cm_partial_hybrid_materializations,cm_parallel_materializations,cm_hybrid_no_reinflate_materializations,cm_hybrid_live_vars_max,cm_partial_hybrid_live_vars_max,cm_parallel_live_vars_max,cm_hybrid_no_reinflate_live_vars_max,cm_bitset_materializations,cm_hybrid_bitset_materializations,cm_partial_hybrid_bitset_materializations,cm_parallel_bitset_materializations,cm_hybrid_no_reinflate_bitset_materializations,cm_numpy_materializations,cm_hybrid_numpy_materializations,cm_partial_hybrid_numpy_materializations,cm_parallel_numpy_materializations,cm_hybrid_no_reinflate_numpy_materializations,cm_bitset_nodes,cm_hybrid_bitset_nodes,cm_partial_hybrid_bitset_nodes,cm_parallel_bitset_nodes,cm_hybrid_no_reinflate_bitset_nodes,cm_numpy_nodes,cm_hybrid_numpy_nodes,cm_partial_hybrid_numpy_nodes,cm_parallel_numpy_nodes,cm_hybrid_no_reinflate_numpy_nodes,cm_materialization_live_vars_total,cm_hybrid_materialization_live_vars_total,cm_partial_hybrid_materialization_live_vars_total,cm_parallel_materialization_live_vars_total,cm_hybrid_no_reinflate_materialization_live_vars_total,cm_hybrid_depth_max,cm_hybrid_hybrid_depth_max,cm_partial_hybrid_hybrid_depth_max,cm_parallel_hybrid_depth_max,cm_hybrid_no_reinflate_hybrid_depth_max,cm_full_collapse_occurred,cm_hybrid_full_collapse_occurred,cm_partial_hybrid_full_collapse_occurred,cm_parallel_full_collapse_occurred,cm_hybrid_no_reinflate_full_collapse_occurred,cm_decision_bitset_k_le_threshold,cm_hybrid_decision_bitset_k_le_threshold,cm_partial_hybrid_decision_bitset_k_le_threshold,cm_parallel_decision_bitset_k_le_threshold,cm_hybrid_no_reinflate_decision_bitset_k_le_threshold,cm_decision_numpy_k_gt_threshold,cm_hybrid_decision_numpy_k_gt_threshold,cm_partial_hybrid_decision_numpy_k_gt_threshold,cm_parallel_decision_numpy_k_gt_threshold,cm_hybrid_no_reinflate_decision_numpy_k_gt_threshold,cm_decision_numpy_root_forced,cm_hybrid_decision_numpy_root_forced,cm_partial_hybrid_decision_numpy_root_forced,cm_parallel_decision_numpy_root_forced,cm_hybrid_no_reinflate_decision_numpy_root_forced,cm_decision_numpy_mode_forced,cm_hybrid_decision_numpy_mode_forced,cm_partial_hybrid_decision_numpy_mode_forced,cm_parallel_decision_numpy_mode_forced,cm_hybrid_no_reinflate_decision_numpy_mode_forced,cm_decision_bitset_fixed_var_reduction_helped,cm_hybrid_decision_bitset_fixed_var_reduction_helped,cm_partial_hybrid_decision_bitset_fixed_var_reduction_helped,cm_parallel_decision_bitset_fixed_var_reduction_helped,cm_hybrid_no_reinflate_decision_bitset_fixed_var_reduction_helped,cm_decision_cache_hit,cm_hybrid_decision_cache_hit,cm_partial_hybrid_decision_cache_hit,cm_parallel_decision_cache_hit,cm_hybrid_no_reinflate_decision_cache_hit,cm_final_cm_materialization_performed,cm_hybrid_final_cm_materialization_performed,cm_partial_hybrid_final_cm_materialization_performed,cm_parallel_final_cm_materialization_performed,cm_hybrid_no_reinflate_final_cm_materialization_performed,cm_final_bitset_returned,cm_hybrid_final_bitset_returned,cm_partial_hybrid_final_bitset_returned,cm_parallel_final_bitset_returned,cm_hybrid_no_reinflate_final_bitset_returned,cm_final_output_elements,cm_hybrid_final_output_elements,cm_partial_hybrid_final_output_elements,cm_parallel_final_output_elements,cm_hybrid_no_reinflate_final_output_elements,cm_final_output_nominal_elements,cm_hybrid_final_output_nominal_elements,cm_partial_hybrid_final_output_nominal_elements,cm_parallel_final_output_nominal_elements,cm_hybrid_no_reinflate_final_output_nominal_elements,cm_final_output_vars_count,cm_hybrid_final_output_vars_count,cm_partial_hybrid_final_output_vars_count,cm_parallel_final_output_vars_count,cm_hybrid_no_reinflate_final_output_vars_count,cm_final_output_reduced,cm_hybrid_final_output_reduced,cm_partial_hybrid_final_output_reduced,cm_parallel_final_output_reduced,cm_hybrid_no_reinflate_final_output_reduced,cm_large_n_output_guard_triggered,cm_hybrid_large_n_output_guard_triggered,cm_partial_hybrid_large_n_output_guard_triggered,cm_parallel_large_n_output_guard_triggered,cm_hybrid_no_reinflate_large_n_output_guard_triggered,cm_final_output_representation_code,cm_hybrid_final_output_representation_code,cm_partial_hybrid_final_output_representation_code,cm_parallel_final_output_representation_code,cm_hybrid_no_reinflate_final_output_representation_code,cm_boundary_bitset_eval_calls,cm_hybrid_boundary_bitset_eval_calls,cm_partial_hybrid_boundary_bitset_eval_calls,cm_parallel_boundary_bitset_eval_calls,cm_hybrid_no_reinflate_boundary_bitset_eval_calls,cm_boundary_bitset_to_hypercube_calls,cm_hybrid_boundary_bitset_to_hypercube_calls,cm_partial_hybrid_boundary_bitset_to_hypercube_calls,cm_parallel_boundary_bitset_to_hypercube_calls,cm_hybrid_no_reinflate_boundary_bitset_to_hypercube_calls,cm_boundary_elements_converted,cm_hybrid_boundary_elements_converted,cm_partial_hybrid_boundary_elements_converted,cm_parallel_boundary_elements_converted,cm_hybrid_no_reinflate_boundary_elements_converted,cm_boundary_align_calls,cm_hybrid_boundary_align_calls,cm_partial_hybrid_boundary_align_calls,cm_parallel_boundary_align_calls,cm_hybrid_no_reinflate_boundary_align_calls,cm_boundary_align_transpose_calls,cm_hybrid_boundary_align_transpose_calls,cm_partial_hybrid_boundary_align_transpose_calls,cm_parallel_boundary_align_transpose_calls,cm_hybrid_no_reinflate_boundary_align_transpose_calls,cm_boundary_align_insert_axes_total,cm_hybrid_boundary_align_insert_axes_total,cm_partial_hybrid_boundary_align_insert_axes_total,cm_parallel_boundary_align_insert_axes_total,cm_hybrid_no_reinflate_boundary_align_insert_axes_total,cm_boundary_bitset_const_fastpath_calls,cm_hybrid_boundary_bitset_const_fastpath_calls,cm_partial_hybrid_boundary_bitset_const_fastpath_calls,cm_parallel_boundary_bitset_const_fastpath_calls,cm_hybrid_no_reinflate_boundary_bitset_const_fastpath_calls,cm_boundary_bitset_eval_time_s,cm_hybrid_boundary_bitset_eval_time_s,cm_partial_hybrid_boundary_bitset_eval_time_s,cm_parallel_boundary_bitset_eval_time_s,cm_hybrid_no_reinflate_boundary_bitset_eval_time_s,cm_boundary_bitset_to_hypercube_time_s,cm_hybrid_boundary_bitset_to_hypercube_time_s,cm_partial_hybrid_boundary_bitset_to_hypercube_time_s,cm_parallel_boundary_bitset_to_hypercube_time_s,cm_hybrid_no_reinflate_boundary_bitset_to_hypercube_time_s,cm_boundary_align_time_s,cm_hybrid_boundary_align_time_s,cm_partial_hybrid_boundary_align_time_s,cm_parallel_boundary_align_time_s,cm_hybrid_no_reinflate_boundary_align_time_s,cm_boundary_dispatch_time_s,cm_hybrid_boundary_dispatch_time_s,cm_partial_hybrid_boundary_dispatch_time_s,cm_parallel_boundary_dispatch_time_s,cm_hybrid_no_reinflate_boundary_dispatch_time_s,cm_final_cm_materialization_time_s,cm_hybrid_final_cm_materialization_time_s,cm_partial_hybrid_final_cm_materialization_time_s,cm_parallel_final_cm_materialization_time_s,cm_hybrid_no_reinflate_final_cm_materialization_time_s,cm_final_truth_table_materialization_time_s,cm_hybrid_final_truth_table_materialization_time_s,cm_partial_hybrid_final_truth_table_materialization_time_s,cm_parallel_final_truth_table_materialization_time_s,cm_hybrid_no_reinflate_final_truth_table_materialization_time_s,cm_materialization_avg_k,cm_hybrid_materialization_avg_k,cm_partial_hybrid_materialization_avg_k,cm_parallel_materialization_avg_k,n_vars,trial,expr_style,expr_depth_actual,expr_node_count,expr_leaf_count,expr_op_count,expr_unique_var_count,expr_vars_used,expr_vars_used_count,expr_vars_used_list,expr_uses_all_vars,expr_const_count,expr_not_count,expr_and_count,expr_or_count,expr_xor_count,expr_imp_count,expr_eqv_count,expr_simplified_const_if_available,expr_structural_hash_if_available,tt_true_count,tt_false_count,tt_density,tt_is_constant,tt_is_balancedish,expr_regeneration_attempts,expr_filter_reason
,,50,,,,,,,skipped,False,not_built,61,,,,,,,,,,,,,False,True,,,,,,,raw_ast_recursive,True,True,True,True,True,True,,,,,,,,,,,,,,,,,,False,False,False,auto,fixed,1011870,1,,,,,,,,False,False,False,sift,,,disabled,,,,,,skipped_flag_off,,,,,True,,,,,,,,,,,,,,,,balanced,False,True,True,local,False,False,False,7,0,,,0,0,-1,0,0,0,0,0,1,0,0,0,0,49,0,0,0,0,11,0,0,0,0,0,0,0,0,0,0,0,0,0,0,0,0,0,0,0,0,0,0,0,0,0,0,0,0,0,0,0,0,0,0,0,0,0,0,0,0,0,0,0,0,0,0,0,0,0,0,0,0,0,0,0,0,0,0,0,0,0,0,0,0,0,0,0,0,0,0,0,0,0,0,0,0,0,0,0,0,0,0,0,0,0,0,0,0,0,0,0,0,0,0,0,0,0,0,0,0,0,0,0,0,0,0,0,0,0,0,0,0,0,-1,-1,-1,-1,-1,0,0,0,0,0,0,0,0,0,0,0,0,0,0,0,0,0,0,0,0,0,0,0,0,0,0,0,0,0,0,0,0,0,0,0,0.0,0.0,0.0,0.0,0.0,0.0,0.0,0.0,0.0,0.0,0.0,0.0,0.0,0.0,0.0,0.0,0.0,0.0,0.0,0.0,0.0,0.0,0.0,0.0,0.0,0.0,0.0,0.0,0.0,0.0,,,,,24,0,ordinary,7,61,26,35,17,x0;x1;x2;x3;x5;x6;x8;x11;x12;x13;x16;x17;x18;x19;x20;x21;x22,17,x0;x1;x2;x3;x5;x6;x8;x11;x12;x13;x16;x17;x18;x19;x20;x21;x22,False,0,10,9,3,5,6,2,,aa510034c790f18b26ab65c36037fa3e,,,,,,0,
,,50,0.00028207199880853296,0.0016343039995990695,0.003952800063416362,0.003952800063416362,0.0016343039995990695,,skipped,False,not_built,63,,,,,,,,,,,0.003952800063416362,0.0,True,False,,,,0.0037370999343693256,,True,raw_ast_flat_matched_scope,True,True,True,True,True,True,,,,,,,,,,,,,,,,,,False,False,False,auto,fixed,1021046,1,,,,,,,,False,False,False,sift,,,disabled,,,,,,skipped_flag_off,,,,,True,,,,,,,,,,,,,,,,balanced,False,True,True,local,False,False,False,7,0,,,0,0,4,0,0,0,0,0,0,0,0,0,0,40,0,0,0,0,12,0,0,0,0,0,0,0,0,47,0,0,0,16,0,0,0,0,0,0,0,0,0,47,0,0,0,0,0,0,0,0,0,47,0,0,0,0,130,0,0,0,0,0,0,0,0,0,0,0,0,0,0,0,0,0,0,0,1,0,0,0,0,0,0,0,0,0,0,0,0,0,0,0,0,0,0,0,10,0,0,0,0,0,0,0,0,0,0,0,0,0,0,65536,0,0,0,0,16777216,0,0,0,0,16,0,0,0,0,1,0,0,0,0,1,-1,-1,-1,-1,4,0,0,0,0,0,0,0,0,0,0,0,0,0,0,0,0,0,0,0,0,0,0,0,0,0,0,0,0,0,0,0,0,0,0,0,0.0,0.0,0.0,0.0,0.0,0.0,0.0,0.0,0.0,0.0,0.0,0.0,0.0,0.0,0.0,0.0,0.0,0.0,0.0,0.0,0.0,0.0,0.0,0.0,0.0,0.0,0.0,0.0,0.0,0.0,,,,,24,1,ordinary,7,63,26,37,16,x0;x4;x6;x7;x9;x10;x11;x13;x14;x15;x17;x18;x19;x20;x22;x23,16,x0;x4;x6;x7;x9;x10;x11;x13;x14;x15;x17;x18;x19;x20;x22;x23,False,0,12,7,2,5,8,3,,23e45bdd2a466eabf5fd21c72df019d3,,,,,,0,
,,50,1.2450001668184995e-05,0.00040545399999246,0.0008904000278562307,0.0008904000278562307,0.00040545399999246,,skipped,False,not_built,25,,,,,,,,,,,0.0008904000278562307,0.0,True,False,,,,0.00022449996322393417,,True,raw_ast_flat_matched_scope,True,True,True,True,True,True,,,,,,,,,,,,,,,,,,False,False,False,auto,fixed,1030222,1,,,,,,,,False,False,False,sift,,,disabled,,,,,,skipped_flag_off,,,,,True,,,,,,,,,,,,,,,,balanced,False,True,True,local,False,False,False,7,0,,,0,0,4,0,0,0,0,0,0,0,0,0,0,13,0,0,0,0,5,0,0,0,0,0,0,0,0,23,0,0,0,9,0,0,0,0,0,0,0,0,0,23,0,0,0,0,0,0,0,0,0,23,0,0,0,0,56,0,0,0,0,0,0,0,0,0,0,0,0,0,0,0,0,0,0,0,1,0,0,0,0,0,0,0,0,0,0,0,0,0,0,0,0,0,0,0,1,0,0,0,0,0,0,0,0,0,0,0,0,0,0,512,0,0,0,0,16777216,0,0,0,0,9,0,0,0,0,1,0,0,0,0,1,-1,-1,-1,-1,4,0,0,0,0,0,0,0,0,0,0,0,0,0,0,0,0,0,0,0,0,0,0,0,0,0,0,0,0,0,0,0,0,0,0,0,0.0,0.0,0.0,0.0,0.0,0.0,0.0,0.0,0.0,0.0,0.0,0.0,0.0,0.0,0.0,0.0,0.0,0.0,0.0,0.0,0.0,0.0,0.0,0.0,0.0,0.0,0.0,0.0,0.0,0.0,,,,,24,2,ordinary,7,25,10,15,9,x1;x7;x8;x10;x12;x13;x18;x19;x20,9,x1;x7;x8;x10;x12;x13;x18;x19;x20,False,0,6,1,3,0,2,3,,0d7cd2ff507dab13debb3d1364bdab91,,,,,,0,
,,50,9.576400043442845e-05,0.0007616100017912685,0.0030704999808222055,0.0030704999808222055,0.0007616100017912685,,skipped,False,not_built,54,,,,,,,,,,,0.0030704999808222055,0.0,True,False,,,,0.0009310999885201454,,True,raw_ast_flat_matched_scope,True,True,True,True,True,True,,,,,,,,,,,,,,,,,,False,False,False,auto,fixed,1039398,1,,,,,,,,False,False,False,sift,,,disabled,,,,,,skipped_flag_off,,,,,True,,,,,,,,,,,,,,,,balanced,False,True,True,local,False,False,False,7,0,,,0,0,4,0,0,0,0,0,0,0,0,0,0,28,0,0,0,0,11,0,0,0,0,0,0,0,0,37,0,0,0,13,0,0,0,0,0,0,0,0,0,37,0,0,0,0,0,0,0,0,0,37,0,0,0,0,106,0,0,0,0,0,0,0,0,0,0,0,0,0,0,0,0,0,0,0,1,0,0,0,0,0,0,0,0,0,0,0,0,0,0,0,0,0,0,0,9,0,0,0,0,0,0,0,0,0,0,0,0,0,0,8192,0,0,0,0,16777216,0,0,0,0,13,0,0,0,0,1,0,0,0,0,1,-1,-1,-1,-1,4,0,0,0,0,0,0,0,0,0,0,0,0,0,0,0,0,0,0,0,0,0,0,0,0,0,0,0,0,0,0,0,0,0,0,0,0.0,0.0,0.0,0.0,0.0,0.0,0.0,0.0,0.0,0.0,0.0,0.0,0.0,0.0,0.0,0.0,0.0,0.0,0.0,0.0,0.0,0.0,0.0,0.0,0.0,0.0,0.0,0.0,0.0,0.0,,,,,24,3,ordinary,7,54,24,30,14,x1;x2;x5;x7;x8;x9;x12;x14;x15;x18;x19;x20;x22;x23,14,x1;x2;x5;x7;x8;x9;x12;x14;x15;x18;x19;x20;x22;x23,False,0,7,3,2,7,10,1,,e79af50df769a0bad7898d8c30210798,,,,,,0,
,,50,0.0002550320001319051,0.0018109079985879361,0.0020346998935565352,0.0020346998935565352,0.0018109079985879361,,skipped,False,not_built,61,,,,,,,,,,,0.0020346998935565352,0.0,True,False,,,,0.0029353999998420477,,True,raw_ast_flat_matched_scope,True,True,True,True,True,True,,,,,,,,,,,,,,,,,,False,False,False,auto,fixed,1048574,1,,,,,,,,False,False,False,sift,,,disabled,,,,,,skipped_flag_off,,,,,True,,,,,,,,,,,,,,,,balanced,False,True,True,local,False,False,False,7,0,,,0,0,4,0,0,0,0,0,0,0,0,0,0,33,0,0,0,0,14,0,0,0,0,0,0,0,0,50,0,0,0,16,0,0,0,0,0,0,0,0,0,50,0,0,0,0,0,0,0,0,0,50,0,0,0,0,142,0,0,0,0,0,0,0,0,0,0,0,0,0,0,0,0,0,0,0,1,0,0,0,0,0,0,0,0,0,0,0,0,0,0,0,0,0,0,0,11,0,0,0,0,0,0,0,0,0,0,0,0,0,0,65536,0,0,0,0,16777216,0,0,0,0,16,0,0,0,0,1,0,0,0,0,1,-1,-1,-1,-1,4,0,0,0,0,0,0,0,0,0,0,0,0,0,0,0,0,0,0,0,0,0,0,0,0,0,0,0,0,0,0,0,0,0,0,0,0.0,0.0,0.0,0.0,0.0,0.0,0.0,0.0,0.0,0.0,0.0,0.0,0.0,0.0,0.0,0.0,0.0,0.0,0.0,0.0,0.0,0.0,0.0,0.0,0.0,0.0,0.0,0.0,0.0,0.0,,,,,24,4,ordinary,7,61,27,34,16,x4;x5;x6;x7;x8;x9;x10;x11;x12;x13;x14;x15;x17;x19;x20;x21,16,x4;x5;x6;x7;x8;x9;x10;x11;x12;x13;x14;x15;x17;x19;x20;x21,False,0,8,5,3,6,5,7,,7e65369b2bbb8f6c29ba2cc7d8f8d531,,,,,,0,
,,50,1.7715999856591225e-05,0.0007663280004635454,0.0012166999513283372,0.0012166999513283372,0.0007663280004635454,,skipped,False,not_built,37,,,,,,,,,,,0.0012166999513283372,0.0,True,False,,,,0.00039309996645897627,,True,raw_ast_flat_matched_scope,True,True,True,True,True,True,,,,,,,,,,,,,,,,,,False,False,False,auto,fixed,1057750,1,,,,,,,,False,False,False,sift,,,disabled,,,,,,skipped_flag_off,,,,,True,,,,,,,,,,,,,,,,balanced,False,True,True,local,False,False,False,7,0,,,0,0,4,0,0,0,0,0,0,0,0,0,0,19,0,0,0,0,7,0,0,0,0,0,0,0,0,31,0,0,0,12,0,0,0,0,0,0,0,0,0,31,0,0,0,0,0,0,0,0,0,31,0,0,0,0,95,0,0,0,0,0,0,0,0,0,0,0,0,0,0,0,0,0,0,0,1,0,0,0,0,0,0,0,0,0,0,0,0,0,0,0,0,0,0,0,4,0,0,0,0,0,0,0,0,0,0,0,0,0,0,4096,0,0,0,0,16777216,0,0,0,0,12,0,0,0,0,1,0,0,0,0,1,-1,-1,-1,-1,4,0,0,0,0,0,0,0,0,0,0,0,0,0,0,0,0,0,0,0,0,0,0,0,0,0,0,0,0,0,0,0,0,0,0,0,0.0,0.0,0.0,0.0,0.0,0.0,0.0,0.0,0.0,0.0,0.0,0.0,0.0,0.0,0.0,0.0,0.0,0.0,0.0,0.0,0.0,0.0,0.0,0.0,0.0,0.0,0.0,0.0,0.0,0.0,,,,,24,5,ordinary,7,37,16,21,12,x2;x3;x5;x6;x9;x12;x13;x14;x17;x20;x22;x23,12,x2;x3;x5;x6;x9;x12;x13;x14;x17;x20;x22;x23,False,0,6,3,2,3,3,4,,252196779f3f4139374092099f750632,,,,,,0,
,,50,,,,,,,skipped,False,not_built,67,,,,,,,,,,,,,False,True,,,,,,,raw_ast_recursive,True,True,True,True,True,True,,,,,,,,,,,,,,,,,,False,False,False,auto,fixed,1066926,1,,,,,,,,False,False,False,sift,,,disabled,,,,,,skipped_flag_off,,,,,True,,,,,,,,,,,,,,,,balanced,False,True,True,local,False,False,False,7,0,,,0,0,-1,0,0,0,0,0,0,0,0,0,0,34,0,0,0,0,8,0,0,0,0,0,0,0,0,0,0,0,0,0,0,0,0,0,0,0,0,0,0,0,0,0,0,0,0,0,0,0,0,0,0,0,0,0,0,0,0,0,0,0,0,0,0,0,0,0,0,0,0,0,0,0,0,0,0,0,0,0,0,0,0,0,0,0,0,0,0,0,0,0,0,0,0,0,0,0,0,0,0,0,0,0,0,0,0,0,0,0,0,0,0,0,0,0,0,0,0,0,0,0,0,0,0,0,0,0,0,0,0,0,-1,-1,-1,-1,-1,0,0,0,0,0,0,0,0,0,0,0,0,0,0,0,0,0,0,0,0,0,0,0,0,0,0,0,0,0,0,0,0,0,0,0,0.0,0.0,0.0,0.0,0.0,0.0,0.0,0.0,0.0,0.0,0.0,0.0,0.0,0.0,0.0,0.0,0.0,0.0,0.0,0.0,0.0,0.0,0.0,0.0,0.0,0.0,0.0,0.0,0.0,0.0,,,,,24,6,ordinary,7,67,30,37,18,x1;x2;x3;x5;x7;x8;x9;x10;x11;x12;x13;x14;x15;x17;x18;x19;x22;x23,18,x1;x2;x3;x5;x7;x8;x9;x10;x11;x12;x13;x14;x15;x17;x18;x19;x22;x23,False,0,8,3,5,4,11,6,,3516fbf1bedc253b5812e99e39b75d82,,,,,,0,
,,50,1.0732000228017568e-05,0.0005803880002349615,0.000824799994006753,0.000824799994006753,0.0005803880002349615,,skipped,False,not_built,31,,,,,,,,,,,0.000824799994006753,0.0,True,False,,,,0.0002628000220283866,,True,raw_ast_flat_matched_scope,True,True,True,True,True,True,,,,,,,,,,,,,,,,,,False,False,False,auto,fixed,1076102,1,,,,,,,,False,False,False,sift,,,disabled,,,,,,skipped_flag_off,,,,,True,,,,,,,,,,,,,,,,balanced,False,True,True,local,False,False,False,7,0,,,0,0,4,0,0,0,0,0,0,0,0,0,0,16,0,0,0,0,6,0,0,0,0,0,0,0,0,27,0,0,0,11,0,0,0,0,0,0,0,0,0,27,0,0,0,0,0,0,0,0,0,27,0,0,0,0,72,0,0,0,0,0,0,0,0,0,0,0,0,0,0,0,0,0,0,0,1,0,0,0,0,0,0,0,0,0,0,0,0,0,0,0,0,0,0,0,1,0,0,0,0,0,0,0,0,0,0,0,0,0,0,2048,0,0,0,0,16777216,0,0,0,0,11,0,0,0,0,1,0,0,0,0,1,-1,-1,-1,-1,4,0,0,0,0,0,0,0,0,0,0,0,0,0,0,0,0,0,0,0,0,0,0,0,0,0,0,0,0,0,0,0,0,0,0,0,0.0,0.0,0.0,0.0,0.0,0.0,0.0,0.0,0.0,0.0,0.0,0.0,0.0,0.0,0.0,0.0,0.0,0.0,0.0,0.0,0.0,0.0,0.0,0.0,0.0,0.0,0.0,0.0,0.0,0.0,,,,,24,7,ordinary,7,31,12,19,11,x3;x4;x6;x10;x15;x16;x17;x20;x21;x22;x23,11,x3;x4;x6;x10;x15;x16;x17;x20;x21;x22;x23,False,0,8,1,2,4,1,3,,b025fe4822e5f8c65296bea28e484b3e,,,,,,0,
,,50,,,,,,,skipped,False,not_built,67,,,,,,,,,,,,,False,True,,,,,,,raw_ast_recursive,True,True,True,True,True,True,,,,,,,,,,,,,,,,,,False,False,False,auto,fixed,1085278,1,,,,,,,,False,False,False,sift,,,disabled,,,,,,skipped_flag_off,,,,,True,,,,,,,,,,,,,,,,balanced,False,True,True,local,False,False,False,7,0,,,0,0,-1,0,0,0,0,0,0,0,0,0,0,33,0,0,0,0,15,0,0,0,0,0,0,0,0,0,0,0,0,0,0,0,0,0,0,0,0,0,0,0,0,0,0,0,0,0,0,0,0,0,0,0,0,0,0,0,0,0,0,0,0,0,0,0,0,0,0,0,0,0,0,0,0,0,0,0,0,0,0,0,0,0,0,0,0,0,0,0,0,0,0,0,0,0,0,0,0,0,0,0,0,0,0,0,0,0,0,0,0,0,0,0,0,0,0,0,0,0,0,0,0,0,0,0,0,0,0,0,0,0,-1,-1,-1,-1,-1,0,0,0,0,0,0,0,0,0,0,0,0,0,0,0,0,0,0,0,0,0,0,0,0,0,0,0,0,0,0,0,0,0,0,0,0.0,0.0,0.0,0.0,0.0,0.0,0.0,0.0,0.0,0.0,0.0,0.0,0.0,0.0,0.0,0.0,0.0,0.0,0.0,0.0,0.0,0.0,0.0,0.0,0.0,0.0,0.0,0.0,0.0,0.0,,,,,24,8,ordinary,7,67,32,35,18,x0;x1;x2;x3;x4;x6;x7;x11;x12;x13;x14;x15;x18;x19;x20;x21;x22;x23,18,x0;x1;x2;x3;x4;x6;x7;x11;x12;x13;x14;x15;x18;x19;x20;x21;x22;x23,False,0,4,6,7,6,6,6,,549f07dc3c02590f72671bb80e3e72ef,,,,,,0,
,,50,5.317400209605694e-05,0.0008484659995883704,0.0015033000381663442,0.0015033000381663442,0.0008484659995883704,,skipped,False,not_built,44,,,,,,,,,,,0.0015033000381663442,0.0,True,False,,,,0.0008517999667674303,,True,raw_ast_flat_matched_scope,True,True,True,True,True,True,,,,,,,,,,,,,,,,,,False,False,False,auto,fixed,1094454,1,,,,,,,,False,False,False,sift,,,disabled,,,,,,skipped_flag_off,,,,,True,,,,,,,,,,,,,,,,balanced,False,True,True,local,False,False,False,7,0,,,0,0,4,0,0,0,0,0,0,0,0,0,0,23,0,0,0,0,6,0,0,0,0,0,0,0,0,35,0,0,0,14,0,0,0,0,0,0,0,0,0,35,0,0,0,0,0,0,0,0,0,35,0,0,0,0,98,0,0,0,0,0,0,0,0,0,0,0,0,0,0,0,0,0,0,0,1,0,0,0,0,0,0,0,0,0,0,0,0,0,0,0,0,0,0,0,6,0,0,0,0,0,0,0,0,0,0,0,0,0,0,16384,0,0,0,0,16777216,0,0,0,0,14,0,0,0,0,1,0,0,0,0,1,-1,-1,-1,-1,4,0,0,0,0,0,0,0,0,0,0,0,0,0,0,0,0,0,0,0,0,0,0,0,0,0,0,0,0,0,0,0,0,0,0,0,0.0,0.0,0.0,0.0,0.0,0.0,0.0,0.0,0.0,0.0,0.0,0.0,0.0,0.0,0.0,0.0,0.0,0.0,0.0,0.0,0.0,0.0,0.0,0.0,0.0,0.0,0.0,0.0,0.0,0.0,,,,,24,9,ordinary,7,44,20,24,14,x0;x1;x2;x9;x10;x11;x12;x13;x14;x16;x18;x20;x22;x23,14,x0;x1;x2;x9;x10;x11;x12;x13;x14;x16;x18;x20;x22;x23,False,0,5,4,3,5,6,1,,732e098012e07fa64491c01159dfae54,,,,,,0,
,,50,2.74379993788898e-05,0.000437756001483649,0.0010800999589264393,0.0010800999589264393,0.000437756001483649,,skipped,False,not_built,41,,,,,,,,,,,0.0010800999589264393,0.0,True,False,,,,0.00024830002803355455,,True,raw_ast_flat_matched_scope,True,True,True,True,True,True,,,,,,,,,,,,,,,,,,False,False,False,auto,fixed,1103630,1,,,,,,,,False,False,False,sift,,,disabled,,,,,,skipped_flag_off,,,,,True,,,,,,,,,,,,,,,,balanced,False,True,True,local,False,False,False,7,0,,,0,0,4,0,0,0,0,0,0,0,0,0,0,18,0,0,0,0,7,0,0,0,0,2,0,0,0,29,0,0,0,11,0,0,0,0,0,0,0,0,0,29,0,0,0,0,0,0,0,0,0,29,0,0,0,0,81,0,0,0,0,0,0,0,0,0,0,0,0,0,0,0,0,0,0,0,1,0,0,0,0,0,0,0,0,0,0,0,0,0,0,0,0,0,0,0,5,0,0,0,0,0,0,0,0,0,0,0,0,0,0,2048,0,0,0,0,16777216,0,0,0,0,11,0,0,0,0,1,0,0,0,0,1,-1,-1,-1,-1,4,0,0,0,0,0,0,0,0,0,0,0,0,0,0,0,0,0,0,0,0,0,0,0,0,0,0,0,0,0,0,0,0,0,0,0,0.0,0.0,0.0,0.0,0.0,0.0,0.0,0.0,0.0,0.0,0.0,0.0,0.0,0.0,0.0,0.0,0.0,0.0,0.0,0.0,0.0,0.0,0.0,0.0,0.0,0.0,0.0,0.0,0.0,0.0,,,,,24,10,ordinary,7,41,18,23,12,x0;x1;x4;x5;x7;x9;x11;x15;x16;x18;x20;x23,12,x0;x1;x4;x5;x7;x9;x11;x15;x16;x18;x20;x23,False,0,6,1,4,1,6,5,,fc86e3711333becbb51d71f3ce6b0f6a,,,,,,0,
,,50,5.796002224087715e-06,4.996000789105892e-06,0.000251700053922832,0.000251700053922832,4.996000789105892e-06,,skipped,False,not_built,16,,,,,,,,,,,0.000251700053922832,0.0,True,False,,,,3.9400067180395126e-05,,True,raw_ast_flat_matched_scope,True,True,True,True,True,True,,,,,,,,,,,,,,,,,,False,False,False,auto,fixed,1112806,1,,,,,,,,False,False,False,sift,,,disabled,,,,,,skipped_flag_off,,,,,True,,,,,,,,,,,,,,,,balanced,False,True,True,local,False,False,False,7,0,,,0,0,3,0,0,0,0,0,1,0,0,0,0,6,0,0,0,0,5,0,0,0,0,0,0,0,0,0,0,0,0,0,0,0,0,0,0,0,0,0,0,0,0,0,0,0,0,0,0,0,0,0,0,0,0,0,0,0,0,0,0,0,0,0,0,0,0,0,0,0,0,0,0,0,0,0,0,0,0,0,0,0,0,0,0,0,0,0,0,0,0,0,0,0,0,0,0,0,0,0,0,0,0,0,0,0,1,0,0,0,0,32,0,0,0,0,16777216,0,0,0,0,5,0,0,0,0,1,0,0,0,0,1,-1,-1,-1,-1,3,0,0,0,0,0,0,0,0,0,0,0,0,0,0,0,0,0,0,0,0,0,0,0,0,0,0,0,0,0,0,0,0,0,0,0,0.0,0.0,0.0,0.0,0.0,0.0,0.0,0.0,0.0,0.0,0.0,0.0,0.0,0.0,0.0,0.0,0.0,0.0,0.0,0.0,0.0,0.0,0.0,0.0,0.0,0.0,0.0,0.0,0.0,0.0,,,,,24,11,ordinary,7,16,5,11,5,x2;x3;x8;x14;x22,5,x2;x3;x8;x14;x22,False,0,7,0,1,1,1,1,,8b502ba24c6f55c9c5966fce4bf0a831,,,,,,0,
,,50,0.00016937799984589218,0.0009946000017225743,0.0013930000131949782,0.0013930000131949782,0.0009946000017225743,,skipped,False,not_built,50,,,,,,,,,,,0.0013930000131949782,0.0,True,False,,,,0.001164300017990172,,True,raw_ast_flat_matched_scope,True,True,True,True,True,True,,,,,,,,,,,,,,,,,,False,False,False,auto,fixed,1121982,1,,,,,,,,False,False,False,sift,,,disabled,,,,,,skipped_flag_off,,,,,True,,,,,,,,,,,,,,,,balanced,False,True,True,local,False,False,False,7,0,,,0,0,4,0,0,0,0,0,0,0,0,0,0,24,0,0,0,0,12,0,0,0,0,0,0,0,0,38,0,0,0,15,0,0,0,0,0,0,0,0,0,38,0,0,0,0,0,0,0,0,0,38,0,0,0,0,109,0,0,0,0,0,0,0,0,0,0,0,0,0,0,0,0,0,0,0,1,0,0,0,0,0,0,0,0,0,0,0,0,0,0,0,0,0,0,0,7,0,0,0,0,0,0,0,0,0,0,0,0,0,0,32768,0,0,0,0,16777216,0,0,0,0,15,0,0,0,0,1,0,0,0,0,1,-1,-1,-1,-1,4,0,0,0,0,0,0,0,0,0,0,0,0,0,0,0,0,0,0,0,0,0,0,0,0,0,0,0,0,0,0,0,0,0,0,0,0.0,0.0,0.0,0.0,0.0,0.0,0.0,0.0,0.0,0.0,0.0,0.0,0.0,0.0,0.0,0.0,0.0,0.0,0.0,0.0,0.0,0.0,0.0,0.0,0.0,0.0,0.0,0.0,0.0,0.0,,,,,24,12,ordinary,7,50,22,28,15,x0;x1;x2;x4;x6;x8;x9;x10;x12;x15;x19;x20;x21;x22;x23,15,x0;x1;x2;x4;x6;x8;x9;x10;x12;x15;x19;x20;x21;x22;x23,False,0,7,5,2,2,5,7,,01ea21b1897922ca295acff80ca1c2d4,,,,,,0,
,,50,0.0002732939994893968,0.0015355099993757905,0.002132299938239157,0.002132299938239157,0.0015355099993757905,,skipped,False,not_built,70,,,,,,,,,,,0.002132299938239157,0.0,True,False,,,,0.0022355999099090695,,True,raw_ast_flat_matched_scope,True,True,True,True,True,True,,,,,,,,,,,,,,,,,,False,False,False,auto,fixed,1131158,1,,,,,,,,False,False,False,sift,,,disabled,,,,,,skipped_flag_off,,,,,True,,,,,,,,,,,,,,,,balanced,False,True,True,local,False,False,False,7,0,,,0,0,4,0,0,0,0,0,0,0,0,0,0,32,0,0,0,0,14,0,0,0,0,3,0,0,0,51,0,0,0,16,0,0,0,0,0,0,0,0,0,51,0,0,0,0,0,0,0,0,0,51,0,0,0,0,147,0,0,0,0,0,0,0,0,0,0,0,0,0,0,0,0,0,0,0,1,0,0,0,0,0,0,0,0,0,0,0,0,0,0,0,0,0,0,0,13,0,0,0,0,0,0,0,0,0,0,0,0,0,0,65536,0,0,0,0,16777216,0,0,0,0,16,0,0,0,0,1,0,0,0,0,1,-1,-1,-1,-1,4,0,0,0,0,0,0,0,0,0,0,0,0,0,0,0,0,0,0,0,0,0,0,0,0,0,0,0,0,0,0,0,0,0,0,0,0.0,0.0,0.0,0.0,0.0,0.0,0.0,0.0,0.0,0.0,0.0,0.0,0.0,0.0,0.0,0.0,0.0,0.0,0.0,0.0,0.0,0.0,0.0,0.0,0.0,0.0,0.0,0.0,0.0,0.0,,,,,24,13,ordinary,7,70,31,39,17,x1;x2;x3;x5;x6;x7;x8;x10;x11;x12;x13;x14;x16;x18;x20;x21;x23,17,x1;x2;x3;x5;x6;x7;x8;x10;x11;x12;x13;x14;x16;x18;x20;x21;x23,False,0,9,6,5,6,8,5,,981f26a19076e221c3f5466780d049d0,,,,,,0,
,,50,3.134199883788824e-05,0.0006374399992637337,0.0012009000638499856,0.0012009000638499856,0.0006374399992637337,,skipped,False,not_built,49,,,,,,,,,,,0.0012009000638499856,0.0,True,False,,,,0.0004572999896481633,,True,raw_ast_flat_matched_scope,True,True,True,True,True,True,,,,,,,,,,,,,,,,,,False,False,False,auto,fixed,1140334,1,,,,,,,,False,False,False,sift,,,disabled,,,,,,skipped_flag_off,,,,,True,,,,,,,,,,,,,,,,balanced,False,True,True,local,False,False,False,7,0,,,0,0,4,0,0,0,0,0,0,0,0,0,0,21,0,0,0,0,14,0,0,0,0,1,0,0,0,36,0,0,0,13,0,0,0,0,0,0,0,0,0,36,0,0,0,0,0,0,0,0,0,36,0,0,0,0,87,0,0,0,0,0,0,0,0,0,0,0,0,0,0,0,0,0,0,0,1,0,0,0,0,0,0,0,0,0,0,0,0,0,0,0,0,0,0,0,4,0,0,0,0,0,0,0,0,0,0,0,0,0,0,8192,0,0,0,0,16777216,0,0,0,0,13,0,0,0,0,1,0,0,0,0,1,-1,-1,-1,-1,4,0,0,0,0,0,0,0,0,0,0,0,0,0,0,0,0,0,0,0,0,0,0,0,0,0,0,0,0,0,0,0,0,0,0,0,0.0,0.0,0.0,0.0,0.0,0.0,0.0,0.0,0.0,0.0,0.0,0.0,0.0,0.0,0.0,0.0,0.0,0.0,0.0,0.0,0.0,0.0,0.0,0.0,0.0,0.0,0.0,0.0,0.0,0.0,,,,,24,14,ordinary,7,49,20,29,14,x2;x3;x5;x6;x8;x11;x13;x14;x15;x16;x17;x18;x21;x22,14,x2;x3;x5;x6;x8;x11;x13;x14;x15;x16;x17;x18;x21;x22,False,0,10,4,4,5,2,4,,9496bc86c33670eb525082f2e1c4c732,,,,,,0,
,,50,6.53199851512909e-06,0.0016023140004836024,0.0006588000105693936,0.0006588000105693936,0.0016023140004836024,,skipped,False,not_built,27,,,,,,,,,,,0.0006588000105693936,0.0,True,False,,,,0.00012250000145286322,,True,raw_ast_flat_matched_scope,True,True,True,True,True,True,,,,,,,,,,,,,,,,,,False,False,False,auto,fixed,1149510,1,,,,,,,,False,False,False,sift,,,disabled,,,,,,skipped_flag_off,,,,,True,,,,,,,,,,,,,,,,balanced,False,True,True,local,False,False,False,7,0,,,0,0,4,0,0,0,0,0,0,0,0,0,0,12,0,0,0,0,7,0,0,0,0,0,0,0,0,21,0,0,0,9,0,0,0,0,0,0,0,0,0,21,0,0,0,0,0,0,0,0,0,21,0,0,0,0,55,0,0,0,0,0,0,0,0,0,0,0,0,0,0,0,0,0,0,0,1,0,0,0,0,0,0,0,0,0,0,0,0,0,0,0,0,0,0,0,2,0,0,0,0,0,0,0,0,0,0,0,0,0,0,512,0,0,0,0,16777216,0,0,0,0,9,0,0,0,0,1,0,0,0,0,1,-1,-1,-1,-1,4,0,0,0,0,0,0,0,0,0,0,0,0,0,0,0,0,0,0,0,0,0,0,0,0,0,0,0,0,0,0,0,0,0,0,0,0.0,0.0,0.0,0.0,0.0,0.0,0.0,0.0,0.0,0.0,0.0,0.0,0.0,0.0,0.0,0.0,0.0,0.0,0.0,0.0,0.0,0.0,0.0,0.0,0.0,0.0,0.0,0.0,0.0,0.0,,,,,24,15,ordinary,7,27,11,16,9,x6;x11;x13;x14;x16;x18;x20;x21;x23,9,x6;x11;x13;x14;x16;x18;x20;x21;x23,False,0,6,2,3,3,1,1,,a093a478cccf1ace3bc905d73bdeb9a6,,,,,,0,
,,50,3.104799892753363e-05,0.0005412920005619526,0.0009425000753253698,0.0009425000753253698,0.0005412920005619526,,skipped,False,not_built,44,,,,,,,,,,,0.0009425000753253698,0.0,True,False,,,,0.0003198999911546707,,True,raw_ast_flat_matched_scope,True,True,True,True,True,True,,,,,,,,,,,,,,,,,,False,False,False,auto,fixed,1158686,1,,,,,,,,False,False,False,sift,,,disabled,,,,,,skipped_flag_off,,,,,True,,,,,,,,,,,,,,,,balanced,False,True,True,local,False,False,False,7,0,,,0,0,4,0,0,0,0,0,0,0,0,0,0,17,0,0,0,0,11,0,0,0,0,3,0,0,0,29,0,0,0,12,0,0,0,0,0,0,0,0,0,29,0,0,0,0,0,0,0,0,0,29,0,0,0,0,83,0,0,0,0,0,0,0,0,0,0,0,0,0,0,0,0,0,0,0,1,0,0,0,0,0,0,0,0,0,0,0,0,0,0,0,0,0,0,0,3,0,0,0,0,0,0,0,0,0,0,0,0,0,0,4096,0,0,0,0,16777216,0,0,0,0,12,0,0,0,0,1,0,0,0,0,1,-1,-1,-1,-1,4,0,0,0,0,0,0,0,0,0,0,0,0,0,0,0,0,0,0,0,0,0,0,0,0,0,0,0,0,0,0,0,0,0,0,0,0.0,0.0,0.0,0.0,0.0,0.0,0.0,0.0,0.0,0.0,0.0,0.0,0.0,0.0,0.0,0.0,0.0,0.0,0.0,0.0,0.0,0.0,0.0,0.0,0.0,0.0,0.0,0.0,0.0,0.0,,,,,24,16,ordinary,7,44,18,26,12,x2;x3;x4;x5;x7;x8;x11;x14;x17;x19;x20;x21,12,x2;x3;x4;x5;x7;x8;x11;x14;x17;x19;x20;x21,False,0,9,0,6,2,3,6,,a2e78c0dcfc80b9b1c6b40f204698105,,,,,,0,
,,50,,,,,,,skipped,False,not_built,65,,,,,,,,,,,,,False,True,,,,,,,raw_ast_recursive,True,True,True,True,True,True,,,,,,,,,,,,,,,,,,False,False,False,auto,fixed,1167862,1,,,,,,,,False,False,False,sift,,,disabled,,,,,,skipped_flag_off,,,,,True,,,,,,,,,,,,,,,,balanced,False,True,True,local,False,False,False,7,0,,,0,0,-1,0,0,0,0,0,0,0,0,0,0,30,0,0,0,0,10,0,0,0,0,0,0,0,0,0,0,0,0,0,0,0,0,0,0,0,0,0,0,0,0,0,0,0,0,0,0,0,0,0,0,0,0,0,0,0,0,0,0,0,0,0,0,0,0,0,0,0,0,0,0,0,0,0,0,0,0,0,0,0,0,0,0,0,0,0,0,0,0,0,0,0,0,0,0,0,0,0,0,0,0,0,0,0,0,0,0,0,0,0,0,0,0,0,0,0,0,0,0,0,0,0,0,0,0,0,0,0,0,0,-1,-1,-1,-1,-1,0,0,0,0,0,0,0,0,0,0,0,0,0,0,0,0,0,0,0,0,0,0,0,0,0,0,0,0,0,0,0,0,0,0,0,0.0,0.0,0.0,0.0,0.0,0.0,0.0,0.0,0.0,0.0,0.0,0.0,0.0,0.0,0.0,0.0,0.0,0.0,0.0,0.0,0.0,0.0,0.0,0.0,0.0,0.0,0.0,0.0,0.0,0.0,,,,,24,17,ordinary,7,65,29,36,18,x0;x1;x2;x3;x4;x6;x7;x10;x11;x12;x15;x16;x17;x19;x20;x21;x22;x23,18,x0;x1;x2;x3;x4;x6;x7;x10;x11;x12;x15;x16;x17;x19;x20;x21;x22;x23,False,0,8,7,4,4,9,4,,8626391d21dfca95ccf80fad45b650b0,,,,,,0,
,,50,1.0816000867635012e-05,1.3033999130129814e-05,0.0005505000008270144,0.0005505000008270144,1.3033999130129814e-05,,skipped,False,not_built,21,,,,,,,,,,,0.0005505000008270144,0.0,True,False,,,,6.839993875473738e-05,,True,raw_ast_flat_matched_scope,True,True,True,True,True,True,,,,,,,,,,,,,,,,,,False,False,False,auto,fixed,1177038,1,,,,,,,,False,False,False,sift,,,disabled,,,,,,skipped_flag_off,,,,,True,,,,,,,,,,,,,,,,balanced,False,True,True,local,False,False,False,7,0,,,0,0,3,0,0,0,0,0,0,0,0,0,0,9,0,0,0,0,2,0,0,0,0,0,0,0,0,0,0,0,0,0,0,0,0,0,0,0,0,0,0,0,0,0,0,0,0,0,0,0,0,0,0,0,0,0,0,0,0,0,0,0,0,0,0,0,0,0,0,0,0,0,0,0,0,0,0,0,0,0,0,0,0,0,0,0,0,0,0,0,0,0,0,0,0,0,0,0,0,0,0,0,0,0,0,0,1,0,0,0,0,128,0,0,0,0,16777216,0,0,0,0,7,0,0,0,0,1,0,0,0,0,1,-1,-1,-1,-1,3,0,0,0,0,0,0,0,0,0,0,0,0,0,0,0,0,0,0,0,0,0,0,0,0,0,0,0,0,0,0,0,0,0,0,0,0.0,0.0,0.0,0.0,0.0,0.0,0.0,0.0,0.0,0.0,0.0,0.0,0.0,0.0,0.0,0.0,0.0,0.0,0.0,0.0,0.0,0.0,0.0,0.0,0.0,0.0,0.0,0.0,0.0,0.0,,,,,24,18,ordinary,7,21,9,12,7,x2;x8;x10;x19;x20;x21;x22,7,x2;x8;x10;x19;x20;x21;x22,False,0,4,2,2,2,1,1,,8859dbc88d2cc0c322a705dcad14081b,,,,,,0,
,,50,1.2546000070869923e-05,0.00035236200084909797,0.0011953000212088227,0.0011953000212088227,0.00035236200084909797,,skipped,False,not_built,30,,,,,,,,,,,0.0011953000212088227,0.0,True,False,,,,0.00031500007025897503,,True,raw_ast_flat_matched_scope,True,True,True,True,True,True,,,,,,,,,,,,,,,,,,False,False,False,auto,fixed,1186214,1,,,,,,,,False,False,False,sift,,,disabled,,,,,,skipped_flag_off,,,,,True,,,,,,,,,,,,,,,,balanced,False,True,True,local,False,False,False,7,0,,,0,0,4,0,0,0,0,0,0,0,0,0,0,13,0,0,0,0,7,0,0,0,0,0,0,0,0,20,0,0,0,10,0,0,0,0,0,0,0,0,0,20,0,0,0,0,0,0,0,0,0,20,0,0,0,0,49,0,0,0,0,0,0,0,0,0,0,0,0,0,0,0,0,0,0,0,1,0,0,0,0,0,0,0,0,0,0,0,0,0,0,0,0,0,0,0,2,0,0,0,0,0,0,0,0,0,0,0,0,0,0,1024,0,0,0,0,16777216,0,0,0,0,10,0,0,0,0,1,0,0,0,0,1,-1,-1,-1,-1,4,0,0,0,0,0,0,0,0,0,0,0,0,0,0,0,0,0,0,0,0,0,0,0,0,0,0,0,0,0,0,0,0,0,0,0,0.0,0.0,0.0,0.0,0.0,0.0,0.0,0.0,0.0,0.0,0.0,0.0,0.0,0.0,0.0,0.0,0.0,0.0,0.0,0.0,0.0,0.0,0.0,0.0,0.0,0.0,0.0,0.0,0.0,0.0,,,,,24,19,ordinary,7,30,12,18,10,x6;x7;x9;x11;x14;x16;x19;x20;x22;x23,10,x6;x7;x9;x11;x14;x16;x19;x20;x22;x23,False,0,7,5,0,1,4,1,,43501b2893d641613e9103876d13e4b5,,,,,,0,
,,50,4.118200158700347e-05,0.0007547380006872117,0.0036495999665930867,0.0036495999665930867,0.0007547380006872117,,skipped,False,not_built,46,,,,,,,,,,,0.0036495999665930867,0.0,True,False,,,,0.0014035999774932861,,True,raw_ast_flat_matched_scope,True,True,True,True,True,True,,,,,,,,,,,,,,,,,,False,False,False,auto,fixed,1195390,1,,,,,,,,False,False,False,sift,,,disabled,,,,,,skipped_flag_off,,,,,True,,,,,,,,,,,,,,,,balanced,False,True,True,local,False,False,False,7,0,,,0,0,4,0,0,0,0,0,0,0,0,0,0,21,0,0,0,0,10,0,0,0,0,3,0,0,0,34,0,0,0,14,0,0,0,0,0,0,0,0,0,34,0,0,0,0,0,0,0,0,0,34,0,0,0,0,91,0,0,0,0,0,0,0,0,0,0,0,0,0,0,0,0,0,0,0,1,0,0,0,0,0,0,0,0,0,0,0,0,0,0,0,0,0,0,0,4,0,0,0,0,0,0,0,0,0,0,0,0,0,0,16384,0,0,0,0,16777216,0,0,0,0,14,0,0,0,0,1,0,0,0,0,1,-1,-1,-1,-1,4,0,0,0,0,0,0,0,0,0,0,0,0,0,0,0,0,0,0,0,0,0,0,0,0,0,0,0,0,0,0,0,0,0,0,0,0.0,0.0,0.0,0.0,0.0,0.0,0.0,0.0,0.0,0.0,0.0,0.0,0.0,0.0,0.0,0.0,0.0,0.0,0.0,0.0,0.0,0.0,0.0,0.0,0.0,0.0,0.0,0.0,0.0,0.0,,,,,24,20,ordinary,7,46,20,26,15,x2;x6;x7;x8;x9;x10;x12;x14;x15;x17;x18;x19;x21;x22;x23,15,x2;x6;x7;x8;x9;x10;x12;x14;x15;x17;x18;x19;x21;x22;x23,False,0,7,5,3,3,6,2,,8cafd700f3a63c10f75bcf9d2cf420f4,,,,,,0,
,,50,2.685599960386753e-05,0.0005887019983492792,0.0009673000313341618,0.0009673000313341618,0.0005887019983492792,,skipped,False,not_built,40,,,,,,,,,,,0.0009673000313341618,0.0,True,False,,,,0.00031150004360824823,,True,raw_ast_flat_matched_scope,True,True,True,True,True,True,,,,,,,,,,,,,,,,,,False,False,False,auto,fixed,1204566,1,,,,,,,,False,False,False,sift,,,disabled,,,,,,skipped_flag_off,,,,,True,,,,,,,,,,,,,,,,balanced,False,True,True,local,False,False,False,7,0,,,0,0,4,0,0,0,0,0,0,0,0,0,0,20,0,0,0,0,9,0,0,0,0,0,0,0,0,31,0,0,0,12,0,0,0,0,0,0,0,0,0,31,0,0,0,0,0,0,0,0,0,31,0,0,0,0,82,0,0,0,0,0,0,0,0,0,0,0,0,0,0,0,0,0,0,0,1,0,0,0,0,0,0,0,0,0,0,0,0,0,0,0,0,0,0,0,5,0,0,0,0,0,0,0,0,0,0,0,0,0,0,4096,0,0,0,0,16777216,0,0,0,0,12,0,0,0,0,1,0,0,0,0,1,-1,-1,-1,-1,4,0,0,0,0,0,0,0,0,0,0,0,0,0,0,0,0,0,0,0,0,0,0,0,0,0,0,0,0,0,0,0,0,0,0,0,0.0,0.0,0.0,0.0,0.0,0.0,0.0,0.0,0.0,0.0,0.0,0.0,0.0,0.0,0.0,0.0,0.0,0.0,0.0,0.0,0.0,0.0,0.0,0.0,0.0,0.0,0.0,0.0,0.0,0.0,,,,,24,21,ordinary,7,40,17,23,12,x4;x5;x6;x7;x9;x15;x16;x18;x19;x20;x22;x23,12,x4;x5;x6;x7;x9;x15;x16;x18;x19;x20;x22;x23,False,0,7,4,1,4,3,4,,0a2b862d8204212f0b603eff1441d2c5,,,,,,0,
,,50,,,,,,,skipped,False,not_built,57,,,,,,,,,,,,,False,True,,,,,,,raw_ast_recursive,True,True,True,True,True,True,,,,,,,,,,,,,,,,,,False,False,False,auto,fixed,1213742,1,,,,,,,,False,False,False,sift,,,disabled,,,,,,skipped_flag_off,,,,,True,,,,,,,,,,,,,,,,balanced,False,True,True,local,False,False,False,7,0,,,0,0,-1,0,0,0,0,0,0,0,0,0,0,27,0,0,0,0,15,0,0,0,0,0,0,0,0,0,0,0,0,0,0,0,0,0,0,0,0,0,0,0,0,0,0,0,0,0,0,0,0,0,0,0,0,0,0,0,0,0,0,0,0,0,0,0,0,0,0,0,0,0,0,0,0,0,0,0,0,0,0,0,0,0,0,0,0,0,0,0,0,0,0,0,0,0,0,0,0,0,0,0,0,0,0,0,0,0,0,0,0,0,0,0,0,0,0,0,0,0,0,0,0,0,0,0,0,0,0,0,0,0,-1,-1,-1,-1,-1,0,0,0,0,0,0,0,0,0,0,0,0,0,0,0,0,0,0,0,0,0,0,0,0,0,0,0,0,0,0,0,0,0,0,0,0.0,0.0,0.0,0.0,0.0,0.0,0.0,0.0,0.0,0.0,0.0,0.0,0.0,0.0,0.0,0.0,0.0,0.0,0.0,0.0,0.0,0.0,0.0,0.0,0.0,0.0,0.0,0.0,0.0,0.0,,,,,24,22,ordinary,7,57,26,31,17,x0;x2;x3;x4;x6;x9;x10;x11;x12;x13;x14;x15;x16;x17;x20;x21;x23,17,x0;x2;x3;x4;x6;x9;x10;x11;x12;x13;x14;x15;x16;x17;x20;x21;x23,False,0,6,3,7,4,4,7,,8ca59a3bfbda6bab6330692151976037,,,,,,0,
,,50,0.00015176800079643726,0.0014418599987402558,0.003409500000998378,0.003409500000998378,0.0014418599987402558,,skipped,False,not_built,61,,,,,,,,,,,0.003409500000998378,0.0,True,False,,,,0.003611300024203956,,True,raw_ast_flat_matched_scope,True,True,True,True,True,True,,,,,,,,,,,,,,,,,,False,False,False,auto,fixed,1222918,1,,,,,,,,False,False,False,sift,,,disabled,,,,,,skipped_flag_off,,,,,True,,,,,,,,,,,,,,,,balanced,False,True,True,local,False,False,False,7,0,,,0,0,4,0,0,0,0,0,1,0,0,0,0,25,0,0,0,0,13,0,0,0,0,0,0,0,0,41,0,0,0,16,0,0,0,0,0,0,0,0,0,41,0,0,0,0,0,0,0,0,0,41,0,0,0,0,116,0,0,0,0,0,0,0,0,0,0,0,0,0,0,0,0,0,0,0,1,0,0,0,0,0,0,0,0,0,0,0,0,0,0,0,0,0,0,0,10,0,0,0,0,0,0,0,0,0,0,0,0,0,0,65536,0,0,0,0,16777216,0,0,0,0,16,0,0,0,0,1,0,0,0,0,1,-1,-1,-1,-1,4,0,0,0,0,0,0,0,0,0,0,0,0,0,0,0,0,0,0,0,0,0,0,0,0,0,0,0,0,0,0,0,0,0,0,0,0.0,0.0,0.0,0.0,0.0,0.0,0.0,0.0,0.0,0.0,0.0,0.0,0.0,0.0,0.0,0.0,0.0,0.0,0.0,0.0,0.0,0.0,0.0,0.0,0.0,0.0,0.0,0.0,0.0,0.0,,,,,24,23,ordinary,7,61,26,35,16,x0;x1;x2;x3;x4;x6;x7;x11;x12;x14;x15;x16;x17;x21;x22;x23,16,x0;x1;x2;x3;x4;x6;x7;x11;x12;x14;x15;x16;x17;x21;x22;x23,False,0,10,7,5,5,5,3,,3a071f8660332c355b061c899cb88001,,,,,,0,
,,50,4.588000010699034e-06,6.1800004914402965e-06,0.00017070001922547817,0.00017070001922547817,6.1800004914402965e-06,,skipped,False,not_built,9,,,,,,,,,,,0.00017070001922547817,0.0,True,False,,,,3.5100034438073635e-05,,True,raw_ast_flat_matched_scope,True,True,True,True,True,True,,,,,,,,,,,,,,,,,,False,False,False,auto,fixed,1232094,1,,,,,,,,False,False,False,sift,,,disabled,,,,,,skipped_flag_off,,,,,True,,,,,,,,,,,,,,,,balanced,False,True,True,local,False,False,False,7,0,,,0,0,3,0,0,0,0,0,1,0,0,0,0,4,0,0,0,0,3,0,0,0,0,0,0,0,0,0,0,0,0,0,0,0,0,0,0,0,0,0,0,0,0,0,0,0,0,0,0,0,0,0,0,0,0,0,0,0,0,0,0,0,0,0,0,0,0,0,0,0,0,0,0,0,0,0,0,0,0,0,0,0,0,0,0,0,0,0,0,0,0,0,0,0,0,0,0,0,0,0,0,0,0,0,0,0,1,0,0,0,0,8,0,0,0,0,16777216,0,0,0,0,3,0,0,0,0,1,0,0,0,0,1,-1,-1,-1,-1,3,0,0,0,0,0,0,0,0,0,0,0,0,0,0,0,0,0,0,0,0,0,0,0,0,0,0,0,0,0,0,0,0,0,0,0,0.0,0.0,0.0,0.0,0.0,0.0,0.0,0.0,0.0,0.0,0.0,0.0,0.0,0.0,0.0,0.0,0.0,0.0,0.0,0.0,0.0,0.0,0.0,0.0,0.0,0.0,0.0,0.0,0.0,0.0,,,,,24,24,ordinary,7,9,3,6,3,x4;x13;x21,3,x4;x13;x21,False,0,4,0,0,1,0,1,,0d91d18187015a822160bfda57d18bff,,,,,,0,
,,50,1.3977999333292247e-05,0.00032363799866288903,0.0007415000582113862,0.0007415000582113862,0.00032363799866288903,,skipped,False,not_built,29,,,,,,,,,,,0.0007415000582113862,0.0,True,False,,,,0.000328300055116415,,True,raw_ast_flat_matched_scope,True,True,True,True,True,True,,,,,,,,,,,,,,,,,,False,False,False,auto,fixed,1241270,1,,,,,,,,False,False,False,sift,,,disabled,,,,,,skipped_flag_off,,,,,True,,,,,,,,,,,,,,,,balanced,False,True,True,local,False,False,False,7,0,,,0,0,4,0,0,0,0,0,0,0,0,0,0,12,0,0,0,0,7,0,0,0,0,0,0,0,0,22,0,0,0,10,0,0,0,0,0,0,0,0,0,22,0,0,0,0,0,0,0,0,0,22,0,0,0,0,53,0,0,0,0,0,0,0,0,0,0,0,0,0,0,0,0,0,0,0,1,0,0,0,0,0,0,0,0,0,0,0,0,0,0,0,0,0,0,0,3,0,0,0,0,0,0,0,0,0,0,0,0,0,0,1024,0,0,0,0,16777216,0,0,0,0,10,0,0,0,0,1,0,0,0,0,1,-1,-1,-1,-1,4,0,0,0,0,0,0,0,0,0,0,0,0,0,0,0,0,0,0,0,0,0,0,0,0,0,0,0,0,0,0,0,0,0,0,0,0.0,0.0,0.0,0.0,0.0,0.0,0.0,0.0,0.0,0.0,0.0,0.0,0.0,0.0,0.0,0.0,0.0,0.0,0.0,0.0,0.0,0.0,0.0,0.0,0.0,0.0,0.0,0.0,0.0,0.0,,,,,24,25,ordinary,7,29,13,16,10,x1;x5;x6;x10;x16;x17;x19;x20;x21;x22,10,x1;x5;x6;x10;x16;x17;x19;x20;x21;x22,False,0,4,1,4,1,3,3,,4014b63f1c6d284fd90463d36905ff30,,,,,,0,
,,50,1.1110000777989625e-05,9.901998564600945e-06,0.00022330007050186396,0.00022330007050186396,9.901998564600945e-06,,skipped,False,not_built,13,,,,,,,,,,,0.00022330007050186396,0.0,True,False,,,,3.130000550299883e-05,,True,raw_ast_flat_matched_scope,True,True,True,True,True,True,,,,,,,,,,,,,,,,,,False,False,False,auto,fixed,1250446,1,,,,,,,,False,False,False,sift,,,disabled,,,,,,skipped_flag_off,,,,,True,,,,,,,,,,,,,,,,balanced,False,True,True,local,False,False,False,7,0,,,0,0,3,0,0,0,0,0,1,0,0,0,0,6,0,0,0,0,2,0,0,0,0,0,0,0,0,0,0,0,0,0,0,0,0,0,0,0,0,0,0,0,0,0,0,0,0,0,0,0,0,0,0,0,0,0,0,0,0,0,0,0,0,0,0,0,0,0,0,0,0,0,0,0,0,0,0,0,0,0,0,0,0,0,0,0,0,0,0,0,0,0,0,0,0,0,0,0,0,0,0,0,0,0,0,0,1,0,0,0,0,16,0,0,0,0,16777216,0,0,0,0,4,0,0,0,0,1,0,0,0,0,1,-1,-1,-1,-1,3,0,0,0,0,0,0,0,0,0,0,0,0,0,0,0,0,0,0,0,0,0,0,0,0,0,0,0,0,0,0,0,0,0,0,0,0.0,0.0,0.0,0.0,0.0,0.0,0.0,0.0,0.0,0.0,0.0,0.0,0.0,0.0,0.0,0.0,0.0,0.0,0.0,0.0,0.0,0.0,0.0,0.0,0.0,0.0,0.0,0.0,0.0,0.0,,,,,24,26,ordinary,7,13,4,9,4,x1;x3;x9;x15,4,x1;x3;x9;x15,False,0,6,1,0,0,0,2,,9bd5a2baac00eae4be5e44abb11a7ac2,,,,,,0,
,,50,1.3541998341679574e-05,0.0002813460002653301,0.0010381999891251326,0.0010381999891251326,0.0002813460002653301,,skipped,False,not_built,23,,,,,,,,,,,0.0010381999891251326,0.0,True,False,,,,0.00018049997743219137,,True,raw_ast_flat_matched_scope,True,True,True,True,True,True,,,,,,,,,,,,,,,,,,False,False,False,auto,fixed,1259622,1,,,,,,,,False,False,False,sift,,,disabled,,,,,,skipped_flag_off,,,,,True,,,,,,,,,,,,,,,,balanced,False,True,True,local,False,False,False,7,0,,,0,0,4,0,0,0,0,0,0,0,0,0,0,11,0,0,0,0,4,0,0,0,0,0,0,0,0,21,0,0,0,9,0,0,0,0,0,0,0,0,0,21,0,0,0,0,0,0,0,0,0,21,0,0,0,0,54,0,0,0,0,0,0,0,0,0,0,0,0,0,0,0,0,0,0,0,1,0,0,0,0,0,0,0,0,0,0,0,0,0,0,0,0,0,0,0,1,0,0,0,0,0,0,0,0,0,0,0,0,0,0,512,0,0,0,0,16777216,0,0,0,0,9,0,0,0,0,1,0,0,0,0,1,-1,-1,-1,-1,4,0,0,0,0,0,0,0,0,0,0,0,0,0,0,0,0,0,0,0,0,0,0,0,0,0,0,0,0,0,0,0,0,0,0,0,0.0,0.0,0.0,0.0,0.0,0.0,0.0,0.0,0.0,0.0,0.0,0.0,0.0,0.0,0.0,0.0,0.0,0.0,0.0,0.0,0.0,0.0,0.0,0.0,0.0,0.0,0.0,0.0,0.0,0.0,,,,,24,27,ordinary,7,23,10,13,9,x0;x3;x7;x8;x11;x15;x17;x20;x22,9,x0;x3;x7;x8;x11;x15;x17;x20;x22,False,0,4,3,1,2,1,2,,8a70b975004be0a4b9947d7daf675ca9,,,,,,0,
,,50,7.515999022871256e-06,6.00599916651845e-06,0.00024300010409206152,0.00024300010409206152,6.00599916651845e-06,,skipped,False,not_built,16,,,,,,,,,,,0.00024300010409206152,0.0,True,False,,,,3.6100042052567005e-05,,True,raw_ast_flat_matched_scope,True,True,True,True,True,True,,,,,,,,,,,,,,,,,,False,False,False,auto,fixed,1268798,1,,,,,,,,False,False,False,sift,,,disabled,,,,,,skipped_flag_off,,,,,True,,,,,,,,,,,,,,,,balanced,False,True,True,local,False,False,False,7,0,,,0,0,3,0,0,0,0,0,0,0,0,0,0,6,0,0,0,0,3,0,0,0,0,0,0,0,0,0,0,0,0,0,0,0,0,0,0,0,0,0,0,0,0,0,0,0,0,0,0,0,0,0,0,0,0,0,0,0,0,0,0,0,0,0,0,0,0,0,0,0,0,0,0,0,0,0,0,0,0,0,0,0,0,0,0,0,0,0,0,0,0,0,0,0,0,0,0,0,0,0,0,0,0,0,0,0,1,0,0,0,0,32,0,0,0,0,16777216,0,0,0,0,5,0,0,0,0,1,0,0,0,0,1,-1,-1,-1,-1,3,0,0,0,0,0,0,0,0,0,0,0,0,0,0,0,0,0,0,0,0,0,0,0,0,0,0,0,0,0,0,0,0,0,0,0,0.0,0.0,0.0,0.0,0.0,0.0,0.0,0.0,0.0,0.0,0.0,0.0,0.0,0.0,0.0,0.0,0.0,0.0,0.0,0.0,0.0,0.0,0.0,0.0,0.0,0.0,0.0,0.0,0.0,0.0,,,,,24,28,ordinary,7,16,6,10,5,x6;x9;x14;x21;x23,5,x6;x9;x14;x21;x23,False,0,5,1,2,0,2,0,,8aefb3e563acead6e7a5403aa00805ad,,,,,,0,
,,50,0.00010549600003287196,0.0008361459989100695,0.0012766000581905246,0.0012766000581905246,0.0008361459989100695,,skipped,False,not_built,45,,,,,,,,,,,0.0012766000581905246,0.0,True,False,,,,0.0014527000021189451,,True,raw_ast_flat_matched_scope,True,True,True,True,True,True,,,,,,,,,,,,,,,,,,False,False,False,auto,fixed,1277974,1,,,,,,,,False,False,False,sift,,,disabled,,,,,,skipped_flag_off,,,,,True,,,,,,,,,,,,,,,,balanced,False,True,True,local,False,False,False,7,0,,,0,0,4,0,0,0,0,0,0,0,0,0,0,20,0,0,0,0,12,0,0,0,0,2,0,0,0,36,0,0,0,15,0,0,0,0,0,0,0,0,0,36,0,0,0,0,0,0,0,0,0,36,0,0,0,0,101,0,0,0,0,0,0,0,0,0,0,0,0,0,0,0,0,0,0,0,1,0,0,0,0,0,0,0,0,0,0,0,0,0,0,0,0,0,0,0,3,0,0,0,0,0,0,0,0,0,0,0,0,0,0,32768,0,0,0,0,16777216,0,0,0,0,15,0,0,0,0,1,0,0,0,0,1,-1,-1,-1,-1,4,0,0,0,0,0,0,0,0,0,0,0,0,0,0,0,0,0,0,0,0,0,0,0,0,0,0,0,0,0,0,0,0,0,0,0,0.0,0.0,0.0,0.0,0.0,0.0,0.0,0.0,0.0,0.0,0.0,0.0,0.0,0.0,0.0,0.0,0.0,0.0,0.0,0.0,0.0,0.0,0.0,0.0,0.0,0.0,0.0,0.0,0.0,0.0,,,,,24,29,ordinary,7,45,20,25,15,x0;x1;x2;x3;x4;x6;x7;x9;x10;x11;x15;x17;x18;x20;x23,15,x0;x1;x2;x3;x4;x6;x7;x9;x10;x11;x15;x17;x18;x20;x23,False,0,6,5,3,4,3,4,,20e4addfeb3880bba2ea663a5001a340,,,,,,0,
