corpus,id,live_k,ambient_n,op_family,shape,current_engine,cm_wrapper_ns_median,raw_current_ns_median,cm_wrapper_over_raw_current,cm_flat_ns_median,cm_words_ns_median,raw_flat_ns_median,raw_words_ns_median,packed_sha256,packed_equal_all_arms,batch,rounds
b2,b2-k4-xor_dom-tree-1-8b6c553e4c62,4,4,xor_dom,tree,flat,12381.0,1907.0,6.492396434189827,2066.0,2159.0,1731.0,1809.0,8e05696833e6832e8ad694ea4bef56ad3e4d9944c35799f8a67e1fc7312907e6,True,100,5
b2,b2-k4-xor_dom-tree-2-186a2a5c9bf0,4,4,xor_dom,tree,flat,11344.0,1345.0,8.434200743494424,1280.0,1340.0,1182.0,1258.0,a22175a602c02145cc695f9333f8ddfcc5cf32cebe88d461f157889dfd8e9468,True,100,5
b2,b2-k4-xor_dom-tree-3-128078f3da7b,4,4,xor_dom,tree,flat,13043.0,2118.0,6.158168083097261,2335.0,2396.0,2041.0,2108.0,62e7c221122cae8423ae3abd29d9fc9c53287f46a67c831dc0fd497948602a48,True,100,5
b2,b2-k4-xor_dom-tree-4-9a5b24a5b691,4,4,xor_dom,tree,flat,12458.0,1756.0,7.094533029612756,1428.0,1473.0,1546.0,1611.0,bf03ae910baf5f6fdb652b910c8004017dd76989a1ecd128aef435bdf5bfdff9,True,100,5
b2,b2-k4-xor_dom-shared-1-b3e4cd19e589,4,4,xor_dom,shared,flat,12609.0,3541.0,3.560858514543914,1845.0,1934.0,3396.0,3472.0,9a83c6cb1126d93de4a30715b28f1f4b26b983c57fb39e6d826d7e893ae4ee74,True,100,5
b2,b2-k4-xor_dom-shared-2-d4c0909c8173,4,4,xor_dom,shared,flat,13766.0,5022.0,2.7411389884508166,2702.0,2706.0,4881.0,4915.0,bfa9ad6c53bd4fa5c103452ec0f0c7e0d582abdd55bb8f39362c766dd459e870,True,100,5
b2,b2-k4-xor_dom-shared-3-88f8242fa307,4,4,xor_dom,shared,flat,13141.0,4409.0,2.9804944431843956,1885.0,1967.0,4208.0,4354.0,ae8f3419f2285fc482b01c8e22707b13699ad50038026ce4618391aa1c675671,True,100,5
b2,b2-k4-xor_dom-shared-4-28c644b1084a,4,4,xor_dom,shared,flat,13220.0,4156.0,3.180943214629451,2365.0,2475.0,3960.0,4059.0,8fe99e1d4b27948fd5e99e3883f6e2954b653363a4874606a09becab762842ad,True,100,5
b2,b2-k4-andor_dom-tree-1-ea13a53017b8,4,4,andor_dom,tree,flat,12469.0,1545.0,8.070550161812298,1415.0,1490.0,1366.0,1440.0,0d9ba34f231adf13041d4ad21fdfbf7209755748963a9c4683e00cef9a30f068,True,100,5
b2,b2-k4-andor_dom-tree-2-e674d60a6337,4,4,andor_dom,tree,flat,14018.0,1714.0,8.17852975495916,1919.0,1997.0,1531.0,1610.0,40b7b0acaa3a96600fe748a9adb72e7d390fff319c0a222f724ecd7159384a8d,True,100,5
b2,b2-k4-andor_dom-tree-3-269b85d31c4b,4,4,andor_dom,tree,flat,12740.0,1491.0,8.544600938967136,1524.0,1615.0,1314.0,1397.0,5eace7caa8a101d3105c0c338da64e3d62dd7d90b1e4f9a2846f43f9e99ab977,True,100,5
b2,b2-k4-andor_dom-tree-4-d96f9fff14ea,4,4,andor_dom,tree,flat,12762.0,1744.0,7.317660550458716,1998.0,2088.0,1546.0,1616.0,830dcc860e2f53775bdab51b1b2ff210ce23f6366ac76fba9168f62702456c31,True,100,5
b2,b2-k4-andor_dom-shared-1-17ce9f3e12c6,4,4,andor_dom,shared,flat,13979.0,4008.0,3.4877744510978044,2674.0,2767.0,3895.0,3934.0,48b576dfc3447c7a0e6b513608937a23d02e6330c5ed01b0fc4ca98b2bca1feb,True,100,5
b2,b2-k4-andor_dom-shared-2-f7cba4ce652b,4,4,andor_dom,shared,flat,13523.0,3025.0,4.470413223140496,2406.0,2508.0,2822.0,2914.0,085edad400785fca7e7e90b1fac4beb776fc2beee5aa24352d5f39b5d57efcad,True,100,5
b2,b2-k4-andor_dom-shared-3-44c5bbe1b3b1,4,4,andor_dom,shared,flat,12904.0,4326.0,2.9828941285251966,2301.0,2375.0,4109.0,4231.0,8509b81230019d2ad970d970f791dfbdc8caf54f5c594fcd327cef9feed206c1,True,100,5
b2,b2-k4-andor_dom-shared-4-f79caff75ff2,4,4,andor_dom,shared,flat,13093.0,3264.0,4.011335784313726,2052.0,2139.0,3110.0,3193.0,474f2af47544e9c7ce4338cabd43c5ca1c26432b7300ce387406157ea433891f,True,100,5
b2,b2-k4-impeqv_dom-tree-1-d73fd085a946,4,4,impeqv_dom,tree,flat,12599.0,1733.0,7.2700519330640505,1598.0,1663.0,1576.0,1660.0,fac7a6ffd3e55613018acf3b37a17e37f496208ce155acaa10324695365069e4,True,100,5
b2,b2-k4-impeqv_dom-tree-2-cf78873f00c4,4,4,impeqv_dom,tree,flat,12222.0,1902.0,6.425867507886435,1754.0,1845.0,1753.0,1824.0,f3569af837bfacd4b4b6d0e65c49197d37f1adb3bea6b311aed40bf0e7c19204,True,100,5
b2,b2-k4-impeqv_dom-tree-3-0dc01f652163,4,4,impeqv_dom,tree,flat,11979.0,1974.0,6.0683890577507595,1536.0,1619.0,1815.0,1886.0,c06b3cef20609e99f07633eef2aced3698988d513f39c51d4537da1357179f21,True,100,5
b2,b2-k4-impeqv_dom-tree-4-0bc2267938a0,4,4,impeqv_dom,tree,flat,12087.0,1729.0,6.990746096009254,1581.0,1647.0,1553.0,1636.0,15b73ef77d3f7b4473e5e2ce1c8843189467ce6fd6df11d9065c5eb3c0ff877a,True,100,5
b2,b2-k4-impeqv_dom-shared-1-093bd06ebf38,4,4,impeqv_dom,shared,flat,14647.0,7461.0,1.963141670017424,3356.0,3467.0,6841.0,7083.0,6bad351a721281983a6e1f281d7336daf4112fd879642799cf6db6b2c12452a7,True,100,5
b2,b2-k4-impeqv_dom-shared-2-85e742aeb5d6,4,4,impeqv_dom,shared,flat,14870.0,5280.0,2.816287878787879,3250.0,3380.0,4925.0,4938.0,29e6cfa2a6ac59fbab9d5c4d6d564f4255760cf51fd7457a3e7fe343d48ef318,True,100,5
b2,b2-k4-impeqv_dom-shared-3-8552cadc9761,4,4,impeqv_dom,shared,flat,14273.0,6164.0,2.315541855937703,3975.0,4049.0,5834.0,5905.0,5eac72d678bc6b54f36eebba0a3a7394388c0d248b38358a45456a92e9fc5724,True,100,5
b2,b2-k4-impeqv_dom-shared-4-f61110d6fca7,4,4,impeqv_dom,shared,flat,12629.0,6696.0,1.8860513739545997,1887.0,1959.0,6520.0,6567.0,af35cf33330c8003d7af1221cd460af6401a1f4936caf864fc5772657e3ca072,True,100,5
b2,b2-k4-mixed-tree-1-6a5b06e30521,4,4,mixed,tree,flat,12730.0,1841.0,6.914720260727865,2163.0,2245.0,1670.0,1738.0,e9af142af8c43e431b89ecd40f29bbd8c1068cad8afec9b8b07d2e0e9768edf6,True,100,5
b2,b2-k4-mixed-tree-2-39dcef306168,4,4,mixed,tree,flat,13267.0,2255.0,5.883370288248337,2297.0,2379.0,1973.0,2037.0,d6702270d176bac32f4c82874128788420408e580e7c3a1be862bbfe2fb1a632,True,100,5
b2,b2-k4-mixed-tree-3-42ca330baf1d,4,4,mixed,tree,flat,12299.0,2046.0,6.011241446725318,2130.0,2236.0,1918.0,1970.0,e8822f532ae9349b2b5743c494efd216ed4e44f9ebc82a6b1cb54895a5b88433,True,100,5
b2,b2-k4-mixed-tree-4-21975d9e7f15,4,4,mixed,tree,flat,12338.0,1767.0,6.982456140350878,1848.0,1933.0,1636.0,1698.0,46cc6a8cb5bcc0120f98b84c71699b2ac5b90cb34a781ae2a83305fa98cd8e67,True,100,5
b2,b2-k4-mixed-shared-1-1f8d2534cdb0,4,4,mixed,shared,flat,13695.0,3700.0,3.7013513513513514,2508.0,2620.0,3477.0,3553.0,b8811852747cfa3620c3dd2af5d59498c240f208e689b4052bac934c29faf094,True,100,5
b2,b2-k4-mixed-shared-2-8d20aba853af,4,4,mixed,shared,flat,13885.0,3293.0,4.216519890677194,3183.0,3270.0,3129.0,3219.0,fcf0a6c700dd13e274b6fba8deea8dd9b26e4eedde3495717cac8408c9c5177f,True,100,5
b2,b2-k4-mixed-shared-3-8ed832ddfd1a,4,4,mixed,shared,flat,14101.0,5418.0,2.602620893318568,3840.0,3903.0,5181.0,5232.0,c0ba8a33ac67f44abff5984dfbb6f56c46b880ac2b86e1f23e7fa9c402c53ae7,True,100,5
b2,b2-k4-mixed-shared-4-22af367a203f,4,4,mixed,shared,flat,14102.0,4397.0,3.207186718216966,3264.0,3064.0,4075.0,4148.0,339e8fdd18e00f5d48bda16256b4afabd5106771063c47c993e05676cd5264e9,True,100,5
b2,b2-k6-xor_dom-tree-1-bd603bfcb13b,6,6,xor_dom,tree,flat,13005.0,2268.0,5.734126984126984,2129.0,10370.0,2020.0,9305.0,134a2372b7a31f4577e0f1881cee72029d82b9b9f47e40e5367a07212656b59a,True,100,5
b2,b2-k6-xor_dom-tree-2-186d01415e6e,6,6,xor_dom,tree,flat,12083.0,1898.0,6.366174920969441,1477.0,8775.0,1725.0,6968.0,1d32e4a54704fac550a359f8a10b86059decdcb9c5508b41ff340958805d1bc1,True,100,5
b2,b2-k6-xor_dom-tree-3-db17c2d558b5,6,6,xor_dom,tree,flat,12832.0,2076.0,6.18111753371869,1835.0,8902.0,1879.0,7464.0,3771c86aaf3420499795d6e04e7615973a08aa7d0e4e4225479b5e45d6d790e9,True,100,5
b2,b2-k6-xor_dom-tree-4-55e169562c2e,6,6,xor_dom,tree,flat,12603.0,2303.0,5.472427268779852,2249.0,10674.0,2109.0,9712.0,77ec00a4540ec379e53185390153ae3788621199fb76ecced5ba563d8587d205,True,100,5
b2,b2-k6-xor_dom-shared-1-9e510ec73f56,6,6,xor_dom,shared,flat,13843.0,4986.0,2.7763738467709587,3207.0,20391.0,4690.0,28865.0,2aec3bc90a539e122dd54736db4e4400e5b5007095003e6c684efddffc04cfad,True,100,5
b2,b2-k6-xor_dom-shared-2-b6c3c0a8013a,6,6,xor_dom,shared,flat,12736.0,3409.0,3.7359929598122616,2175.0,11668.0,3255.0,17277.0,009e38e0d30da65985e43e9b34e826fd6f0eca25b432424470acf2b2d76135f2,True,100,5
b2,b2-k6-xor_dom-shared-3-032bd0c6858d,6,6,xor_dom,shared,flat,14096.0,5036.0,2.7990468625893565,2896.0,17966.0,4760.0,32048.0,647e06729ebad981aa02e88ae05b3d081a43127e3d34b56fbde7c6413b78f788,True,100,5
b2,b2-k6-xor_dom-shared-4-2ef76830fe72,6,6,xor_dom,shared,flat,12821.0,9578.0,1.3385884318229275,2083.0,10029.0,9434.0,61953.0,edef7ad9513057d8979adaa108d88fbe5f634f3a3dc3c66f9364ef7e8032213f,True,100,5
b2,b2-k6-andor_dom-tree-1-0a0c172dd63a,6,6,andor_dom,tree,flat,12801.0,1726.0,7.41657010428737,1780.0,8119.0,1504.0,6481.0,f848de93b27124b7b13eaefeb6bfa0087e5ebbdf95e1833f4dd9ff0a83e967ac,True,100,5
b2,b2-k6-andor_dom-tree-2-eff74425a5c6,6,6,andor_dom,tree,flat,11914.0,2081.0,5.725132148005766,2039.0,10170.0,1998.0,9848.0,cad6be77a54376f1a05420a4bc3d4683a92d6e8e364fbca00e2996debd78f326,True,100,5
b2,b2-k6-andor_dom-tree-3-d47d0c96cf7f,6,6,andor_dom,tree,flat,13216.0,2229.0,5.9291161956034095,2245.0,9837.0,2062.0,10404.0,50914e4773046b53f84ce0f6f4539f4b538cc3fe27541eabae848d1b199cf00b,True,100,5
b2,b2-k6-andor_dom-tree-4-9dc0cd28326c,6,6,andor_dom,tree,flat,13480.0,2159.0,6.243631310792034,2281.0,11780.0,2006.0,10146.0,c9b8b2d93f46839e42d4fa0c013558ab346efeafcd9458aa0784a14e80460c26,True,100,5
b2,b2-k6-andor_dom-shared-1-b8d344418390,6,6,andor_dom,shared,flat,15535.0,5547.0,2.800612943933658,3619.0,18483.0,5313.0,30012.0,3e990d45c83fa01d9bf0c64b79ed7678df3c723614f0f7eccdc3d196fa3073e9,True,100,5
b2,b2-k6-andor_dom-shared-2-64893da6cbd9,6,6,andor_dom,shared,flat,14355.0,7335.0,1.9570552147239264,3080.0,18540.0,7079.0,48577.0,46386ff0eccd7a7871daa3122b418bbf8e0d0180eca74808a53b2c3ed970f50e,True,100,5
b2,b2-k6-andor_dom-shared-3-a125454cd529,6,6,andor_dom,shared,flat,13046.0,4049.0,3.222030130896518,2623.0,18620.0,3986.0,24934.0,3f710ac088db33363087de2b9a657541fe5447821debaa9fe5cbd538eb1a5f29,True,100,5
b2,b2-k6-andor_dom-shared-4-0dd35386d57d,6,6,andor_dom,shared,flat,13072.0,3657.0,3.574514629477714,2859.0,18798.0,3629.0,23988.0,1656c269d0236784b54b17c8ef8406cea69739a8e3a204b3cbb8bfa53449f35b,True,100,5
b2,b2-k6-impeqv_dom-tree-1-c05059f5591f,6,6,impeqv_dom,tree,flat,13221.0,2444.0,5.409574468085107,2411.0,11543.0,2267.0,11510.0,7524471d915b02b29cef6bb1183791a371f6ace366b980da3b4594da2e301b21,True,100,5
b2,b2-k6-impeqv_dom-tree-2-187a6f599749,6,6,impeqv_dom,tree,flat,14075.0,3025.0,4.652892561983471,2977.0,14933.0,2746.0,14527.0,1e13d706fb3dda034bfb6bd79f1f24f0a35baa6c661823432c53d2ac2c6be21a,True,100,5
b2,b2-k6-impeqv_dom-tree-3-9df370a422d4,6,6,impeqv_dom,tree,flat,14139.0,3151.0,4.487146937480165,3210.0,17038.0,2891.0,16950.0,28a94295a090f24e443f2d252b023381603f14ffb2377f65b6be6020665e3e9a,True,100,5
b2,b2-k6-impeqv_dom-tree-4-07d0d6da2af7,6,6,impeqv_dom,tree,flat,13093.0,2952.0,4.4352981029810294,2831.0,15153.0,2542.0,15359.0,8f70d951764efc3a27090723594ff891fe9fb6f0f120509230ab0b05e930f6b6,True,100,5
b2,b2-k6-impeqv_dom-shared-1-f68095cd3ba2,6,6,impeqv_dom,shared,flat,15911.0,6154.0,2.5854728631784205,5734.0,41492.0,6008.0,41591.0,456fa9ee42dce63c64416e513d4e929a4ee3caabd2db6c1d980b63123ef8151d,True,100,5
b2,b2-k6-impeqv_dom-shared-2-22089ede1135,6,6,impeqv_dom,shared,flat,15756.0,6320.0,2.4930379746835443,4803.0,28592.0,5978.0,42530.0,da5dc6f3940660a47e580ca74507b1073a28fc8818f12f7901782e7f17c39b91,True,100,5
b2,b2-k6-impeqv_dom-shared-3-32d1a4c2066e,6,6,impeqv_dom,shared,flat,15686.0,7089.0,2.212723938496262,4921.0,28745.0,6927.0,44954.0,ea0d9f4b80c89400af7c42e36ca3620d6893ac17c46c1fe18b9f59bbc42433b8,True,100,5
b2,b2-k6-impeqv_dom-shared-4-3e4e99468c60,6,6,impeqv_dom,shared,flat,16457.0,6666.0,2.468796879687969,5205.0,32211.0,6228.0,41666.0,f6b41ca15f86f66da7370a58a52c273cdddd507c80b432acf9de9d69ab5f6e54,True,100,5
b2,b2-k6-mixed-tree-1-9ecccc175ad2,6,6,mixed,tree,flat,13412.0,2576.0,5.206521739130435,2829.0,13792.0,2428.0,13240.0,cc748c8dd498ebf4ba264da58e9b3b3c3cd35ba8a8d734c934c91675c283fc04,True,100,5
b2,b2-k6-mixed-tree-2-40b1238ea748,6,6,mixed,tree,flat,13843.0,2694.0,5.138455827765404,3015.0,13213.0,2539.0,13009.0,50b964a05d1cc7f170c8e535883101b324eeedb8ca72b9b15fb11465c0efdc4c,True,100,5
b2,b2-k6-mixed-tree-3-aeb0c639e3f5,6,6,mixed,tree,flat,13242.0,2364.0,5.601522842639594,2541.0,11050.0,2192.0,10548.0,70502cbecab45d272c4e30db55dde2af39dabf59ea4cb5b06c13d6335e5470af,True,100,5
b2,b2-k6-mixed-tree-4-987f3c678ab0,6,6,mixed,tree,flat,14119.0,2904.0,4.861914600550964,2947.0,14819.0,2669.0,14057.0,4506d091ec25797f922490bd81243c8f7290dc8a6844c6537f3e46dd4720faf9,True,100,5
b2,b2-k6-mixed-shared-1-bf5809ef3c65,6,6,mixed,shared,flat,15270.0,8125.0,1.8793846153846154,3334.0,20733.0,7629.0,56818.0,d80e470e33e534894d3e5df0e299031a7e9f0ac845d9035403c74342fad902d2,True,100,5
b2,b2-k6-mixed-shared-2-33593cbc9843,6,6,mixed,shared,flat,15538.0,5553.0,2.7981271384837023,4566.0,27045.0,5245.0,34576.0,991201b381b64d183be8d60df0a5b23afa16a6c4f1747ae0fafc957a288b8155,True,100,5
b2,b2-k6-mixed-shared-3-a377b00385d6,6,6,mixed,shared,flat,17266.0,8266.0,2.0887974836680376,5156.0,31513.0,7712.0,57456.0,5683fd468752a8eebd3fecdf82e47864ac13a8699d5fe2495930fb25fa755b75,True,100,5
b2,b2-k6-mixed-shared-4-d71d1df79e0f,6,6,mixed,shared,flat,14710.0,7146.0,2.0584942625244893,3850.0,20549.0,6737.0,43581.0,649807f9b389602dad3c9be515538cf94aea9d5cc3dfb85d443ffc48f9d24360,True,100,5
b2,b2-k8-xor_dom-tree-1-e3305253a197,8,8,xor_dom,tree,flat,14140.0,2885.0,4.901213171577123,3026.0,11135.0,2662.0,12370.0,46af8650e56cb3d8316990197ae711b02c6005066cac2953e04fc0ca70015a55,True,100,5
b2,b2-k8-xor_dom-tree-2-13ed19191907,8,8,xor_dom,tree,flat,14173.0,3259.0,4.348880024547407,3113.0,13476.0,2910.0,14768.0,e1816aca7b95dbe067940f525f729f06e1e3535d98b933099d96513ab738a3bc,True,100,5
b2,b2-k8-xor_dom-tree-3-6411e7a81de6,8,8,xor_dom,tree,flat,12941.0,3190.0,4.056739811912226,3097.0,12645.0,3142.0,14128.0,e3b16859071e39ef7e23d1c58adf4b4d9f7bd4834a5d7fb37c7e5bd4ffc3bf12,True,100,5
b2,b2-k8-xor_dom-tree-4-c77ef7ea382c,8,8,xor_dom,tree,flat,14475.0,3039.0,4.763079960513327,3252.0,12261.0,2872.0,12573.0,64256c18b54a69684f950bf04e330c2a5d4ff3ee20ae16427bd89a85344dbdf6,True,100,5
b2,b2-k8-xor_dom-shared-1-39a6b403d2d3,8,8,xor_dom,shared,flat,15266.0,5655.0,2.6995579133510166,3876.0,16126.0,5405.0,30456.0,969e55e56254cb0c53aae5eaf2bf2ae32c59ac1ba8cda5ed517b46ff3a91b000,True,100,5
b2,b2-k8-xor_dom-shared-2-13d2013b2012,8,8,xor_dom,shared,flat,12549.0,4246.0,2.9554875176636837,2021.0,8230.0,4085.0,21889.0,c685e7aa0cf19a6f715b097a9d3252953f12dde3bf98a0f43deef53ac6245c78,True,100,5
b2,b2-k8-xor_dom-shared-3-c2eeb3424108,8,8,xor_dom,shared,flat,14237.0,5996.0,2.3744162775183457,3089.0,14585.0,6091.0,33856.0,6eb7bcba5a6aa5f243c21c44059f0b469b9f09ed9a02eb46abb5d3b379a21f83,True,100,5
b2,b2-k8-xor_dom-shared-4-b7ecc9bde8c8,8,8,xor_dom,shared,flat,16696.0,8355.0,1.9983243566726512,5134.0,21946.0,8200.0,46585.0,288e53bef7c9f70b78ec03366f445225a7937c0d6c72724b6d60e44db6fd53a4,True,100,5
b2,b2-k8-andor_dom-tree-1-0a99939bca63,8,8,andor_dom,tree,flat,14053.0,2754.0,5.102759622367466,2700.0,10534.0,2552.0,11408.0,8fd28e1480f36482da1a002c844de2475a8c1509bb3c5f17bc852f253674c754,True,100,5
b2,b2-k8-andor_dom-tree-2-cbc8a38367ce,8,8,andor_dom,tree,flat,15785.0,2520.0,6.263888888888889,2772.0,9627.0,2292.0,10234.0,3d79bfe61802b728b5e2d9a5a13fc4c2e855c7614300109f66b4512e32c1ca43,True,100,5
b2,b2-k8-andor_dom-tree-3-329734acd78e,8,8,andor_dom,tree,flat,13477.0,2585.0,5.213539651837524,2669.0,10087.0,2395.0,10790.0,de720284cb8b83b7752b2428ee149a8a958c8b0df09a2818c89b1d2e9cec3291,True,100,5
b2,b2-k8-andor_dom-tree-4-fa17785afafe,8,8,andor_dom,tree,flat,14903.0,2600.0,5.731923076923077,3099.0,10843.0,2522.0,11561.0,e81aaaaf5c7365dfb830e4ef552588ef192a92c961dc5d3b2d0774e6f5f42835,True,100,5
b2,b2-k8-andor_dom-shared-1-69a470723d85,8,8,andor_dom,shared,flat,13553.0,4986.0,2.7182109907741676,3242.0,13175.0,4768.0,27492.0,d09260b32b9036615aa0a298b0be0cb238f5a32466a24e74b66ac6cfc665270a,True,100,5
b2,b2-k8-andor_dom-shared-2-775ee4cbbb58,8,8,andor_dom,shared,flat,14051.0,4481.0,3.135683999107342,3654.0,15649.0,4415.0,26400.0,64736495552f7d588011b5d4dee6824053c01ef39c79204d75808e0ed5578a72,True,100,5
b2,b2-k8-andor_dom-shared-3-5e5303eaddfb,8,8,andor_dom,shared,flat,15197.0,4933.0,3.0806811271031824,4532.0,19398.0,4621.0,27038.0,84d9f58be131996c613a24c6bad7f9cfc8fc2dced6da06cbeae5828f30c5ba7a,True,100,5
b2,b2-k8-andor_dom-shared-4-0f2c3ce95a60,8,8,andor_dom,shared,flat,23328.0,7911.0,2.948805460750853,4370.0,19868.0,4669.0,29584.0,25e947aaa44b7574bce0d0ac4d91d63489a7837f6af73764eab3cc83eff2b01f,True,100,5
b2,b2-k8-impeqv_dom-tree-1-3976cb8a8eb7,8,8,impeqv_dom,tree,flat,14129.0,3229.0,4.375658098482503,3407.0,12095.0,3063.0,12014.0,9531d19a39d1a78eec73434e717a83cf79fa45f90d2765dc523db518b3697bef,True,100,5
b2,b2-k8-impeqv_dom-tree-2-575c0b583dee,8,8,impeqv_dom,tree,flat,15945.0,4306.0,3.702972596377148,4532.0,17255.0,4062.0,16808.0,f88dc445236ad27d04c5a74e2871821110c0dc36e8dae49131312ad077f3261a,True,100,5
b2,b2-k8-impeqv_dom-tree-3-d5e4f370e98e,8,8,impeqv_dom,tree,flat,15934.0,4266.0,3.73511486169714,4441.0,17274.0,3957.0,16969.0,e673bd4ecbb357747580f30354acd0a1fe7a42af6dcd35f60e2af6c926e4ee1a,True,100,5
b2,b2-k8-impeqv_dom-tree-4-e0ca29a93790,8,8,impeqv_dom,tree,flat,14543.0,3343.0,4.350284175889919,3319.0,13102.0,3148.0,13291.0,f1b43719eaea9c28c2bcc7797b027fa9e77c4aaea97a7806365d47a0924e2909,True,100,5
b2,b2-k8-impeqv_dom-shared-1-773a9da63c46,8,8,impeqv_dom,shared,flat,17974.0,6933.0,2.5925284869464877,6065.0,25837.0,6586.0,30700.0,3b65ebd0507c96a532e9ddb9576f815bc022606a088fa00e45975372ceca63d2,True,100,5
b2,b2-k8-impeqv_dom-shared-2-dc9d85a45968,8,8,impeqv_dom,shared,flat,14919.0,6489.0,2.2991215903837263,4879.0,21642.0,6094.0,28188.0,a20f0fa32a3ae96daafe19c0fdfc34275718c1a7704b8f97b39c81440d0d66a1,True,100,5
b2,b2-k8-impeqv_dom-shared-3-94e2d9a0a313,8,8,impeqv_dom,shared,flat,16965.0,7808.0,2.1727715163934427,6025.0,24873.0,7295.0,34872.0,fd1f53f68b66014297161c5dffa9b1fc333d2a86ec2b4e2e6104bc0d6b795d70,True,100,5
b2,b2-k8-impeqv_dom-shared-4-2f7845a8dfa7,8,8,impeqv_dom,shared,flat,17372.0,10676.0,1.6272011989509179,6158.0,25730.0,10001.0,49423.0,48e63c1a11cb0d080536dcb51cc2d060417613566341202ea999668099542938,True,100,5
b2,b2-k8-mixed-tree-1-37379aed18cc,8,8,mixed,tree,flat,14329.0,3203.0,4.473618482672495,3329.0,12825.0,2936.0,13703.0,46857c01ef2600404806313e98a00270bda713004aad3f522ef97f8b99dbf8d3,True,100,5
b2,b2-k8-mixed-tree-2-64fdfc904809,8,8,mixed,tree,flat,15347.0,3230.0,4.75139318885449,3763.0,14357.0,3079.0,14717.0,3331a38050c24c8daa54e6b7c23ad776764e78a23ae0b95a773dc5d240371a38,True,100,5
b2,b2-k8-mixed-tree-3-1a734e9283ab,8,8,mixed,tree,flat,13869.0,2494.0,5.560946271050521,2708.0,9778.0,2374.0,10146.0,90c94f3372b4e17bacff811f01bca854e743251196514d9791e9a8aec42244f0,True,100,5
b2,b2-k8-mixed-tree-4-e12838f7e137,8,8,mixed,tree,flat,13879.0,3066.0,4.526744944553164,3142.0,12106.0,2827.0,13169.0,ac5919231d3637285700f6c4c5aa7c8aac2c0236c2c6c2db742a320a6b46e66d,True,100,5
b2,b2-k8-mixed-shared-1-1c2a917da296,8,8,mixed,shared,flat,15179.0,6915.0,2.1950831525668835,4326.0,18972.0,6540.0,35112.0,084e640fa57cbf5f097fd08636fe5e98e23839d95c532099efe1a7a838dbafca,True,100,5
b2,b2-k8-mixed-shared-2-3705369d2025,8,8,mixed,shared,flat,14486.0,5400.0,2.6825925925925924,3558.0,15829.0,5033.0,28318.0,ca72bc9bb4f0f6e2ddd3d641d94a62163a066af9d77ac3937cb00d134dfd46f2,True,100,5
b2,b2-k8-mixed-shared-3-7ac091ab0ff3,8,8,mixed,shared,flat,16584.0,6707.0,2.47264052482481,5042.0,22523.0,6427.0,37242.0,4248c9b3f703df679b477bf075256cda4912f14382e7e3af86f3adc3a2bef552,True,100,5
b2,b2-k8-mixed-shared-4-761923963fb0,8,8,mixed,shared,flat,15114.0,5272.0,2.8668437025796663,4004.0,16875.0,5152.0,27729.0,0f26ac14628db4891a38eb6cc5ecb59db84a9796c433fd0f0ff7a5eecc4fec25,True,100,5
b2,b2-k10-xor_dom-tree-1-77230e81be62,10,10,xor_dom,tree,flat,13832.0,3112.0,4.4447300771208225,2348.0,9876.0,2884.0,12712.0,f4bd7cb6d894da1941302437ccf55c6d9bd9cb292196c1d561dedb49901754e4,True,25,5
b2,b2-k10-xor_dom-tree-2-b2b59ccfcc06,10,10,xor_dom,tree,flat,13964.0,3000.0,4.6546666666666665,2760.0,10452.0,2840.0,12076.0,0bbd3db6d49c182c7ead9ffb206e26b1c610422940832230be18b4c64709ee3c,True,25,5
b2,b2-k10-xor_dom-tree-3-25d12caacfcf,10,10,xor_dom,tree,flat,15588.0,4196.0,3.714966634890372,3972.0,15480.0,3928.0,17264.0,761b19ded3cd7c6125a2f2da98b1c268cbc5b25a9d551d0d9f05c277c1857514,True,25,5
b2,b2-k10-xor_dom-tree-4-04f54e4b6bdc,10,10,xor_dom,tree,flat,14568.0,3324.0,4.382671480144404,3076.0,12244.0,3148.0,14200.0,5000883c6bbe89a7f96ee4a08d3d04023911181e77f9d6f4ba49f6ba34e14573,True,25,5
b2,b2-k10-xor_dom-shared-1-b1df44674c4f,10,10,xor_dom,shared,flat,13912.0,5084.0,2.7364280094413846,2664.0,11772.0,4968.0,27596.0,64cb1dd5e87df195d3a5640f0f16b021f2e876b208820bda0aed2845cdcf016e,True,25,5
b2,b2-k10-xor_dom-shared-2-972e9d7d2b36,10,10,xor_dom,shared,flat,16624.0,6356.0,2.615481434864695,4856.0,19424.0,6164.0,34904.0,27ddd67ef29981b9b24889ea43fac48a1ec9eb77eb37aa5a7d47feea46419c9f,True,25,5
b2,b2-k10-xor_dom-shared-3-cf872e9babd8,10,10,xor_dom,shared,flat,16460.0,6404.0,2.570268582136165,4372.0,18056.0,6204.0,33028.0,eb4559ebfa931806d97c952a7959464f8134746b139c9c252bbe5d8c0ffa8c64,True,25,5
b2,b2-k10-xor_dom-shared-4-dd24aa5a61a6,10,10,xor_dom,shared,flat,16948.0,5716.0,2.9650104968509448,4432.0,17932.0,5440.0,27968.0,b46d9f523cdf3dff3a17467140b0da2c922f1adb28d416e004eb247ddc5ee027,True,25,5
b2,b2-k10-andor_dom-tree-1-a8fc7f363671,10,10,andor_dom,tree,flat,15928.0,3396.0,4.6902237926972905,3568.0,12928.0,3244.0,14840.0,ebf92b7e7ae41e047af3f1eb28dbb964c9771aeae2618553b6c339d4a2eedb66,True,25,5
b2,b2-k10-andor_dom-tree-2-7400a955a56c,10,10,andor_dom,tree,flat,17604.0,4564.0,3.857142857142857,5328.0,18580.0,4516.0,18768.0,30d5060db7e2b493d9e99eef52a71ec6f1485c7ac8e517d905d958281a5b00e9,True,25,5
b2,b2-k10-andor_dom-tree-3-42d9480de48e,10,10,andor_dom,tree,flat,15456.0,3592.0,4.302895322939866,3716.0,12800.0,3416.0,14848.0,7efc6a69c4232f0ab321ee5249f71dbd53c5c70a6451e2e0f7fc4666559a3722,True,25,5
b2,b2-k10-andor_dom-tree-4-837da4e67104,10,10,andor_dom,tree,flat,14620.0,2864.0,5.104748603351955,3260.0,11412.0,2680.0,11860.0,46b1a2a910859148f0cea6d361339e29c7f212a819e8f68dc7efafa95acf8a19,True,25,5
b2,b2-k10-andor_dom-shared-1-071d6b8e4bb7,10,10,andor_dom,shared,flat,17756.0,10176.0,1.7448899371069182,6052.0,25812.0,9772.0,58140.0,2023bed7c6d67a4c9d4c5e68fc10a864e8a221cce3a504eeb9a5a1df50f2397f,True,25,5
b2,b2-k10-andor_dom-shared-2-16ca12c11ee1,10,10,andor_dom,shared,flat,16776.0,8024.0,2.090727816550349,5372.0,22156.0,7752.0,45116.0,d25214afe652c886762108a089e935eff46230b85de72818e00ca84571629e82,True,25,5
b2,b2-k10-andor_dom-shared-3-22432c1ba51e,10,10,andor_dom,shared,flat,15044.0,4980.0,3.020883534136546,3824.0,16976.0,4716.0,26896.0,61292e14dd3f798c3df8a836c0490e4eb6288368a970d63c20944478da823ce4,True,25,5
b2,b2-k10-andor_dom-shared-4-7f3eabfd2bc0,10,10,andor_dom,shared,flat,16912.0,5944.0,2.845222072678331,5536.0,22804.0,5748.0,30556.0,ef41308852853f4cc52229ddade54e424af29dd99a564d4718ea4177daccf4d1,True,25,5
b2,b2-k10-impeqv_dom-tree-1-d65cd8c37d53,10,10,impeqv_dom,tree,flat,18484.0,6592.0,2.804004854368932,6644.0,23068.0,6468.0,23344.0,6a277e9b6f1a2c9d5406a1ad99b4f6882da9542b22cd8fbe9d99c3005a604450,True,25,5
b2,b2-k10-impeqv_dom-tree-2-c28e8c343d74,10,10,impeqv_dom,tree,flat,15400.0,4108.0,3.7487828627069133,4244.0,14788.0,3920.0,14344.0,7f49ad0ac1c2e262607d04e82a59052fca7b1a050532196ae13874ad77ddf3d1,True,25,5
b2,b2-k10-impeqv_dom-tree-3-4537a75ce604,10,10,impeqv_dom,tree,flat,16996.0,5444.0,3.1219691403379866,5392.0,20088.0,5068.0,19144.0,56d24a658c7cbe708adf0414be52f24ddc0aa1f015579185dc0cd48a1f240882,True,25,5
b2,b2-k10-impeqv_dom-tree-4-146866abdaef,10,10,impeqv_dom,tree,flat,15428.0,4444.0,3.4716471647164715,7456.0,31040.0,4156.0,14140.0,5314217abb5a6447b09852854165d1b704f2905cddd68cebeadfdaf9cceb96dd,True,25,5
b2,b2-k10-impeqv_dom-shared-1-a2d9511bd8a2,10,10,impeqv_dom,shared,flat,19952.0,11032.0,1.8085569253081943,9556.0,34784.0,11172.0,42992.0,3b07de64b0c63311c34ee1d14d51cd0dbff4fa063cc3cc72eda1bc51bd02dfc6,True,25,5
b2,b2-k10-impeqv_dom-shared-2-e0619ddaeb12,10,10,impeqv_dom,shared,flat,20088.0,10512.0,1.9109589041095891,8648.0,30232.0,10324.0,39308.0,f834dbdf22fd8cf1b2092bb052117469798775d42c4cc697442cc22ba86df612,True,25,5
b2,b2-k10-impeqv_dom-shared-3-456d3bc52660,10,10,impeqv_dom,shared,flat,19980.0,15604.0,1.2804409125865164,8224.0,28064.0,15068.0,65412.0,e90aaf1e4409cd954c1689522f626be0c05bd03a907bba5e153335cd2fa656c5,True,25,5
b2,b2-k10-impeqv_dom-shared-4-2386e2077320,10,10,impeqv_dom,shared,flat,20460.0,14504.0,1.4106453392167677,8548.0,29712.0,14232.0,54852.0,650e7da2e8455d8ed3c88f0b1bd75c14a36dcec3d79f9bf1ab2e401e20537b2b,True,25,5
b2,b2-k10-mixed-tree-1-f431ce588c32,10,10,mixed,tree,flat,14080.0,3700.0,3.8054054054054056,3236.0,11892.0,2844.0,15000.0,4745731af5e9243209198887508a49500828d5e3b5b95a785cd4015c2c9746c2,True,25,5
b2,b2-k10-mixed-tree-2-82994a7af72e,10,10,mixed,tree,flat,15100.0,4444.0,3.397839783978398,4744.0,16316.0,4416.0,18652.0,999e6cb468a0387d197bfc65cc9bfd4b994d448c970bc3da29f6bd6f9fffd95e,True,25,5
b2,b2-k10-mixed-tree-3-961dbd1e0dd8,10,10,mixed,tree,flat,15456.0,3348.0,4.616487455197133,3832.0,15816.0,3228.0,14176.0,c764aed964b41ffe8a6d6671bb0382489e45362d47d9f79f5f06116a50ae4f44,True,25,5
b2,b2-k10-mixed-tree-4-a46b1cdc2617,10,10,mixed,tree,flat,15096.0,3296.0,4.580097087378641,5956.0,12468.0,3140.0,12364.0,2482721c239c03e6563c0d339ad648261c9bde5695c190c7e3fc844e703949e8,True,25,5
b2,b2-k10-mixed-shared-1-ed6b5cd37350,10,10,mixed,shared,flat,18040.0,7648.0,2.3587866108786613,6500.0,24348.0,7244.0,34100.0,6d93321deb38f1132aad525ae54ba3a0281a6927f26d0ef1270e7b1a966ce072,True,25,5
b2,b2-k10-mixed-shared-2-ee63ac52edf4,10,10,mixed,shared,flat,17020.0,7976.0,2.133901705115346,5412.0,22312.0,7840.0,36360.0,d5b9585357b8851bce30f11eac0744be80f6c99086765fbec06556e8dcba487c,True,25,5
b2,b2-k10-mixed-shared-3-189118134673,10,10,mixed,shared,flat,17744.0,8100.0,2.1906172839506173,5588.0,21904.0,7864.0,37488.0,f63d4bbf0860a4b54fa10e72b56cdefdb2fec0a8f874429c44c8c467d12f3716,True,25,5
b2,b2-k10-mixed-shared-4-bc98fc0156a1,10,10,mixed,shared,flat,20828.0,10516.0,1.9806009889691898,7416.0,29408.0,10024.0,48772.0,f7743b4d3584d737f00c61e0d0e4483f3eeeed164a52e0b4b9f6adfd08ed6134,True,25,5
b2,b2-k12-xor_dom-tree-1-58b08f43ff42,12,12,xor_dom,tree,flat,17836.0,5496.0,3.2452692867540027,5532.0,15024.0,5168.0,16328.0,b47bd399acce2d9e4a4446b7ddedd667546ab768effebe79232934adf8822fcd,True,25,5
b2,b2-k12-xor_dom-tree-2-f9f1dbfc58a0,12,12,xor_dom,tree,flat,19100.0,6512.0,2.9330466830466833,6288.0,16324.0,6316.0,18936.0,427ec03b5f5d547ae32f7cfc4a065844544ee6965f1ba9ad58b8446c6e83cded,True,25,5
b2,b2-k12-xor_dom-tree-3-732256a48755,12,12,xor_dom,tree,flat,19108.0,7348.0,2.6004354926510613,5792.0,16048.0,5812.0,18960.0,c7302e58732f124950724bb164ab08c8e412445463d0e329387615054bd17e6f,True,25,5
b2,b2-k12-xor_dom-tree-4-d425291e801e,12,12,xor_dom,tree,flat,16584.0,5556.0,2.9848812095032398,5192.0,13472.0,5508.0,15760.0,882842244bf707ab8293f5c692f94aabc749c16effedfcb3c1dbd0d978b94898,True,25,5
b2,b2-k12-xor_dom-shared-1-471ce8cfd63d,12,12,xor_dom,shared,flat,19364.0,9440.0,2.051271186440678,7316.0,19476.0,9160.0,30660.0,ac3fc79eacd1d3ed9e99f95d4d164e885aa62b794868cf4e8716c6affda9b2cb,True,25,5
b2,b2-k12-xor_dom-shared-2-c00263664ad9,12,12,xor_dom,shared,flat,19748.0,26844.0,0.7356578751303829,8272.0,23088.0,27464.0,92660.0,33e3c96f05ea739bc01ccd8787cc5e2af60ae27c0040f5ec6696ff322370b74f,True,25,5
b2,b2-k12-xor_dom-shared-3-75c78e4c8980,12,12,xor_dom,shared,flat,28692.0,19456.0,1.4747121710526316,14576.0,47896.0,16888.0,70836.0,a1b36dd03e496fe7dbb7c1055d8a78a826fa830ee6ec76048bf0b94903351520,True,25,5
b2,b2-k12-xor_dom-shared-4-ef377d6180bd,12,12,xor_dom,shared,flat,19624.0,13540.0,1.4493353028064992,7908.0,23464.0,13140.0,37056.0,ad1260d2805fb2e3089ad381f925524c0c3a8d8d99c946dffde12cf6364f3bc7,True,25,5
b2,b2-k12-andor_dom-tree-1-a97f101c02c9,12,12,andor_dom,tree,flat,16512.0,4776.0,3.457286432160804,5052.0,15948.0,4592.0,17776.0,1c70364ab0c6d294988f2cd9350a324e844b3bef3795c32a0449c50168a8ef9a,True,25,5
b2,b2-k12-andor_dom-tree-2-7c935460fe73,12,12,andor_dom,tree,flat,23396.0,7792.0,3.002566735112936,8152.0,17336.0,7496.0,19312.0,277a0bd63a0736365059119411599b5aaf498f03c37eb8c6019cafcac3ac0c0f,True,25,5
b2,b2-k12-andor_dom-tree-3-3425f4494063,12,12,andor_dom,tree,flat,18752.0,6420.0,2.920872274143302,7172.0,21044.0,6184.0,19392.0,20df078becaffb7697d484657044c06259823bed8550d38b29c0130a91510b08,True,25,5
b2,b2-k12-andor_dom-tree-4-4668b9a9de6a,12,12,andor_dom,tree,flat,20268.0,5128.0,3.952418096723869,5156.0,14596.0,4836.0,17236.0,d17d47659342e84f45d293475ae80d1440c596010bad72068c02d0538116fb8c,True,25,5
b2,b2-k12-andor_dom-shared-1-50f526a5c97f,12,12,andor_dom,shared,flat,23064.0,22852.0,1.0092770873446526,9940.0,19576.0,22284.0,50472.0,085867a3008fc330558d9a52d31e9e1c0f9805d909277ee6f4512554def6ca0e,True,25,5
b2,b2-k12-andor_dom-shared-2-50260f8a12a2,12,12,andor_dom,shared,flat,19824.0,13252.0,1.495925143374585,8688.0,27264.0,13076.0,49584.0,af151701c29240b24d2bbdee39b0c6b4f1c3db6776f0fca3fa0a70c6e4d6c55d,True,25,5
b2,b2-k12-andor_dom-shared-3-0c0054958df2,12,12,andor_dom,shared,flat,17944.0,8548.0,2.0992044922788957,5268.0,15204.0,8408.0,30844.0,71edf00a5137651c0a4fb97720d8baa0b6ce7db6da6567afec547030d5499922,True,25,5
b2,b2-k12-andor_dom-shared-4-4b3e0c13b861,12,12,andor_dom,shared,flat,21904.0,11804.0,1.8556421552016267,8924.0,22284.0,11704.0,30832.0,05554d5b91542982023de10c6e728ca182d34cc773455cb52b396e9b54c4ea25,True,25,5
b2,b2-k12-impeqv_dom-tree-1-b84e5ead9772,12,12,impeqv_dom,tree,flat,21572.0,10784.0,2.0003709198813056,10796.0,19664.0,10540.0,19932.0,8bbf576bad1940554ba4dfbdcccbac9e5815b6edabcdc8be19495390d01d8653,True,25,5
b2,b2-k12-impeqv_dom-tree-2-efcfe8a9d099,12,12,impeqv_dom,tree,flat,26140.0,14248.0,1.83464345873105,14804.0,26812.0,14240.0,26760.0,12bb8d46f3dc7c1b2d765504f1204f9320b843e9936bf45b93c9dd882ea43beb,True,25,5
b2,b2-k12-impeqv_dom-tree-3-55ecbcba0651,12,12,impeqv_dom,tree,flat,23880.0,11436.0,2.088142707240294,11760.0,20456.0,11332.0,20412.0,7706cdf872b2f54e859c5e467f810d90a27b5012d71cc14b9184bac89fa49101,True,25,5
b2,b2-k12-impeqv_dom-tree-4-d18fdd8343dc,12,12,impeqv_dom,tree,flat,26940.0,13580.0,1.98379970544919,13900.0,25044.0,13288.0,24964.0,5023ff3d5a8388df2f16269410d8c0f53d8424ec6b906f93eede58371eb3e700,True,25,5
b2,b2-k12-impeqv_dom-shared-1-a0a2c0931e69,12,12,impeqv_dom,shared,flat,34968.0,31608.0,1.1063022019741837,21636.0,35424.0,30816.0,54560.0,c7b32fa81162ac5c89f652db28dbb2a74603fa55ad809e80665fb863c0b85982,True,25,5
b2,b2-k12-impeqv_dom-shared-2-1385a0b1080c,12,12,impeqv_dom,shared,flat,27700.0,20308.0,1.3639944849320464,15772.0,27848.0,20128.0,40232.0,ed2456209e3c9c214dd3fb32696b3d14e49809d467d353e0e4491ef7597972ed,True,25,5
b2,b2-k12-impeqv_dom-shared-3-c60cc82b0720,12,12,impeqv_dom,shared,flat,30552.0,23940.0,1.276190476190476,18296.0,32268.0,23964.0,45788.0,1f5e30ff999fd78ba6cf030159d9c0aa183021f5f490ffadb04748179aa955dc,True,25,5
b2,b2-k12-impeqv_dom-shared-4-5d7fc59cbaf7,12,12,impeqv_dom,shared,flat,31212.0,22624.0,1.3795968882602545,19152.0,33436.0,22168.0,43396.0,65e35349e4a9010a3b6bc75bb6cd6e9387358c2ab01c9eb392d787a38e96b7ea,True,25,5
b2,b2-k12-mixed-tree-1-ddb82bdf8146,12,12,mixed,tree,flat,21400.0,7376.0,2.901301518438178,7884.0,16696.0,7148.0,17088.0,9c8b248d77b14f016a5c8523895940246703d3753efb78809b5f7a0d630e976e,True,25,5
b2,b2-k12-mixed-tree-2-380dba915931,12,12,mixed,tree,flat,19780.0,7284.0,2.71554091158704,7848.0,17284.0,7144.0,17956.0,357ab1032ff9d89f13986c91b214ecdee357db539ccc245df471924319d0755c,True,25,5
b2,b2-k12-mixed-tree-3-e56bca913be9,12,12,mixed,tree,flat,22240.0,9308.0,2.3893425010743448,9916.0,21252.0,9096.0,21852.0,83f7f5180404aaff1e4d42351c83fa2c083c68d3179ba35daa204ccc350af1fc,True,25,5
b2,b2-k12-mixed-tree-4-4769a3d3ef25,12,12,mixed,tree,flat,23096.0,10688.0,2.160928143712575,10876.0,19812.0,10416.0,21428.0,3e999714a42c4f044b430b8cc40abb720d38493759d9fe0cc549d769e03d9ad9,True,25,5
b2,b2-k12-mixed-shared-1-f8b45cd2b4da,12,12,mixed,shared,flat,27640.0,19508.0,1.416854623744105,13984.0,34364.0,19052.0,53012.0,58d74552627d4b7e9c125d6eb17b2f852862824480487ffbd2d2855002864947,True,25,5
b2,b2-k12-mixed-shared-2-50e3ef4d7ce9,12,12,mixed,shared,flat,25792.0,16792.0,1.5359695092901382,12888.0,29720.0,16356.0,43576.0,7d6ab2fd13b177da1853d5aba62e55a9f8bd1d2f9b1c5a128c5194b40f2544ca,True,25,5
b2,b2-k12-mixed-shared-3-b8fa1dce4b0b,12,12,mixed,shared,flat,22584.0,23540.0,0.9593882752761257,10008.0,22468.0,22832.0,51140.0,d170e5645e8911a3ecb37073163e94e81699b620f5d1a07eeb2d13301d1a8f3d,True,25,5
b2,b2-k12-mixed-shared-4-b5d9843db5e5,12,12,mixed,shared,flat,26164.0,17116.0,1.5286281841551765,13096.0,30392.0,17092.0,55900.0,f056e6820013d8b35a3a4a56d4b2e9cece0e03cb2be1884a7fe5b62e6e54439f,True,25,5
b2,b2-k16-xor_dom-tree-1-2f5ce8a982ff,16,16,xor_dom,tree,words,60700.0,48880.0,1.2418166939443536,45220.0,45480.0,44420.0,64420.0,018e0ba07f27a37af3716edbabbd12ddb0b4c19c71b3e0d33f1ffc9c32f618c8,True,5,5
b2,b2-k16-xor_dom-tree-2-dc59bd3a0d74,16,16,xor_dom,tree,words,60080.0,44200.0,1.3592760180995476,32320.0,42080.0,30800.0,43300.0,b3ff3aa89347b3ff62d4d5966b626179406588b275bf6df9a7ddf9da6917a985,True,5,5
b2,b2-k16-xor_dom-tree-3-fd0e9542c807,16,16,xor_dom,tree,words,63340.0,55220.0,1.1470481709525535,48280.0,48860.0,52820.0,58020.0,a3955e0d7106bf8d76e35852c93e5943f4d40a0fc2408a3793bffdf25c694402,True,5,5
b2,b2-k16-xor_dom-tree-4-ccf5dc564650,16,16,xor_dom,tree,words,65480.0,52760.0,1.2410917361637603,39460.0,47440.0,40560.0,56920.0,3c793589cc2bebc13af38a7c815bc02ed82fcfd33ae54d0a1d523e95d20eb1e3,True,5,5
b2,b2-k16-xor_dom-shared-1-3867fe1a233b,16,16,xor_dom,shared,words,81700.0,85660.0,0.9537707214569228,64220.0,58320.0,66360.0,81240.0,61793872c60bf17fd180b9da24ec1c27aa496660279f122cdac3f9312e26df04,True,5,5
b2,b2-k16-xor_dom-shared-2-d28a01c0b901,16,16,xor_dom,shared,words,59840.0,66780.0,0.8960766696615753,34140.0,44900.0,51560.0,67420.0,e6bb163b96b1e8d81c66a8d3862f9e8cc469a96a2e0c2c1627b125cc35e0d6c3,True,5,5
b2,b2-k16-xor_dom-shared-3-78849fba8a04,16,16,xor_dom,shared,words,135620.0,148700.0,0.9120376597175521,77620.0,79120.0,60900.0,76320.0,d8a6946aaef5ede9c872cb34102c54b328721c28f85ee042e221cd4e1035b1a3,True,5,5
b2,b2-k16-xor_dom-shared-4-c20fb11b9c87,16,16,xor_dom,shared,words,65180.0,77900.0,0.8367137355584082,65820.0,53820.0,70860.0,76420.0,4ac9c3c0cad97d417ecda5976d75ae28cccf878ef50e0a5b38335576cdd355fc,True,5,5
b2,b2-k16-andor_dom-tree-1-9b69c21027be,16,16,andor_dom,tree,words,89280.0,40980.0,2.178623718887262,28200.0,36680.0,27460.0,66740.0,2ca316eb2f35ea4b8332ebc0581fd6e0804e90ea1114984111640b40d9fcc188,True,5,5
b2,b2-k16-andor_dom-tree-2-4798fd76dd91,16,16,andor_dom,tree,words,77060.0,53040.0,1.452865761689291,56280.0,44880.0,47740.0,45520.0,4460bf05a8bc6256ffcc79d3e2f758a8823b21313048bebf192867527f455313,True,5,5
b2,b2-k16-andor_dom-tree-3-0631f9f38a59,16,16,andor_dom,tree,words,60280.0,41080.0,1.4673807205452776,46360.0,43740.0,43880.0,41220.0,fbe9a08a73ce5575f037a20423fdff198c637108de4103c6866d2a82619d5521,True,5,5
b2,b2-k16-andor_dom-tree-4-63621194d872,16,16,andor_dom,tree,words,90780.0,70500.0,1.2876595744680852,76680.0,89140.0,44380.0,47820.0,17f9d6bb136db54edcc941d09098c3b90ca65b39e4c4efbb1cce0ab98375d033,True,5,5
b2,b2-k16-andor_dom-shared-1-98d2a1ad94ad,16,16,andor_dom,shared,words,70940.0,95900.0,0.7397288842544317,43240.0,66840.0,77380.0,97760.0,61cb2b2132400af1e104646086523433a7a1ab97ee1ca0017395caa45fe33395,True,5,5
b2,b2-k16-andor_dom-shared-2-cf190eb487c4,16,16,andor_dom,shared,words,102600.0,76360.0,1.3436354112100577,69120.0,61900.0,76480.0,81840.0,a27c9206f7b3a6994f380287bd0875302344283e44383b01cd4424959ada4433,True,5,5
b2,b2-k16-andor_dom-shared-3-b995a8e54fc8,16,16,andor_dom,shared,words,79180.0,88920.0,0.8904633378317589,46880.0,56120.0,64380.0,92940.0,a858d9c33bba4c22c5645d0238026ec68895f78131c09866ba049ac1213930f0,True,5,5
b2,b2-k16-andor_dom-shared-4-00fae4d6add7,16,16,andor_dom,shared,words,71540.0,81120.0,0.8819033530571992,55300.0,54580.0,94880.0,83080.0,7b9b7ab938f677f2eeba5f8f4b683b2e08a62006f1718fd09dbd9982634affb7,True,5,5
b2,b2-k16-impeqv_dom-tree-1-e08d580f6edb,16,16,impeqv_dom,tree,words,81500.0,68020.0,1.1981770067627169,132980.0,66000.0,131520.0,65800.0,28939964043b92825c69db3a62cc0fd0e572fe878bc09d6abe48f167e8f38c56,True,5,5
b2,b2-k16-impeqv_dom-tree-2-c47a93c76ff1,16,16,impeqv_dom,tree,words,75200.0,58340.0,1.2889955433664724,107220.0,59680.0,108080.0,59300.0,b02ee6a9490f8f01dae562dfc4eaee99f6b91c56c9a55de5075e040c2c8badb0,True,5,5
b2,b2-k16-impeqv_dom-tree-3-01da67660395,16,16,impeqv_dom,tree,words,82240.0,66000.0,1.246060606060606,117600.0,64200.0,117820.0,66000.0,6eca2c4bc082b0802c1c2ec4897191c392a9aa04049295ebb289b5966f58ca11,True,5,5
b2,b2-k16-impeqv_dom-tree-4-f1d16cc1ccd8,16,16,impeqv_dom,tree,words,72640.0,56020.0,1.296679757229561,109660.0,56740.0,107600.0,56060.0,b2800e59b7e91c0103d66c14b98bd8f6bd2802fc6614fcd1cba5ce28391b0a8d,True,5,5
b2,b2-k16-impeqv_dom-shared-1-37e51ffa951a,16,16,impeqv_dom,shared,words,92000.0,95440.0,0.9639564124057,162320.0,77000.0,193940.0,94820.0,3750f3194b5162b24abdb770fe535cd77b4bef4322b4e5dfa973574f347c175c,True,5,5
b2,b2-k16-impeqv_dom-shared-2-c84cd9722277,16,16,impeqv_dom,shared,words,94580.0,120520.0,0.7847660139395951,177200.0,78660.0,239300.0,123940.0,1c30a6291e46f89c84bcae3dadbeef7d015272b03ccf65928a8dfa7f459ee9b9,True,5,5
b2,b2-k16-impeqv_dom-shared-3-dd3d88c4a1c4,16,16,impeqv_dom,shared,words,85940.0,164820.0,0.5214173037252761,167520.0,71100.0,394480.0,165680.0,5d121794535354beda6ba2813e5aba86727dc7c786f7fc871639de7cbca6eb44,True,5,5
b2,b2-k16-impeqv_dom-shared-4-750f3169f2d6,16,16,impeqv_dom,shared,words,78540.0,114440.0,0.6862984970290108,168780.0,66160.0,262000.0,120700.0,516f91b25b608fbd7314967bd76f9d270ad918c97cc184abb9d442d58cab63a2,True,5,5
b2,b2-k16-mixed-tree-1-d1b5689114e3,16,16,mixed,tree,words,52900.0,40440.0,1.30811078140455,48520.0,37240.0,47920.0,39040.0,cfd9c47fbac4cfe26ed662ae3188f5f7e58968533c6a4898b9d815378ce18e20,True,5,5
b2,b2-k16-mixed-tree-2-9cf5c64922ce,16,16,mixed,tree,words,62200.0,40940.0,1.5192965315095261,42780.0,41780.0,40760.0,43340.0,c4c0eb0b91911ee77095e3f1861624778ca5fc74b348b68586b378949000912b,True,5,5
b2,b2-k16-mixed-tree-3-813773e1451b,16,16,mixed,tree,words,81640.0,62460.0,1.3070765289785462,105520.0,61160.0,101080.0,59360.0,a95812dc6dbc063bb8164d6abbc45375d73fcfc19d0625b01d15b5c6e8414b8e,True,5,5
b2,b2-k16-mixed-tree-4-8eb11693eacf,16,16,mixed,tree,words,69280.0,54260.0,1.2768153335790637,74700.0,55580.0,75920.0,55300.0,4d6d9f055df5a6ee20cb816584dc2ae46a7f5e44347816ed8de2c611a8529f3b,True,5,5
b2,b2-k16-mixed-shared-1-ee24b1b1bb48,16,16,mixed,shared,words,69720.0,81580.0,0.8546212306937975,65800.0,56360.0,85900.0,81700.0,c1e3d8599b12aecc02b1037e39548ef97c9b307728c1dd11c2724784ceae6cb0,True,5,5
b2,b2-k16-mixed-shared-2-bc31f42a45c2,16,16,mixed,shared,words,79660.0,120640.0,0.6603116710875332,83320.0,58980.0,184900.0,120420.0,7a725401fb035c3469721894db466607939804371e65638031032201203731b2,True,5,5
b2,b2-k16-mixed-shared-3-8dda327e304f,16,16,mixed,shared,words,77420.0,88540.0,0.8744070476620737,79020.0,64940.0,116120.0,93540.0,5a5dd23628309d8254036753447cc7855664935af517dc86b3a9c8b57d120b9f,True,5,5
b2,b2-k16-mixed-shared-4-8dafe13fc96b,16,16,mixed,shared,words,70320.0,82680.0,0.8505079825834543,85140.0,55660.0,137560.0,83640.0,2b01e9e55fa763957fceaf6cf7170bb8e75ab3237ef34252d83ab4a5e9c39ccc,True,5,5
b4,b4-k8-xor_dom-tree-ab2bcaf5515c,8,16,xor_dom,tree,flat,16353.0,3294.0,4.96448087431694,3649.0,13941.0,3190.0,14843.0,823aa951aee024175797ffa99d222f8da97c11c52f04fc164a37034077636b58,True,100,5
b4,b4-k8-xor_dom-tree-ab2bcaf5515c,8,20,xor_dom,tree,flat,15465.0,3137.0,4.929869301880778,3435.0,14164.0,2876.0,13508.0,823aa951aee024175797ffa99d222f8da97c11c52f04fc164a37034077636b58,True,100,5
b4,b4-k8-xor_dom-tree-ab2bcaf5515c,8,24,xor_dom,tree,flat,16719.0,3213.0,5.203548085901027,3566.0,14524.0,3144.0,14900.0,823aa951aee024175797ffa99d222f8da97c11c52f04fc164a37034077636b58,True,100,5
b4,b4-k8-xor_dom-shared-97977d46abf4,8,16,xor_dom,shared,flat,14698.0,5196.0,2.8287143956889915,2863.0,12609.0,4910.0,27867.0,017ba139dc30dfb0539cf87bde3bc946b2d0b5ed110d6dc992ae96aeb48b8135,True,100,5
b4,b4-k8-xor_dom-shared-97977d46abf4,8,20,xor_dom,shared,flat,15348.0,5201.0,2.9509709671217075,3035.0,13943.0,4923.0,28111.0,017ba139dc30dfb0539cf87bde3bc946b2d0b5ed110d6dc992ae96aeb48b8135,True,100,5
b4,b4-k8-xor_dom-shared-97977d46abf4,8,24,xor_dom,shared,flat,15669.0,5051.0,3.1021579885171255,2940.0,12988.0,4980.0,28426.0,017ba139dc30dfb0539cf87bde3bc946b2d0b5ed110d6dc992ae96aeb48b8135,True,100,5
b4,b4-k8-andor_dom-tree-1deffbce22ed,8,16,andor_dom,tree,flat,13817.0,2140.0,6.456542056074766,2215.0,8878.0,2000.0,10067.0,1216dd8bfb814cb128b9734bec0c1c5daa4778792a3a78d9a65c1c2a8eb7d712,True,100,5
b4,b4-k8-andor_dom-tree-1deffbce22ed,8,20,andor_dom,tree,flat,13895.0,2135.0,6.508196721311475,2202.0,8767.0,2016.0,10077.0,1216dd8bfb814cb128b9734bec0c1c5daa4778792a3a78d9a65c1c2a8eb7d712,True,100,5
b4,b4-k8-andor_dom-tree-1deffbce22ed,8,24,andor_dom,tree,flat,14037.0,2131.0,6.587048334115439,2171.0,8777.0,2006.0,9897.0,1216dd8bfb814cb128b9734bec0c1c5daa4778792a3a78d9a65c1c2a8eb7d712,True,100,5
b4,b4-k8-andor_dom-shared-ddfd4bb6253b,8,16,andor_dom,shared,flat,18226.0,12501.0,1.4579633629309656,5472.0,23680.0,12145.0,74561.0,21e6cd49b1dabe9dd26edc61b1cde6776927d9a4c3f6022ebe270e6c26d8fccd,True,100,5
b4,b4-k8-andor_dom-shared-ddfd4bb6253b,8,20,andor_dom,shared,flat,18620.0,12608.0,1.4768401015228427,5440.0,23910.0,11965.0,74847.0,21e6cd49b1dabe9dd26edc61b1cde6776927d9a4c3f6022ebe270e6c26d8fccd,True,100,5
b4,b4-k8-andor_dom-shared-ddfd4bb6253b,8,24,andor_dom,shared,flat,18003.0,12334.0,1.4596238041186962,5460.0,23738.0,12381.0,76848.0,21e6cd49b1dabe9dd26edc61b1cde6776927d9a4c3f6022ebe270e6c26d8fccd,True,100,5
b4,b4-k8-impeqv_dom-tree-d790fcb10088,8,16,impeqv_dom,tree,flat,18010.0,4288.0,4.200093283582089,4275.0,17444.0,3795.0,16212.0,355abca755daacfcb02e12760e29610f3937fc96f02a8a36801d06c7752272c6,True,100,5
b4,b4-k8-impeqv_dom-tree-d790fcb10088,8,20,impeqv_dom,tree,flat,16419.0,4088.0,4.016389432485323,4166.0,16465.0,3875.0,16376.0,355abca755daacfcb02e12760e29610f3937fc96f02a8a36801d06c7752272c6,True,100,5
b4,b4-k8-impeqv_dom-tree-d790fcb10088,8,24,impeqv_dom,tree,flat,16647.0,4069.0,4.091177193413615,4239.0,16648.0,3981.0,16699.0,355abca755daacfcb02e12760e29610f3937fc96f02a8a36801d06c7752272c6,True,100,5
b4,b4-k8-impeqv_dom-shared-4bd4845b3576,8,16,impeqv_dom,shared,flat,18490.0,7395.0,2.500338066260987,5634.0,22735.0,7024.0,32954.0,7615702cd3fa4a222f82f10801b889512640175fafd82cd14a65d5b92895e025,True,100,5
b4,b4-k8-impeqv_dom-shared-4bd4845b3576,8,20,impeqv_dom,shared,flat,18365.0,7293.0,2.5181681064034005,5652.0,22991.0,7117.0,33279.0,7615702cd3fa4a222f82f10801b889512640175fafd82cd14a65d5b92895e025,True,100,5
b4,b4-k8-impeqv_dom-shared-4bd4845b3576,8,24,impeqv_dom,shared,flat,17571.0,7266.0,2.418249380677126,5568.0,23510.0,7399.0,35481.0,7615702cd3fa4a222f82f10801b889512640175fafd82cd14a65d5b92895e025,True,100,5
b4,b4-k8-mixed-tree-e2387dd52311,8,16,mixed,tree,flat,16675.0,3207.0,5.1995634549423135,3336.0,12267.0,2920.0,11839.0,a6ffb8e839203583587a595caf3f30754611c071319effcd06249814e0098c42,True,100,5
b4,b4-k8-mixed-tree-e2387dd52311,8,20,mixed,tree,flat,16047.0,3095.0,5.18481421647819,3327.0,12118.0,2994.0,12070.0,a6ffb8e839203583587a595caf3f30754611c071319effcd06249814e0098c42,True,100,5
b4,b4-k8-mixed-tree-e2387dd52311,8,24,mixed,tree,flat,15685.0,3161.0,4.962037329958874,3420.0,12355.0,3032.0,12081.0,a6ffb8e839203583587a595caf3f30754611c071319effcd06249814e0098c42,True,100,5
b4,b4-k8-mixed-shared-af0d30e3fab9,8,16,mixed,shared,flat,17570.0,6530.0,2.6906584992343032,4530.0,21732.0,6241.0,34988.0,fd72235f91772c02350df5deef3c4e1419297226d4cd1f56ef6fb0057cf4caf1,True,100,5
b4,b4-k8-mixed-shared-af0d30e3fab9,8,20,mixed,shared,flat,17677.0,6463.0,2.7351075352003713,4653.0,21730.0,6107.0,34575.0,fd72235f91772c02350df5deef3c4e1419297226d4cd1f56ef6fb0057cf4caf1,True,100,5
b4,b4-k8-mixed-shared-af0d30e3fab9,8,24,mixed,shared,flat,16732.0,6281.0,2.663907021174972,4307.0,20709.0,6085.0,34380.0,fd72235f91772c02350df5deef3c4e1419297226d4cd1f56ef6fb0057cf4caf1,True,100,5
b4,b4-k12-xor_dom-tree-8d4df9a5aa26,12,16,xor_dom,tree,flat,19272.0,5636.0,3.4194464158978,5420.0,13576.0,5400.0,15316.0,21fcd61bfa4cf4bce0a55a11cb66e07a50691ac4939aa18a3c3be22b3fbd521b,True,25,5
b4,b4-k12-xor_dom-tree-8d4df9a5aa26,12,20,xor_dom,tree,flat,18956.0,5628.0,3.3681592039800994,5492.0,13628.0,5464.0,15416.0,21fcd61bfa4cf4bce0a55a11cb66e07a50691ac4939aa18a3c3be22b3fbd521b,True,25,5
b4,b4-k12-xor_dom-tree-8d4df9a5aa26,12,24,xor_dom,tree,flat,19968.0,5688.0,3.5105485232067513,5532.0,13380.0,5416.0,15356.0,21fcd61bfa4cf4bce0a55a11cb66e07a50691ac4939aa18a3c3be22b3fbd521b,True,25,5
b4,b4-k12-xor_dom-shared-221d38307c2c,12,16,xor_dom,shared,flat,19924.0,10744.0,1.8544303797468353,5916.0,18256.0,10536.0,42168.0,7c87f58d0aade6bc2554ac3faaa1b721bcb1db7833fd31f5e6b066cd2c6b3330,True,25,5
b4,b4-k12-xor_dom-shared-221d38307c2c,12,20,xor_dom,shared,flat,19572.0,10848.0,1.8042035398230087,5984.0,18732.0,10656.0,42824.0,7c87f58d0aade6bc2554ac3faaa1b721bcb1db7833fd31f5e6b066cd2c6b3330,True,25,5
b4,b4-k12-xor_dom-shared-221d38307c2c,12,24,xor_dom,shared,flat,20644.0,10760.0,1.9185873605947956,5884.0,18292.0,10572.0,42320.0,7c87f58d0aade6bc2554ac3faaa1b721bcb1db7833fd31f5e6b066cd2c6b3330,True,25,5
b4,b4-k12-andor_dom-tree-c5f4154e06f3,12,16,andor_dom,tree,flat,19840.0,4956.0,4.003228410008071,5576.0,15588.0,4836.0,17440.0,d949c9d8a9f40eebbffa0da6e11d31d1ecf796cd3a1d92283264a320038b8261,True,25,5
b4,b4-k12-andor_dom-tree-c5f4154e06f3,12,20,andor_dom,tree,flat,19976.0,5004.0,3.992006394884093,5440.0,15272.0,4712.0,17144.0,d949c9d8a9f40eebbffa0da6e11d31d1ecf796cd3a1d92283264a320038b8261,True,25,5
b4,b4-k12-andor_dom-tree-c5f4154e06f3,12,24,andor_dom,tree,flat,21412.0,4924.0,4.348497156783103,5464.0,15192.0,4608.0,17052.0,d949c9d8a9f40eebbffa0da6e11d31d1ecf796cd3a1d92283264a320038b8261,True,25,5
b4,b4-k12-andor_dom-shared-86ccd155e598,12,16,andor_dom,shared,flat,20600.0,8756.0,2.3526724531749656,7256.0,19728.0,8580.0,30972.0,3a691de90fd2e568f22c76b8493ad1468f9dc78745dd407b116b6fd267145db2,True,25,5
b4,b4-k12-andor_dom-shared-86ccd155e598,12,20,andor_dom,shared,flat,21280.0,8996.0,2.3654957759004,7300.0,19720.0,8524.0,30884.0,3a691de90fd2e568f22c76b8493ad1468f9dc78745dd407b116b6fd267145db2,True,25,5
b4,b4-k12-andor_dom-shared-86ccd155e598,12,24,andor_dom,shared,flat,20428.0,8712.0,2.344811753902663,7308.0,19864.0,8828.0,31160.0,3a691de90fd2e568f22c76b8493ad1468f9dc78745dd407b116b6fd267145db2,True,25,5
b4,b4-k12-impeqv_dom-tree-8fe562209709,12,16,impeqv_dom,tree,flat,24712.0,10476.0,2.3589156166475753,10888.0,19304.0,10300.0,18828.0,e245efb7c6cdd5382da73a305e702450dcc37d19e564d38fcf7a87fd90239187,True,25,5
b4,b4-k12-impeqv_dom-tree-8fe562209709,12,20,impeqv_dom,tree,flat,24612.0,10744.0,2.290766939687267,11112.0,19220.0,10640.0,18832.0,e245efb7c6cdd5382da73a305e702450dcc37d19e564d38fcf7a87fd90239187,True,25,5
b4,b4-k12-impeqv_dom-tree-8fe562209709,12,24,impeqv_dom,tree,flat,24852.0,10584.0,2.3480725623582765,10892.0,19216.0,10448.0,19060.0,e245efb7c6cdd5382da73a305e702450dcc37d19e564d38fcf7a87fd90239187,True,25,5
b4,b4-k12-impeqv_dom-shared-a906e175a694,12,16,impeqv_dom,shared,flat,32800.0,27124.0,1.2092611709187435,18600.0,33292.0,26460.0,52636.0,b7fb5e2f2206b97a1fe6625049c4a5e6c76425cfc7fb3a538e8ed62a44d98b8f,True,25,5
b4,b4-k12-impeqv_dom-shared-a906e175a694,12,20,impeqv_dom,shared,flat,33648.0,26696.0,1.2604135451003895,18392.0,32772.0,28116.0,51748.0,b7fb5e2f2206b97a1fe6625049c4a5e6c76425cfc7fb3a538e8ed62a44d98b8f,True,25,5
b4,b4-k12-impeqv_dom-shared-a906e175a694,12,24,impeqv_dom,shared,flat,31744.0,27052.0,1.173443737986101,18580.0,33328.0,26720.0,52076.0,b7fb5e2f2206b97a1fe6625049c4a5e6c76425cfc7fb3a538e8ed62a44d98b8f,True,25,5
b4,b4-k12-mixed-tree-646cf634cbc9,12,16,mixed,tree,flat,19484.0,5560.0,3.50431654676259,5804.0,14448.0,5412.0,15164.0,f113a50e484a199a624fd6fe2572894e730c3ae9debcf3c8534e9bb10a6a592e,True,25,5
b4,b4-k12-mixed-tree-646cf634cbc9,12,20,mixed,tree,flat,20368.0,5608.0,3.6319543509272467,5892.0,14572.0,5520.0,15348.0,f113a50e484a199a624fd6fe2572894e730c3ae9debcf3c8534e9bb10a6a592e,True,25,5
b4,b4-k12-mixed-tree-646cf634cbc9,12,24,mixed,tree,flat,19908.0,5524.0,3.6039102099927587,5888.0,14456.0,5444.0,15328.0,f113a50e484a199a624fd6fe2572894e730c3ae9debcf3c8534e9bb10a6a592e,True,25,5
b4,b4-k12-mixed-shared-f8025aa2f7b1,12,16,mixed,shared,flat,32304.0,28880.0,1.1185595567867035,17652.0,42200.0,28944.0,78040.0,8494d33604500637a75915e0e76744108fbf8497359191e7246cc7982d6f54ed,True,25,5
b4,b4-k12-mixed-shared-f8025aa2f7b1,12,20,mixed,shared,flat,32180.0,29040.0,1.1081267217630855,17572.0,41972.0,28348.0,76548.0,8494d33604500637a75915e0e76744108fbf8497359191e7246cc7982d6f54ed,True,25,5
b4,b4-k12-mixed-shared-f8025aa2f7b1,12,24,mixed,shared,flat,31880.0,28688.0,1.111266034578918,20156.0,41952.0,32356.0,75068.0,8494d33604500637a75915e0e76744108fbf8497359191e7246cc7982d6f54ed,True,25,5
b4,b4-k16-xor_dom-tree-6109348803ab,16,16,xor_dom,tree,words,51980.0,42380.0,1.2265219443133553,42120.0,37160.0,43300.0,42920.0,19c03725e5cc1b5e01e0eba58c63c0d7865a9bbd3f4e219e74aa34c68266be7b,True,5,5
b4,b4-k16-xor_dom-tree-6109348803ab,16,20,xor_dom,tree,words,55720.0,45720.0,1.2187226596675416,40460.0,38340.0,45280.0,41780.0,19c03725e5cc1b5e01e0eba58c63c0d7865a9bbd3f4e219e74aa34c68266be7b,True,5,5
b4,b4-k16-xor_dom-tree-6109348803ab,16,24,xor_dom,tree,words,55520.0,46140.0,1.2032943216298222,42840.0,39180.0,45780.0,42980.0,19c03725e5cc1b5e01e0eba58c63c0d7865a9bbd3f4e219e74aa34c68266be7b,True,5,5
b4,b4-k16-xor_dom-shared-24aebb58ba91,16,16,xor_dom,shared,words,55480.0,63500.0,0.8737007874015748,34080.0,40320.0,58780.0,62680.0,1982b9f6474e902be78ea310337c95bf2c53ff56d74d5ef3bb976d45a2fd7b0c,True,5,5
b4,b4-k16-xor_dom-shared-24aebb58ba91,16,20,xor_dom,shared,words,58540.0,65440.0,0.894559902200489,36160.0,39060.0,60760.0,61860.0,1982b9f6474e902be78ea310337c95bf2c53ff56d74d5ef3bb976d45a2fd7b0c,True,5,5
b4,b4-k16-xor_dom-shared-24aebb58ba91,16,24,xor_dom,shared,words,56560.0,62360.0,0.9069916613213599,34260.0,38640.0,68020.0,66260.0,1982b9f6474e902be78ea310337c95bf2c53ff56d74d5ef3bb976d45a2fd7b0c,True,5,5
b4,b4-k16-andor_dom-tree-2f1233215648,16,16,andor_dom,tree,words,54900.0,37640.0,1.4585547290116896,28340.0,34440.0,26500.0,36060.0,65bbc846767fb03a5bb45d48fb90329a7345a0c94bfcb0f57ec1c170dd3156b1,True,5,5
b4,b4-k16-andor_dom-tree-2f1233215648,16,20,andor_dom,tree,words,55220.0,36660.0,1.5062738679759957,23420.0,36600.0,22420.0,35260.0,65bbc846767fb03a5bb45d48fb90329a7345a0c94bfcb0f57ec1c170dd3156b1,True,5,5
b4,b4-k16-andor_dom-tree-2f1233215648,16,24,andor_dom,tree,words,51160.0,37300.0,1.3715817694369974,23280.0,36660.0,24880.0,36740.0,65bbc846767fb03a5bb45d48fb90329a7345a0c94bfcb0f57ec1c170dd3156b1,True,5,5
b4,b4-k16-andor_dom-shared-3f5171ea0365,16,16,andor_dom,shared,words,62260.0,64280.0,0.9685749844430616,32620.0,50720.0,43220.0,66240.0,a3e9a89e15f43111479cb1c649762223a1020c7ff05a0790a1dbd724c186d43d,True,5,5
b4,b4-k16-andor_dom-shared-3f5171ea0365,16,20,andor_dom,shared,words,72520.0,69120.0,1.0491898148148149,33120.0,47200.0,44700.0,64800.0,a3e9a89e15f43111479cb1c649762223a1020c7ff05a0790a1dbd724c186d43d,True,5,5
b4,b4-k16-andor_dom-shared-3f5171ea0365,16,24,andor_dom,shared,words,67880.0,66420.0,1.0219813309244203,33980.0,48800.0,43360.0,71660.0,a3e9a89e15f43111479cb1c649762223a1020c7ff05a0790a1dbd724c186d43d,True,5,5
b4,b4-k16-impeqv_dom-tree-e8f2b17bc687,16,16,impeqv_dom,tree,words,87000.0,62140.0,1.400064370775668,121100.0,61500.0,120480.0,66940.0,f34ccea8f4207e4c2911132f497a2011bae9b60d87ac450aaba9658a05c39d6b,True,5,5
b4,b4-k16-impeqv_dom-tree-e8f2b17bc687,16,20,impeqv_dom,tree,words,75280.0,61640.0,1.2212848799480858,111240.0,58480.0,110400.0,57260.0,f34ccea8f4207e4c2911132f497a2011bae9b60d87ac450aaba9658a05c39d6b,True,5,5
b4,b4-k16-impeqv_dom-tree-e8f2b17bc687,16,24,impeqv_dom,tree,words,79920.0,59000.0,1.3545762711864406,111780.0,58280.0,111960.0,60340.0,f34ccea8f4207e4c2911132f497a2011bae9b60d87ac450aaba9658a05c39d6b,True,5,5
b4,b4-k16-impeqv_dom-shared-e99fa645e56f,16,16,impeqv_dom,shared,words,99100.0,120500.0,0.8224066390041493,169520.0,80840.0,238000.0,122600.0,5ea1738aec3cdb44c3738da5cb0360c64d34b37e30d0513696bf11f50671ba93,True,5,5
b4,b4-k16-impeqv_dom-shared-e99fa645e56f,16,20,impeqv_dom,shared,words,106440.0,135080.0,0.7879774948178857,171280.0,87120.0,223000.0,116820.0,5ea1738aec3cdb44c3738da5cb0360c64d34b37e30d0513696bf11f50671ba93,True,5,5
b4,b4-k16-impeqv_dom-shared-e99fa645e56f,16,24,impeqv_dom,shared,words,95780.0,120320.0,0.7960438829787234,159040.0,80480.0,233040.0,121520.0,5ea1738aec3cdb44c3738da5cb0360c64d34b37e30d0513696bf11f50671ba93,True,5,5
b4,b4-k16-mixed-tree-1a32ec4e774b,16,16,mixed,tree,words,75740.0,59740.0,1.2678272514228324,71520.0,57860.0,72460.0,58220.0,3415d1f4d1c6bbc5eebc32a426fbf05984a23c3baa2a116928ee575577748dad,True,5,5
b4,b4-k16-mixed-tree-1a32ec4e774b,16,20,mixed,tree,words,72820.0,59120.0,1.2317320703653587,71440.0,56580.0,71240.0,58100.0,3415d1f4d1c6bbc5eebc32a426fbf05984a23c3baa2a116928ee575577748dad,True,5,5
b4,b4-k16-mixed-tree-1a32ec4e774b,16,24,mixed,tree,words,78660.0,58620.0,1.3418628454452406,75420.0,56840.0,72160.0,56200.0,3415d1f4d1c6bbc5eebc32a426fbf05984a23c3baa2a116928ee575577748dad,True,5,5
b4,b4-k16-mixed-shared-53b17b68c3f4,16,16,mixed,shared,words,85120.0,96880.0,0.8786127167630058,111820.0,69600.0,164000.0,99660.0,429f1bf7f7d888e276b72b8eb279d92843030c475661ddee10c10f18895a7dd0,True,5,5
b4,b4-k16-mixed-shared-53b17b68c3f4,16,20,mixed,shared,words,87720.0,100600.0,0.8719681908548708,100620.0,67460.0,148140.0,95860.0,429f1bf7f7d888e276b72b8eb279d92843030c475661ddee10c10f18895a7dd0,True,5,5
b4,b4-k16-mixed-shared-53b17b68c3f4,16,24,mixed,shared,words,87880.0,97440.0,0.9018883415435139,102380.0,69140.0,158020.0,100680.0,429f1bf7f7d888e276b72b8eb279d92843030c475661ddee10c10f18895a7dd0,True,5,5
