n_vars,trial,expr_style,family_tt_refs_available_count,family_tt_ref_source,family_correctness_reference,family_id,family_size,family_variant_style,family_base_expr_node_count,family_variant_expr_node_count_median,family_variant_expr_node_count_max,family_base_unique_var_count,family_variant_unique_var_count_median,family_pair_structural_similarity_estimate,family_variant_structural_hashes,family_base_structural_hash,family_shared_block_count,family_mutation_rate,family_expected_shared_structure_level,family_total_subtree_hashes,family_unique_subtree_hashes,family_reuse_ratio,family_repeated_subtree_hash_count,family_max_subtree_reuse_count,family_bitset_baseline_kind,family_bitset_total_time_s,family_bitset_per_variant_median_s,family_bitset_per_variant_mean_s,family_bitset_ok_rate,family_cm_no_cache_total_time_s,family_cm_no_cache_per_variant_median_s,family_cm_no_cache_per_variant_mean_s,family_cm_no_cache_compile_total_s,family_cm_no_cache_eval_total_s,family_cm_no_cache_ok_rate,family_cm_no_cache_materializations_total,family_cm_no_cache_live_vars_max_median,family_cm_cache_total_time_s,family_cm_cache_per_variant_median_s,family_cm_cache_compile_total_s,family_cm_cache_eval_total_s,family_cm_cache_ok_rate,family_cm_cache_persistent_hits_total,family_cm_cache_persistent_misses_total,family_cm_cache_cache_size_final,family_cm_cache_materializations_total,family_cm_cache_live_vars_max_median,family_robdd_backend,family_robdd_build_total_time_s,family_robdd_build_wall_time_s,family_robdd_build_per_variant_median_s,family_robdd_nodes_median,family_robdd_nodes_total_or_manager_if_shared,family_robdd_ok_rate,family_robdd_status,ratio_cm_cache_over_cm_no_cache,speedup_cm_cache_vs_cm_no_cache,ratio_cm_cache_over_bitset,ratio_cm_no_cache_over_bitset
8,0,mixed_no_constants,8,eval_expr_tt,eval_expr_tt,family_n8_t0_seed20260826,8,composition_mix,49,59.0,121,8,8.0,0.8096054888507719,f0553eec0c5efacf62c5c403a8e17579;abcf5d0acb465bf65e330ad04edc3c18;2713447710cd03350a8b6ca2fa9e586e;1ef59847e34021409f5d850070996d14;907a93cc74eff8d26cf0315c8611efbc;113eccbf0a4bc8cb98310fcd64219980;20466231bbeae1c6081d265e31b90684;6877072961e2f449fd83c93895b95aa9,f0553eec0c5efacf62c5c403a8e17579,4,0.15,high,583,117,0.7993138936535163,44,49,raw_ast_recursive,0.00058230001013726,3.7299992982298136e-05,3.913749969797209e-05,1.0,0.010203499987255782,0.0010754500108305365,0.0012381749984342605,0.008557000022847205,0.0013431000406853855,1.0,0.0,0.0,,,,,,,,,,,auto,,,,,,,skipped,,,,17.522754266912358
8,1,mixed_no_constants,8,eval_expr_tt,eval_expr_tt,family_n8_t1_seed20260826,8,composition_mix,51,61.5,145,8,8.0,0.8115015974440895,080eadc054194bc543c3d0091586af36;2b6ec0b3657e0e53e2ef83bf2458d177;96a3355d6e782375e8a542a762a2c9df;2527e8c9080976322d9a2dca6983c0b5;544f7b1759791f9077efc45436eaaef4;85aa22114796c0f0646eeb290c393ca8;f32635edaf302f2885c1454f2bd346e4;458cb3610fb16418edd633ab10aec93c,080eadc054194bc543c3d0091586af36,4,0.15,high,626,113,0.8194888178913738,56,41,raw_ast_recursive,0.00040259998058900237,2.7400004910305142e-05,2.9875023756176233e-05,1.0,0.006898800027556717,0.0008207999926526099,0.0008373499949811958,0.005860400036908686,0.0008353999583050609,1.0,0.0,0.0,,,,,,,,,,,auto,,,,,,,skipped,,,,17.13561937450617
8,2,mixed_no_constants,8,eval_expr_tt,eval_expr_tt,family_n8_t2_seed20260826,8,composition_mix,53,61.5,111,8,8.0,0.8344594594594594,26a6b2bdcff88124207310e05179414f;f9cb2af3dd7eeae7923f093540b77457;caf2fe3d5b05fa29dbef8a07f8a74497;0dfca5ea2df24986889418e2a66468de;a29106ffb5ac10ef2b261d0ef18d61ac;831fcf32e1e46de1ccbb6b02b01c9905;caf2fe3d5b05fa29dbef8a07f8a74497;6e6cfe6c43fcc03297767fe25ce7bbff,26a6b2bdcff88124207310e05179414f,4,0.15,high,592,101,0.8293918918918919,57,41,raw_ast_recursive,0.0003781999694183469,2.9050017474219203e-05,2.8825001209042966e-05,1.0,0.007758499996270984,0.0008429000154137611,0.00093618749815505,0.006546200020238757,0.0009398999391123652,1.0,0.0,0.0,,,,,,,,,,,auto,,,,,,,skipped,,,,20.51427980865038
8,3,mixed_no_constants,8,eval_expr_tt,eval_expr_tt,family_n8_t3_seed20260826,8,composition_mix,50,58.5,111,8,8.0,0.8162911611785095,588e740b465f841c9323a073333eac57;bf57925e6474d7aac87641596d3a7bea;e0550fb5e4cf787de34716a9ab91f26a;9d199ac8e70e6c6c918240292b21559c;b09b42295b04c0ba5a2e4fe12f9090bb;13651f5f436f489913c470eaf17d6870;842273ecf92bae0eaf5d46104f690eb6;50b15e122ebfa8a151c6fea388c591d1,588e740b465f841c9323a073333eac57,4,0.15,high,577,113,0.804159445407279,44,50,raw_ast_recursive,0.0003907000063918531,2.5899993488565087e-05,2.8325004677753896e-05,1.0,0.008187100000213832,0.0008264999778475612,0.000992550005321391,0.007003800070378929,0.0009337999508716166,1.0,0.0,0.0,,,,,,,,,,,auto,,,,,,,skipped,,,,20.9549523068156
8,4,mixed_no_constants,8,eval_expr_tt,eval_expr_tt,family_n8_t4_seed20260826,8,composition_mix,49,58.0,109,8,8.0,0.8042328042328042,3ba7936306dad64a26048db0b3c50571;9f33faeb8cbf00b21608bd18c8e9610d;5acb51c53dbfdd63901ee16e6dd73188;6fa3b65cbaac827a212f1029c65be1e3;5d554c1536677616f57f796bdcd109d9;14fe5825251de1cd2d85f83a07a9af42;9206690c87517637cb75f447e4773252;222337978faf9c1db83adeb0084da088,3ba7936306dad64a26048db0b3c50571,4,0.15,high,567,125,0.7795414462081128,44,56,raw_ast_recursive,0.00047530001029372215,2.7000001864507794e-05,3.4949989640153944e-05,1.0,0.009820000035688281,0.0010820000024978071,0.0011894874987774529,0.008373499964363873,0.001138600055128336,1.0,0.0,0.0,,,,,,,,,,,auto,,,,,,,skipped,,,,20.660635015807795
8,5,mixed_no_constants,8,eval_expr_tt,eval_expr_tt,family_n8_t5_seed20260826,8,composition_mix,51,60.0,111,8,8.0,0.8431703204047217,955518018c4639b9d7335cd12c9ea2c9;37b49880e16bdd9536b4d5e6d99b7314;5631dc5798c0630bf1a9eee2ad813c00;e0af40a88567d5db69856308160b67e5;7568f3030c917bcac2b26a3f685ddb20;bdb64d40bfa3774e8d5c0057d3d042aa;0df787b2c4c22d5caadc62ce8aa8c27e;d159d711f933edce65827761ab74c1e1,955518018c4639b9d7335cd12c9ea2c9,4,0.15,high,593,112,0.8111298482293423,45,53,raw_ast_recursive,0.0003209999995306134,2.3299973690882325e-05,2.39999862969853e-05,1.0,0.006452900008298457,0.0007803000044077635,0.0007832625051378272,0.005526499997358769,0.0007371000247076154,1.0,0.0,0.0,,,,,,,,,,,auto,,,,,,,skipped,,,,20.102492267085037
8,6,mixed_no_constants,8,eval_expr_tt,eval_expr_tt,family_n8_t6_seed20260826,8,composition_mix,51,61.5,136,8,8.0,0.7938311688311688,7bc166fc10231e54c8222dbb8e0c0fc2;cf818694221d3bf1a9f47958d6dd371c;655207fd6e18574131af2b1a58b247e6;56039de7a8332ac99253f80f05e41103;ee79240aa059f752b657deda6008e6bb;df192823a38f849e438bbaa230a15155;32a8472552bbd28bb1a9332ef6f77195;3e38bbf23a715cd318571c0d4d2b1e87,7bc166fc10231e54c8222dbb8e0c0fc2,4,0.15,high,616,121,0.8035714285714286,53,43,raw_ast_recursive,0.0003228000132367015,2.2249965695664287e-05,2.3200002033263445e-05,1.0,0.009482399967964739,0.0008625999907962978,0.0011572375078685582,0.008474899979773909,0.0007795000565238297,1.0,0.0,0.0,,,,,,,,,,,auto,,,,,,,skipped,,,,29.375463380206007
8,7,mixed_no_constants,8,eval_expr_tt,eval_expr_tt,family_n8_t7_seed20260826,8,composition_mix,52,60.5,94,8,8.0,0.8522522522522522,1126d06bba12ead839ab11a4f12706d8;b54f823dad63ef3712f66ffca9994a46;3d087c6a0cf5657474a963269f7f616e;3a59f9b4ac7866163e2b0c697100171f;ceeee2be2554bfc7079f82ac5c323666;40884fa194d41b9f893be3a4df14fa61;ab055c2c34bcb6203403193aea276b7f;40f26fdf562b44d93ef576737f270901,1126d06bba12ead839ab11a4f12706d8,4,0.15,high,555,103,0.8144144144144144,44,45,raw_ast_recursive,0.0003002999583259225,2.0849984139204025e-05,2.1387495507951826e-05,1.0,0.006290299992542714,0.0007712999940849841,0.0007620749966008589,0.0053851999109610915,0.0007084000972099602,1.0,0.0,0.0,,,,,,,,,,,auto,,,,,,,skipped,,,,20.946722828764784
8,8,mixed_no_constants,8,eval_expr_tt,eval_expr_tt,family_n8_t8_seed20260826,8,composition_mix,50,62.0,125,8,8.0,0.8308457711442786,83527b80c3a3e1fe2b7983ce7bca0080;c5a1dabbf33a6113eaf33d33d77ab529;7ca3507b5fd6eb501314f372353a5f04;a2d5802122151c836d804742acffb20f;f44cff89a5fef9d564fa3155fc80e173;4bf0589cb4d954401f6573a884ad0bbe;c2084b6b4cfec295438a9eaf4f2dc41d;a278b153927a453b46178be7ae92f4c7,83527b80c3a3e1fe2b7983ce7bca0080,4,0.15,high,603,100,0.8341625207296849,44,56,raw_ast_recursive,0.0005032999906688929,2.2800028091296554e-05,2.2837506548967212e-05,1.0,0.0064362999983131886,0.0007790999952703714,0.0007808874943293631,0.005497100064530969,0.0007476998725906014,1.0,0.0,0.0,,,,,,,,,,,auto,,,,,,,skipped,,,,12.788198127640047
8,9,mixed_no_constants,8,eval_expr_tt,eval_expr_tt,family_n8_t9_seed20260826,8,composition_mix,51,60.5,132,8,8.0,0.7941653160453809,2f50f466f7a9eb9558a2670bd8418042;b2729cc971394d447c92b095237c440f;17a58d9d3181e22e90767bd80c432c61;60fb07d57271b0ac660d2fa9fc2a2728;f2e4cbfb172c1d2c9045dfc772a8177f;72667a2ff547948d0033766b718c2cd6;ea876ebe10f4ee4cdd4ed9b74c6c0b02;a2068e31bd2c6a7875019706588967b4,2f50f466f7a9eb9558a2670bd8418042,4,0.15,high,617,124,0.7990275526742301,50,48,raw_ast_recursive,0.00031939998734742403,2.2149994038045406e-05,2.3562490241602063e-05,1.0,0.006561000016517937,0.0007590499881189317,0.000794687497545965,0.005523199972230941,0.0008310999837704003,1.0,0.0,0.0,,,,,,,,,,,auto,,,,,,,skipped,,,,20.54164144152353
8,10,mixed_no_constants,8,eval_expr_tt,eval_expr_tt,family_n8_t10_seed20260826,8,composition_mix,50,59.5,106,8,8.0,0.8272251308900523,55fa0f8ee3b4e9bbc4fd752708fd10dd;e997e30287aee53a21b612a56c070c20;1e0d94439e774edd5e4c8653f2f5a6c4;e80f13d36fe657611d5287200d716d8e;e540b56cab03149d0e3c2108fc2bde24;580e54f2bd8ea5da7645f60bca9b8450;a6a85bc68f4623068df3137458e4446a;0b6b651a148fad44d59338d393688cee,55fa0f8ee3b4e9bbc4fd752708fd10dd,4,0.15,high,573,100,0.8254799301919721,43,63,raw_ast_recursive,0.00033710000570863485,2.649999805726111e-05,2.5175009795930237e-05,1.0,0.006201400014106184,0.00069704998168163,0.0007529124777647667,0.00526549993082881,0.0007554999319836497,1.0,0.0,0.0,,,,,,,,,,,auto,,,,,,,skipped,,,,18.39632129661318
8,11,mixed_no_constants,8,eval_expr_tt,eval_expr_tt,family_n8_t11_seed20260826,8,composition_mix,49,58.0,108,8,8.0,0.8265486725663717,d81e9feed53daa9643dfbb9765c5821f;a50402268867cb6fe1355d24ff4b2020;40fb67cb47d8e4c2db68f7dd80446587;f72cc727a8de4a80406f022c17460b2e;2b15ac9373ae617d2adca7f373257309;a46ac9096d2c5af1cb27da8f3575ea7f;65a713a7fd50b3b9a7adac4c0daa6300;90c85c6b0444d8848ca3b834e7b86f57,d81e9feed53daa9643dfbb9765c5821f,4,0.15,high,565,102,0.8194690265486726,44,50,raw_ast_recursive,0.00034440000308677554,2.409997978247702e-05,2.549999044276774e-05,1.0,0.006367199996020645,0.0007808000082150102,0.0007738374988548458,0.005438600026536733,0.000749400001950562,1.0,0.0,0.0,,,,,,,,,,,auto,,,,,,,skipped,,,,18.487804700792513
8,12,mixed_no_constants,8,eval_expr_tt,eval_expr_tt,family_n8_t12_seed20260826,8,composition_mix,50,60.5,125,8,8.0,0.8166666666666667,ddf3a1bc509612651f47fccb227c899d;5d4a84d1b8efaf7f3da5cd4c7317d870;1d121c7a2939678b61925574eb3a3242;661c2356201879c91c881290fbff3f3f;6fbf24c3c22f2952395096a93f64ddfb;0897787010ce0cee436424900ab51b9d;31622e2a288c0d83e0e9957837c11460;37ec9740d3d761e0f77235932b4e4417,ddf3a1bc509612651f47fccb227c899d,4,0.15,high,600,121,0.7983333333333333,46,43,raw_ast_recursive,0.00033760000951588154,2.234999556094408e-05,2.5037501472979784e-05,1.0,0.006544599949847907,0.0007280499849002808,0.0007928749910206534,0.005591899971477687,0.0007482000510208309,1.0,0.0,0.0,,,,,,,,,,,auto,,,,,,,skipped,,,,19.3856628121334
8,13,mixed_no_constants,8,eval_expr_tt,eval_expr_tt,family_n8_t13_seed20260826,8,composition_mix,49,61.0,120,8,8.0,0.8276450511945392,776fa03de85d9cc63b5402da06cadba2;f3dc9b41b2a5529b61ce77266e862970;30e4a510d52bec301fa245b7c72eb0a5;24c4aa94ff29e9ea1d7ed3c43e1d0d9b;78f1732b3fec405f87c3521aa4f59fb3;d4e30dce3ffca154e44e4834b13dd953;a5a82ed0a8a539eb6389518cbe26bf16;a45ce852293fd486dd913e29d9121cd2,776fa03de85d9cc63b5402da06cadba2,4,0.15,high,586,108,0.8156996587030717,48,51,raw_ast_recursive,0.00035039999056607485,2.475001383572817e-05,2.682500780792907e-05,1.0,0.006962199986446649,0.0007709499914199114,0.0008385999972233549,0.0058552000555209816,0.0008496999507769942,1.0,0.0,0.0,,,,,,,,,,,auto,,,,,,,skipped,,,,19.869292733710243
8,14,mixed_no_constants,8,eval_expr_tt,eval_expr_tt,family_n8_t14_seed20260826,8,composition_mix,50,59.0,100,8,8.0,0.8186619718309859,a19dc602a7e73984de1d037a9d3bc1ff;279640d3c61514a2fb52fc142eef66d6;5302b13ad29addb881f21eca63abde6d;f56775c9555c8ee21707d5174187f318;29a01d1065213a5eba97d3ed3bbdbc65;5deffd99dad1a207ddc05ed65b081bba;41bc828a8de53d27e9eb262e73e6bbcf;9bc9c8e871c1ad8e26b585a1ee66750d,a19dc602a7e73984de1d037a9d3bc1ff,4,0.15,high,568,108,0.8098591549295775,44,41,raw_ast_recursive,0.0003271999885328114,2.4349981686100364e-05,2.4300010409206152e-05,1.0,0.006579400040209293,0.0007638499955646694,0.0007908249899628572,0.00550730008399114,0.0008159998687915504,1.0,0.0,0.0,,,,,,,,,,,auto,,,,,,,skipped,,,,20.108191536655617
8,15,mixed_no_constants,8,eval_expr_tt,eval_expr_tt,family_n8_t15_seed20260826,8,composition_mix,51,59.5,114,8,8.0,0.8251273344651953,e88e80defc1b7423e6662af4e8f27164;12def3aa7cf624334287b2b5edb7cfe2;c7e214d72f2760eee002c149de8b9cbf;439fd7105468642b0965216cd54b7029;12d3df463902205fc968bd1440b23083;fa9e0cf62c1d9fb51fd615a947e6b66a;7edebb95039d8f54ded6f8b41844c097;a66502bc8d0e9ace487b7a61508e3d92,e88e80defc1b7423e6662af4e8f27164,4,0.15,high,589,102,0.8268251273344652,52,43,raw_ast_recursive,0.0004461999633349478,3.115000436082482e-05,3.3362506655976176e-05,1.0,0.0077603000099770725,0.0008702500199433416,0.0009414999949513003,0.006730100023560226,0.0007986999116837978,1.0,0.0,0.0,,,,,,,,,,,auto,,,,,,,skipped,,,,17.391978143556383
8,16,mixed_no_constants,8,eval_expr_tt,eval_expr_tt,family_n8_t16_seed20260826,8,composition_mix,52,60.5,138,8,8.0,0.8389694041867954,ee158b3571a9f7f02809bed0ba1d014d;fb3dd0990504a2a503dd9b40921dc526;729b5bceb0d6083930dc3cbe149aba62;6f1a8eddd16beaf954cea80e6c0a19cf;6d70952f55378ceeb7589803a8e836de;c256ace3651a8bfea8431a4462a70284;79f6ff57b7c8f72c3108938c7b377828;afbd597ea216a744a9e2dd82c0c63755,ee158b3571a9f7f02809bed0ba1d014d,4,0.15,high,621,110,0.822866344605475,47,46,raw_ast_recursive,0.00038919999497011304,2.780000795610249e-05,2.8775008104275912e-05,1.0,0.007701800030190498,0.0009039500146172941,0.0009317625081166625,0.00657819997286424,0.0008726000669412315,1.0,0.0,0.0,,,,,,,,,,,auto,,,,,,,skipped,,,,19.78879786671612
12,0,mixed_no_constants,8,eval_expr_tt,eval_expr_tt,family_n12_t0_seed20260826,8,composition_mix,50,62.0,109,12,12.0,0.8144329896907216,1389b7e064f3b53c9e338e032498c7a2;7ae1790dc3c303513e6566a2f02d158a;8a1fd791b77d446dbb4d6bbdc85bf61d;bb98d50822a2921fdc0c0879a389a55e;bd54d8c3151269d35c34db310ce957f1;d17aece2506236aabaab81cd639d1d88;40a35ec12a16ba854b1ccf784b2e321f;aa209dfa2e501246f5a833bcfc9305e1,1389b7e064f3b53c9e338e032498c7a2,4,0.15,high,582,116,0.8006872852233677,50,55,raw_ast_recursive,0.00048240000614896417,3.554997965693474e-05,3.8887497794348747e-05,1.0,0.0061672000447288156,0.0006911500240676105,0.0007473000005120412,0.005322600074578077,0.0006532999104820192,1.0,0.0,0.0,,,,,,,,,,,auto,,,,,,,skipped,,,,12.784411206712125
12,1,mixed_no_constants,8,eval_expr_tt,eval_expr_tt,family_n12_t1_seed20260826,8,composition_mix,52,64.0,102,12,12.0,0.8160535117056856,8b7868fd8fc65c509ddc8f950b3bfd72;b47d9ef2ebd820f85e13b6b24db3f5b9;61a1c6a857400377b3e0ba945ab4248a;5426135448a5fa332826cdbc9b6d300a;454e87cfa63fb20b1e473a64f0b66954;e821dc4d384ad20a887755d963274d6a;e81b498e67f788a1afb6d3b835d60afa;760402da20c0eb4e1f78de17d0970828,8b7868fd8fc65c509ddc8f950b3bfd72,4,0.15,high,598,128,0.7859531772575251,51,29,raw_ast_recursive,0.0005432000034488738,3.5550008760765195e-05,4.558749060379341e-05,1.0,0.008070999989286065,0.0008914500067476183,0.0009781249973457307,0.00686580000910908,0.0009563000057823956,1.0,0.0,0.0,,,,,,,,,,,auto,,,,,,,skipped,,,,14.85824730861901
12,2,mixed_no_constants,8,eval_expr_tt,eval_expr_tt,family_n12_t2_seed20260826,8,composition_mix,49,59.5,91,12,12.0,0.8248587570621468,7a251cc6f99eba9a2e51372dc05543de;b93ba9ef47c52ea47820d595c2206cf6;010aa6656e81b67b011471d92b4bd721;b6fea589e66487bce9a99596aee877fe;a812c57ecb61e634bdcce177e9b5e45a;7bd6a07e79e61ae36baf293a671f37b1;078604c5d0eee2349360b62fcd2800a6;837cf299b597db1c78dfcfe2c5d65669,7a251cc6f99eba9a2e51372dc05543de,4,0.15,high,531,115,0.783427495291902,49,44,raw_ast_recursive,0.00047480000648647547,3.630004357546568e-05,3.77750038751401e-05,1.0,0.0067541999742388725,0.0008566000033169985,0.0008148874985636212,0.005614899971988052,0.0009014000534079969,1.0,0.0,0.0,,,,,,,,,,,auto,,,,,,,skipped,,,,14.225357796896457
12,3,mixed_no_constants,8,eval_expr_tt,eval_expr_tt,family_n12_t3_seed20260826,8,composition_mix,49,61.0,120,12,12.0,0.7887563884156729,3796265fc1c9b2a140eb55a45805fc55;dc697778a5069c063a6fb537ec51ff73;c0e69c11eb576dbed2366929ff0455b3;193f92f7f401adae6c7cd76281391d03;5ad465c7944acd6a76bf77131563bf23;65a4e5028db3ac77db15fd99a2c3c11e;624cb1d4007b0137044eb7e5fba76a75;1cf0d71fe680ca03f02a0c88b55166f0,3796265fc1c9b2a140eb55a45805fc55,4,0.15,high,587,129,0.7802385008517888,48,44,raw_ast_recursive,0.00047670002095401287,3.589998232200742e-05,3.7500001781154424e-05,1.0,0.007699599955230951,0.0008515000226907432,0.0009322375044575892,0.006519799993839115,0.0009351000189781189,1.0,0.0,0.0,,,,,,,,,,,auto,,,,,,,skipped,,,,16.151876687191777
12,4,mixed_no_constants,8,eval_expr_tt,eval_expr_tt,family_n12_t4_seed20260826,8,composition_mix,53,65.0,147,12,12.0,0.8131699846860643,4f2d20dc5ed48583d0eeae74afa4a9e2;c7a1f6cb8c562f73753078352c25db2c;395e2a46ed589c18d01b7c27bcb84a54;599d77f2583422ce4a85359732f511cd;3f731a51143a5da30aac5a55eb70044d;9ef896e7c284c999d6528f0e18403005;4fd0fa3cecf3a2759d4970abffc19b1b;8125319fb3f291189eaf6e95b86d10f6,4f2d20dc5ed48583d0eeae74afa4a9e2,4,0.15,high,653,126,0.8070444104134763,56,38,raw_ast_recursive,0.0005475999787449837,4.290000651963055e-05,4.706250183517113e-05,1.0,0.00952959997812286,0.0010344500187784433,0.0011515000151121058,0.007837900018785149,0.001369900128338486,1.0,0.0,0.0,,,,,,,,,,,auto,,,,,,,skipped,,,,17.402484200169734
12,5,mixed_no_constants,8,eval_expr_tt,eval_expr_tt,family_n12_t5_seed20260826,8,composition_mix,51,61.5,152,12,12.0,0.809748427672956,7e5c3bf9aba153fcf4b20966bd45a52f;1a8f95700602686652748905d228146e;7d713313a51d1563db310737621ddf79;f9627cc5caad1d82f3f3e11727c4deba;cb19c02d68df8fe2940e1367885fe6f7;10257e6d8f3d6d1b7ddc8c8298e40855;211bb09223b1b135178bf9b8c597c5ff;97299a7f182152b1e0424e2aef04f626,7e5c3bf9aba153fcf4b20966bd45a52f,4,0.15,high,636,122,0.8081761006289309,58,41,raw_ast_recursive,0.0005437000072561204,4.1399995097890496e-05,4.486249963520095e-05,1.0,0.00869549997150898,0.0009678499773144722,0.0010529749924899079,0.007364299846813083,0.0010562001261860132,1.0,0.0,0.0,,,,,,,,,,,auto,,,,,,,skipped,,,,15.99319451068684
12,6,mixed_no_constants,8,eval_expr_tt,eval_expr_tt,family_n12_t6_seed20260826,8,composition_mix,51,66.0,138,12,12.0,0.7914012738853503,f080aa80b4e93bb4fe99f3f0e8ab18c1;f6e35f5bab8167315b667d9559ad8fd7;49802307bc75985b67ce1cd1097f9fb8;c9613556c3ea2d78d34bb8f1c01e7c8c;9947ab6ad3ceb864af0f9c7807e9a572;6c16af85e11976b87eb59ed478bde2ff;d3d33ddce2aa2f0d6fe4b57b85e8348c;5d0e43f0548d0013da1571d4b2b8d4be,f080aa80b4e93bb4fe99f3f0e8ab18c1,4,0.15,high,628,132,0.7898089171974523,61,36,raw_ast_recursive,0.0007848999812267721,6.299998494796455e-05,6.877497798996046e-05,1.0,0.011052399990148842,0.001274899987038225,0.001340687507763505,0.00936949998140335,0.0013516000472009182,1.0,0.0,0.0,,,,,,,,,,,auto,,,,,,,skipped,,,,14.081284564275713
12,7,mixed_no_constants,8,eval_expr_tt,eval_expr_tt,family_n12_t7_seed20260826,8,composition_mix,49,61.0,97,12,12.0,0.8368794326241135,9d76c3929969d6bf7caf4e2ec9a590cd;55a36b0da22a03426942acaa8ee75d9c;ef555c3373bd72915339c08d0026766b;f5a80358584fa2d63ce6f8aef042b1f6;c07e6667bb87d5c6cc76946d12036124;995d32b33ee365b5746db046050eb1b4;b0054ad32140b907c93c064964bec5b5;7e7375ad5b8cf308adb6c44bfff56c55,9d76c3929969d6bf7caf4e2ec9a590cd,4,0.15,high,564,103,0.8173758865248227,50,40,raw_ast_recursive,0.000646500033326447,4.4899992644786835e-05,5.22250120411627e-05,1.0,0.008068600029218942,0.0010069499840028584,0.0009705499978736043,0.006722800026182085,0.0010380999301560223,1.0,0.0,0.0,,,,,,,,,,,auto,,,,,,,skipped,,,,12.480432503156178
12,8,mixed_no_constants,8,eval_expr_tt,eval_expr_tt,family_n12_t8_seed20260826,8,composition_mix,50,60.5,112,12,12.0,0.799660441426146,b72dc5c6bfc12cf65a9c082196e7a586;ed524f9054c07b9b38cca3643c0c2a1d;3c3c958f912cebe3147e9b3219eedfe1;9f2955f10dfd8ada1dc3282454974667;93d3cc8f4014aa1689047230a9afbcc3;8d7017a437233c7ef0d0c817122fd20c;95c758790cc51b3e7f842927e641d01d;3cf017fc88eb4c6c840ff93af7e2d2d1,b72dc5c6bfc12cf65a9c082196e7a586,4,0.15,high,589,121,0.7945670628183361,59,35,raw_ast_recursive,0.0005050000036135316,3.789999755099416e-05,4.141249519307166e-05,1.0,0.008806900004856288,0.0009467499912716448,0.001066850010829512,0.007523500011302531,0.001007900049444288,1.0,0.0,0.0,,,,,,,,,,,auto,,,,,,,skipped,,,,17.439405825422664
12,9,mixed_no_constants,8,eval_expr_tt,eval_expr_tt,family_n12_t9_seed20260826,8,composition_mix,49,62.5,134,12,12.0,0.770764119601329,13e5fb6dfdee6524f6c6c57283a4646d;98009a77d1b18fbb1875d5c8fe1eb16b;61bdcf35b5dd239d0a5c045bbe4f5467;31e77a19dc8cd7dd2fba673ec2713a85;8c7dc467d5c5ed29f7386e4d1dea9a04;4501f2a7b9c6d352dc34fcd1e6f4cddd;1282c8b66ed529cc3dcf2849b1e729d8;a9e7b4ac3b4c496effc288aad4cdde66,13e5fb6dfdee6524f6c6c57283a4646d,4,0.15,high,602,128,0.7873754152823921,56,46,raw_ast_recursive,0.0005917999660596251,4.610000178217888e-05,4.805000207852572e-05,1.0,0.007997400010935962,0.0008372500014957041,0.0009675124965724535,0.006715499970596284,0.001021500036586076,1.0,0.0,0.0,,,,,,,,,,,auto,,,,,,,skipped,,,,13.513687849941862
12,10,mixed_no_constants,8,eval_expr_tt,eval_expr_tt,family_n12_t10_seed20260826,8,composition_mix,48,58.5,101,12,12.0,0.8082437275985663,099703b9428b1cded2888786a59ff91a;2f56c1aa509075dbc8e02c57acd63435;3d581be7136f032bbeb07dd80cefdd2d;c7f22f015d980bf7ddd7ba0b0e5bff5e;2288c7a9e543b09efbd527d613419018;5d8ac8eaf68929cc687b11d7104be09c;1adbd4c65a4befe52af7d20c4adb9548;78248f8939fc0643532d221da38dea0c,099703b9428b1cded2888786a59ff91a,4,0.15,high,558,114,0.7956989247311828,49,45,raw_ast_recursive,0.000507200020365417,3.854997339658439e-05,4.076249751960859e-05,1.0,0.006951100018341094,0.0007778500148560852,0.0008427624998148531,0.005834300071001053,0.0009050999651663005,1.0,0.0,0.0,,,,,,,,,,,auto,,,,,,,skipped,,,,13.70484964360433
12,11,mixed_no_constants,8,eval_expr_tt,eval_expr_tt,family_n12_t11_seed20260826,8,composition_mix,50,62.0,126,12,12.0,0.8093645484949833,fa61363ba31a7f8bf388db2b503fb093;3dde2c8dafdbe8ab0529ced6c2d7b4da;ed37294c21555c9f3a92a866fd99f024;3282dbbaf1c373b2445e272e922140b4;043a2def3f7830f0e18c7d87afbb1ac5;277ef0e03b1215fc37aa0170daa0f8a5;5ee42e1c969dcd74ce3715b9b670e3be;f073cb6bf6018d1953ad188d30248def,fa61363ba31a7f8bf388db2b503fb093,4,0.15,high,598,119,0.8010033444816054,53,41,raw_ast_recursive,0.00047800003085285425,3.674998879432678e-05,3.9375001506414264e-05,1.0,0.008093900047242641,0.0008643000037409365,0.0009778000094229355,0.006835500069428235,0.000983299978543073,1.0,0.0,0.0,,,,,,,,,,,auto,,,,,,,skipped,,,,16.932844194175875
12,12,mixed_no_constants,8,eval_expr_tt,eval_expr_tt,family_n12_t12_seed20260826,8,composition_mix,51,61.5,121,12,12.0,0.8252911813643927,f0f495008bfd5b4a42667381fd2bd0d8;111bdcd3152efe0ceb26397d61f37f0e;822707e41f2a42fb18e68d5d4728e484;adac8d3181cf1bec11f328548b75d1af;7fc7be40673072d25e10bc0530d40e02;6a238da8fa9ec172755993970e39bbf1;1d1dd1c780261bb594e2dd9f5e1b6ede;b086fbea553075563b8338278c145b10,f0f495008bfd5b4a42667381fd2bd0d8,4,0.15,high,601,123,0.7953410981697171,56,37,raw_ast_recursive,0.0005226000212132931,4.159999662078917e-05,4.421248740982264e-05,1.0,0.007529299997258931,0.0008139000274240971,0.0009092875043279491,0.006248000077903271,0.0010230999323539436,1.0,0.0,0.0,,,,,,,,,,,auto,,,,,,,skipped,,,,14.407385556124837
12,13,mixed_no_constants,8,eval_expr_tt,eval_expr_tt,family_n12_t13_seed20260826,8,composition_mix,47,59.0,127,12,12.0,0.7816291161178509,15683c71b4461f07d4454a7b32e8aec9;fdfc78bffde05037b60b2969444b5aaf;3cf5ab5792db9704e2b593b294326985;ff173b794abc27097503c81998aa2ab9;7018c6ec510ed9a51db0321069f2f430;13cfdc6fac0f9be2fa4b4aef7681dc3c;c1135f7161bafb9fe3172189a79cb0c7;b3aba16f60e9c96e0ee5d6ae0ff74938,15683c71b4461f07d4454a7b32e8aec9,4,0.15,high,577,119,0.7937608318890814,58,36,raw_ast_recursive,0.0004810999962501228,3.960001049563289e-05,4.056251054862514e-05,1.0,0.006296299980022013,0.0007215500227175653,0.0007631625048816204,0.005237800185568631,0.0008648998336866498,1.0,0.0,0.0,,,,,,,,,,,auto,,,,,,,skipped,,,,13.087299998124676
12,14,mixed_no_constants,8,eval_expr_tt,eval_expr_tt,family_n12_t14_seed20260826,8,composition_mix,50,62.0,128,12,12.0,0.8082644628099174,b3c3249974009b02aebf28c1fa6559db;0e0fb3ad5abdc946f627b90f723d4b85;c1138c1baed00bfe70b4712bc3dbbaa3;63df5414b0ae843818b36dd12100c8ec;5194119b643775f26158884d3dcdf8c9;a69e60d2f844e4c5ef803c993b56daeb;a6aae80b04132f7fb002ebbbe2730ebe;5933a60e1dbf94bdfdd672401176b181,b3c3249974009b02aebf28c1fa6559db,4,0.15,high,605,119,0.8033057851239669,55,36,raw_ast_recursive,0.0007822000188753009,5.8200006606057286e-05,6.743750418536365e-05,1.0,0.010839900001883507,0.0012282000097911805,0.0012855375025537796,0.008835299930069596,0.0014436000492423773,1.0,0.0,0.0,,,,,,,,,,,auto,,,,,,,skipped,,,,13.858220071983423
12,15,mixed_no_constants,8,eval_expr_tt,eval_expr_tt,family_n12_t15_seed20260826,8,composition_mix,48,58.0,90,12,12.0,0.8081395348837209,fb1afe38731694341950b05a22c43109;5930e3dd6cd86464356ca8c4c718622a;e4ed581564064c53c258f9b5506bc4c3;9b2e942b22eff49b2e3c102284c4ea5d;e539b71c6adbebc91b99a7148854c82b;9d621aff1ae637b773b331b8a18c11c2;c03389a0c2127e60e5ac04ac7a9272ec;0ad936f5bf1ec27016cd65141367eb49,fb1afe38731694341950b05a22c43109,4,0.15,high,516,110,0.7868217054263565,48,42,raw_ast_recursive,0.00046690000453963876,3.4450029488652945e-05,3.87250111089088e-05,1.0,0.008078899991232902,0.0010337999847251922,0.0009707999997772276,0.006574199942406267,0.0011885000858455896,1.0,0.0,0.0,,,,,,,,,,,auto,,,,,,,skipped,,,,17.30327674594619
12,16,mixed_no_constants,8,eval_expr_tt,eval_expr_tt,family_n12_t16_seed20260826,8,composition_mix,49,61.0,121,12,12.0,0.8191126279863481,77b77aaf9db370c3509afb76446d6800;4b51be58719f6655e5752f80358fe2ff;157bae5aa5b474d41a5a454dfce93a50;990c8e831fdb29b806c43cb7d4badaa1;4618b32e5595010da9c546b04ad4bd2a;a87b268ee1af736dce19ab52c6168902;769b3d41e7ff01313a6874ec9ce00df4;a7e8156bbbb715a5b74408986b1709cd,77b77aaf9db370c3509afb76446d6800,4,0.15,high,586,109,0.8139931740614335,53,40,raw_ast_recursive,0.00048099999548867345,3.689998993650079e-05,3.8387501263059676e-05,1.0,0.007041600008960813,0.0008523500000592321,0.000852337499964051,0.005911399959586561,0.0009043000172823668,1.0,0.0,0.0,,,,,,,,,,,auto,,,,,,,skipped,,,,14.63950119543531
